-- phpMyAdmin SQL Dump
-- version 4.7.7
-- https://www.phpmyadmin.net/
--
-- Хост: 127.0.0.1:3306
-- Час створення: Чрв 09 2018 р., 05:23
-- Версія сервера: 5.6.38-log
-- Версія PHP: 7.2.0

SET SQL_MODE = "NO_AUTO_VALUE_ON_ZERO";
SET AUTOCOMMIT = 0;
START TRANSACTION;
SET time_zone = "+00:00";


/*!40101 SET @OLD_CHARACTER_SET_CLIENT=@@CHARACTER_SET_CLIENT */;
/*!40101 SET @OLD_CHARACTER_SET_RESULTS=@@CHARACTER_SET_RESULTS */;
/*!40101 SET @OLD_COLLATION_CONNECTION=@@COLLATION_CONNECTION */;
/*!40101 SET NAMES utf8mb4 */;

--
-- База даних: `db_sfs`
--

-- --------------------------------------------------------

--
-- Структура таблиці `blank`
--

CREATE TABLE `blank` (
  `id` int(11) NOT NULL,
  `name` varchar(255) CHARACTER SET utf8 NOT NULL,
  `file` varchar(255) CHARACTER SET utf8 NOT NULL,
  `type` int(2) NOT NULL
) ENGINE=InnoDB DEFAULT CHARSET=utf8mb4 COMMENT='Таблиця бланків та запитів';

--
-- Дамп даних таблиці `blank`
--

INSERT INTO `blank` (`id`, `name`, `file`, `type`) VALUES
(1, 'ПОДАТКОВА ДЕКЛАРАЦІЯ ПЛАТНИКА ЄДИНОГО ПОДАТКУ ФІЗИЧНОЇ ОСОБИ – ПІДПРИЄМЦЯ ', 'edin.xls', 0),
(2, 'ПОДАТКОВА ДЕКЛАРАЦІЯ ПРО МАЙНОВИЙ СТАН І ДОХОДИ', 'mainov_stan.xls', 0),
(3, 'ЗАЯВА про відсутність заборгованості з податків і зборів\r\n', 'vidsutn_zaborg.doc', 1),
(4, 'ЗАПИТ про отримання витягу з реєстру платників єдиного податку \r\n', 'zapit_edin.doc', 1),
(5, 'ДЕКЛАРАЦІЯ АКЦИЗНОГО ПОДАТКУ ', 'akciz.xls', 0),
(6, 'ЗАПИТ про отримання витягу з реєстру платників податку на додану вартість \r\n', 'zapit_pdv.doc', 1),
(7, 'Інсталяційний пакет \"ІІТ Користувач ЦСК-1.3.1\"', 'EUInstall.zip', 2),
(8, 'Спеціалізоване клієнтське програмне забезпечення для формування звітності ', 'edzv.zip', 2),
(9, 'Безкоштовна програма для формування звітності', 'FreeZvit.zip', 2);

-- --------------------------------------------------------

--
-- Структура таблиці `city`
--

CREATE TABLE `city` (
  `id` int(11) NOT NULL,
  `region` int(11) DEFAULT NULL,
  `city` varchar(100) CHARACTER SET utf8 COLLATE utf8_unicode_ci NOT NULL
) ENGINE=InnoDB DEFAULT CHARSET=utf8 ROW_FORMAT=COMPACT;

--
-- Дамп даних таблиці `city`
--

INSERT INTO `city` (`id`, `region`, `city`) VALUES
(1, 16, 'Абазовка'),
(2, 15, 'Авангард'),
(3, 5, 'Авдеевка'),
(4, 1, 'Аграрное'),
(5, 2, 'Агрономичное'),
(6, 14, 'Агрономия'),
(7, 22, 'Адамполь'),
(8, 11, 'Аджамка'),
(9, 1, 'Азовское'),
(10, 8, 'Акимовка'),
(11, 11, 'Александрия'),
(12, 11, 'Александровка'),
(13, 5, 'Александровка'),
(14, 12, 'Александровка'),
(15, 15, 'Александровка'),
(16, 15, 'Александровка'),
(17, 20, 'Александровка'),
(18, 10, 'Александровка'),
(19, 12, 'Александровск'),
(20, 4, 'Александрополь'),
(21, 4, 'Алексеевка'),
(22, 5, 'Алексеево-Дружковка'),
(23, 12, 'Алмазная'),
(24, 18, 'Алтыновка'),
(25, 1, 'Алупка'),
(26, 1, 'Алушта'),
(27, 12, 'Алчевск'),
(28, 5, 'Амвросиевка'),
(29, 15, 'Ананьев'),
(30, 7, 'Андреевка'),
(31, 6, 'Андреевка'),
(32, 8, 'Андреевка'),
(33, 4, 'Андреевка'),
(34, 4, 'Андреевка'),
(35, 18, 'Андрияшивка'),
(36, 6, 'Андрушевка'),
(37, 6, 'Андрушки'),
(38, 22, 'Аннополь'),
(39, 7, 'Анталовцы'),
(40, 21, 'Антоновка'),
(41, 17, 'Антоновка'),
(42, 17, 'Антополь'),
(43, 12, 'Антрацит'),
(44, 4, 'Апостолово'),
(45, 14, 'Арбузинка'),
(46, 1, 'Армянск'),
(47, 5, 'Артема'),
(48, 16, 'Артемовка'),
(49, 5, 'Артемово'),
(50, 12, 'Артемовск'),
(51, 5, 'Артемовск'),
(52, 5, 'Артемовское'),
(53, 15, 'Арциз'),
(54, 21, 'Аскания-Нова'),
(55, 4, 'Аулы'),
(56, 18, 'Ахтырка'),
(57, 1, 'Аэрофлотский'),
(58, 20, 'Бабаи'),
(59, 23, 'Бабанка'),
(60, 2, 'Бабин'),
(61, 17, 'Бабин'),
(62, 10, 'Бабинцы'),
(63, 1, 'Багерово'),
(64, 10, 'Багрин'),
(65, 17, 'Базальтовое'),
(66, 23, 'Байбузы'),
(67, 19, 'Байковцы'),
(68, 12, 'Байрачки'),
(69, 8, 'Балабино'),
(70, 20, 'Балаклея'),
(71, 2, 'Балки'),
(72, 4, 'Баловка'),
(73, 14, 'Баловное'),
(74, 15, 'Балта'),
(75, 14, 'Бандурка'),
(76, 18, 'Баничи'),
(77, 13, 'Баня лысовицкая'),
(78, 2, 'Бар'),
(79, 7, 'Баранинцы'),
(80, 6, 'Барановка'),
(81, 20, 'Барвенково'),
(82, 7, 'Барвинок'),
(83, 14, 'Бармашово'),
(84, 10, 'Барышевка'),
(85, 13, 'Басовка'),
(86, 24, 'Батурин'),
(87, 7, 'Батьево'),
(88, 22, 'Бахматовцы'),
(89, 24, 'Бахмач'),
(90, 5, 'Бахмутское'),
(91, 1, 'Бахчисарай'),
(92, 14, 'Баштанка'),
(93, 7, 'Бедевля'),
(94, 20, 'Безлюдовка'),
(95, 10, 'Безпятное'),
(96, 24, 'Безугловка'),
(97, 19, 'Белая'),
(98, 5, 'Белая гора'),
(99, 6, 'Белая Криница'),
(100, 17, 'Белая криница'),
(101, 10, 'Белая Церковь'),
(102, 15, 'Белгород-Днестровский'),
(103, 13, 'Белз'),
(104, 16, 'Белики'),
(105, 3, 'Белин'),
(106, 15, 'Белино'),
(107, 5, 'Белицкое'),
(108, 7, 'Белки'),
(109, 19, 'Белобожница'),
(110, 12, 'Беловодск'),
(111, 18, 'Беловоды'),
(112, 1, 'Белоглинка'),
(113, 10, 'Белогородка'),
(114, 1, 'Белогорск'),
(115, 22, 'Белогорье'),
(116, 12, 'Белое'),
(117, 21, 'Белозерка'),
(118, 5, 'Белозерское'),
(119, 23, 'Белозорье'),
(120, 19, 'Белокриница'),
(121, 5, 'Белокузьминовка'),
(122, 12, 'Белокуракино'),
(123, 18, 'Белополье'),
(124, 12, 'Белореченский'),
(125, 24, 'Белошицкая слобода'),
(126, 20, 'Белый колодезь'),
(127, 15, 'Беляевка'),
(128, 6, 'Бердичев'),
(129, 8, 'Бердянск'),
(130, 8, 'Бердянское'),
(131, 7, 'Берегово'),
(132, 25, 'Берегомет'),
(133, 19, 'Бережаны'),
(134, 11, 'Бережинка'),
(135, 18, 'Береза'),
(136, 14, 'Березанка'),
(137, 24, 'Березанка'),
(138, 10, 'Березань'),
(139, 13, 'Березина'),
(140, 15, 'Березино'),
(141, 24, 'Березна'),
(142, 14, 'Березнеговатое'),
(143, 17, 'Березно'),
(144, 20, 'Березовка'),
(145, 15, 'Березовка'),
(146, 7, 'Березово'),
(147, 20, 'Берека'),
(148, 3, 'Берестечко'),
(149, 17, 'Берестовец'),
(150, 21, 'Берислав'),
(151, 2, 'Бершадь'),
(152, 10, 'Беспечная'),
(153, 6, 'Бехи'),
(154, 16, 'Биологичное'),
(155, 20, 'Бирки'),
(156, 13, 'Бисковичи'),
(157, 1, 'Ближнее'),
(158, 20, 'Близнюки'),
(159, 10, 'Блиставица'),
(160, 24, 'Бобрик'),
(161, 12, 'Бобриково'),
(162, 11, 'Бобринец'),
(163, 13, 'Бобрка'),
(164, 24, 'Бобровица'),
(165, 12, 'Боброво'),
(166, 7, 'Богдан'),
(167, 11, 'Богдановка'),
(168, 18, 'Богдановка'),
(169, 10, 'Богдановка'),
(170, 10, 'Богдановка'),
(171, 22, 'Богдановцы'),
(172, 20, 'Богодухов'),
(173, 9, 'Богородчаны'),
(174, 5, 'Богоявленка'),
(175, 4, 'Богуслав'),
(176, 10, 'Богуслав'),
(177, 9, 'Боднаров'),
(178, 16, 'Божковское'),
(179, 19, 'Боков'),
(180, 15, 'Болград'),
(181, 9, 'Болехов'),
(182, 11, 'Большая Виска'),
(183, 17, 'Большой Олексин'),
(184, 1, 'Бондаренково'),
(185, 6, 'Бондари'),
(186, 6, 'Бондаривка'),
(187, 3, 'Боратин'),
(188, 24, 'Борзна'),
(189, 13, 'Борислав'),
(190, 10, 'Борисполь'),
(191, 16, 'Борки'),
(192, 13, 'Борки'),
(193, 20, 'Боровая'),
(194, 10, 'Боровая'),
(195, 12, 'Боровеньки'),
(196, 12, 'Боровское'),
(197, 25, 'Боровцы'),
(198, 10, 'Бородянка'),
(199, 21, 'Борозенское'),
(200, 18, 'Боромля'),
(201, 24, 'Боромыки'),
(202, 7, 'Боронява'),
(203, 10, 'Бортничи'),
(204, 19, 'Борщев'),
(205, 15, 'Борщи'),
(206, 2, 'Бохоники'),
(207, 25, 'Бояны'),
(208, 10, 'Боярка'),
(209, 4, 'Брагиновка'),
(210, 4, 'Брагиновка'),
(211, 2, 'Браилов'),
(212, 14, 'Братское'),
(213, 4, 'Братское'),
(214, 2, 'Брацлав'),
(215, 24, 'Бригинцы'),
(216, 21, 'Брилевка'),
(217, 15, 'Бритовка'),
(218, 10, 'Бровары'),
(219, 2, 'Бродецкое'),
(220, 13, 'Броды'),
(221, 6, 'Броницкая Гута'),
(222, 9, 'Брошнив'),
(223, 9, 'Брошнив-осада'),
(224, 6, 'Брусилов'),
(225, 13, 'Брюховичи'),
(226, 12, 'Брянка'),
(227, 17, 'Бугаевка'),
(228, 17, 'Бугрин'),
(229, 14, 'Бугское'),
(230, 19, 'Буданов'),
(231, 18, 'Будивельное'),
(232, 18, 'Будилка'),
(233, 23, 'Будище'),
(234, 23, 'Будки'),
(235, 20, 'Буды'),
(236, 23, 'Бужанка'),
(237, 10, 'Бузовая'),
(238, 23, 'Бузуков'),
(239, 18, 'Буймеровка'),
(240, 15, 'Бурлача балка'),
(241, 22, 'Буртын'),
(242, 9, 'Бурштын'),
(243, 18, 'Бурынь'),
(244, 13, 'Буск'),
(245, 16, 'Бутенки'),
(246, 3, 'Буцин'),
(247, 10, 'Буча'),
(248, 13, 'Бучалы'),
(249, 19, 'Бучач'),
(250, 7, 'Буштыно'),
(251, 6, 'Быковка'),
(252, 5, 'Былбасовка'),
(253, 6, 'Быстрик'),
(254, 17, 'Быстричи'),
(255, 2, 'В.Киреевка'),
(256, 20, 'Валки'),
(257, 4, 'Валовое'),
(258, 12, 'Валуйское'),
(259, 25, 'Валя кузьмина'),
(260, 23, 'Валява'),
(261, 13, 'Ваньковичи'),
(262, 2, 'Вапнярка'),
(263, 24, 'Варва'),
(264, 19, 'Варваринцы'),
(265, 17, 'Варковичи'),
(266, 7, 'Вары'),
(267, 8, 'Васильевка'),
(268, 23, 'Васильков'),
(269, 10, 'Васильков'),
(270, 4, 'Васильковка'),
(271, 20, 'Васищево'),
(272, 6, 'Васьковичи'),
(273, 23, 'Ватутино'),
(274, 20, 'Ватутино'),
(275, 12, 'Вахрушево'),
(276, 25, 'Вашковцы'),
(277, 20, 'Введенка'),
(278, 21, 'Великая Александровка'),
(279, 16, 'Великая Багачка'),
(280, 7, 'Великая бакта'),
(281, 8, 'Великая Белозерка'),
(282, 19, 'Великая Березовица'),
(283, 3, 'Великая глуша'),
(284, 13, 'Великая горожанка'),
(285, 7, 'Великая добронь'),
(286, 24, 'Великая дорога'),
(287, 24, 'Великая дочь'),
(288, 21, 'Великая кардашинка'),
(289, 16, 'Великая круча'),
(290, 21, 'Великая Лепетиха'),
(291, 15, 'Великая Михайловка'),
(292, 5, 'Великая Новоселка'),
(293, 17, 'Великая омеляна'),
(294, 18, 'Великая Писаревка'),
(295, 11, 'Великая северинка'),
(296, 18, 'Великая чернеччина'),
(297, 23, 'Великая яблоновка'),
(298, 19, 'Великие Борки'),
(299, 18, 'Великие вильмы'),
(300, 19, 'Великие гаи'),
(301, 13, 'Великие Глебовичи'),
(302, 10, 'Великие гуляки'),
(303, 19, 'Великие Дедеркалы'),
(304, 21, 'Великие копаны'),
(305, 6, 'Великие Коровинцы'),
(306, 16, 'Великие крынки'),
(307, 7, 'Великие лазы'),
(308, 7, 'Великие лучки'),
(309, 13, 'Великие Мосты'),
(310, 6, 'Великие низгорцы'),
(311, 20, 'Великие проходы'),
(312, 17, 'Великий алексин'),
(313, 7, 'Великий Березный'),
(314, 20, 'Великий Бурлук'),
(315, 7, 'Великий Бычков'),
(316, 19, 'Великий Глубочек'),
(317, 17, 'Великий житин'),
(318, 25, 'Великий кучуров'),
(319, 13, 'Великий Любень'),
(320, 2, 'Великий мытник'),
(321, 3, 'Великий омеляник'),
(322, 15, 'Великодолинское'),
(323, 13, 'Великое колодно'),
(324, 13, 'Великоселки'),
(325, 12, 'Великоцк'),
(326, 11, 'Вельшанка'),
(327, 2, 'Вендичаны'),
(328, 10, 'Веприк'),
(329, 22, 'Вербка'),
(330, 4, 'Вербки'),
(331, 11, 'Верблюжка'),
(332, 9, 'Вербовец'),
(333, 23, 'Вербовец'),
(334, 12, 'Вергулевка'),
(335, 23, 'Вергуны'),
(336, 17, 'Вересневое'),
(337, 6, 'Вересы'),
(338, 24, 'Вертиевка'),
(339, 4, 'Верхнеднепровск'),
(340, 7, 'Верхнее водяное'),
(341, 13, 'Верхнее синевидное'),
(342, 1, 'Верхнесадовое'),
(343, 21, 'Верхние серогозы'),
(344, 21, 'Верхний Рогачик'),
(345, 9, 'Верхний струтинь'),
(346, 8, 'Верхний токмак первый'),
(347, 23, 'Верхнячка'),
(348, 8, 'Верхняя криница'),
(349, 18, 'Верхняя сыроватка'),
(350, 17, 'Верхов'),
(351, 9, 'Верховина'),
(352, 4, 'Верховцево'),
(353, 14, 'Веселиново'),
(354, 8, 'Веселое'),
(355, 21, 'Веселое'),
(356, 4, 'Веселое'),
(357, 14, 'Весняное'),
(358, 25, 'Виженка'),
(359, 25, 'Вижница'),
(360, 15, 'Визирка'),
(361, 1, 'Вилино'),
(362, 15, 'Вилково'),
(363, 2, 'Вилы'),
(364, 23, 'Вильховец'),
(365, 13, 'Винники'),
(366, 13, 'Винники'),
(367, 2, 'Винница'),
(368, 10, 'Винницкие ставы'),
(369, 2, 'Винницкие хутора'),
(370, 1, 'Виноградное'),
(371, 7, 'Виноградов'),
(372, 22, 'Виньковцы'),
(373, 10, 'Вита-почтовая'),
(374, 1, 'Витино'),
(375, 11, 'Витязевка'),
(376, 19, 'Вишневец'),
(377, 4, 'Вишневое'),
(378, 10, 'Вишневое'),
(379, 12, 'Вишневое'),
(380, 22, 'Вишневчик'),
(381, 3, 'Владимир-Волынский'),
(382, 17, 'Владимирец'),
(383, 17, 'Владимирец'),
(384, 20, 'Владимировка'),
(385, 5, 'Владимировка'),
(386, 11, 'Владимировка'),
(387, 11, 'Владимировка'),
(388, 8, 'Владимировское'),
(389, 11, 'Власовка'),
(390, 7, 'Водица'),
(391, 14, 'Вознесенск'),
(392, 23, 'Вознесенское'),
(393, 1, 'Войково'),
(394, 11, 'Войновка'),
(395, 11, 'Войновка'),
(396, 2, 'Войтовка'),
(397, 12, 'Войтово'),
(398, 22, 'Войтовцы'),
(399, 22, 'Волковинцы'),
(400, 5, 'Волноваха'),
(401, 7, 'Воловец'),
(402, 10, 'Володарка'),
(403, 12, 'Володарск'),
(404, 6, 'Володарск-Волынский'),
(405, 5, 'Володарское'),
(406, 4, 'Волосское'),
(407, 22, 'Волочиск'),
(408, 20, 'Волчанск'),
(409, 9, 'Волчинец'),
(410, 9, 'Волчковцы'),
(411, 4, 'Вольногорск'),
(412, 4, 'Вольное'),
(413, 8, 'Вольнянск'),
(414, 13, 'Воля-бартатовская'),
(415, 13, 'Воля-высоцкая'),
(416, 3, 'Воля-ковельская'),
(417, 10, 'Ворзель'),
(418, 18, 'Ворожба'),
(419, 18, 'Воронеж'),
(420, 9, 'Воронов'),
(421, 25, 'Вороновица'),
(422, 2, 'Вороновица'),
(423, 13, 'Вороняки'),
(424, 9, 'Ворохта'),
(425, 14, 'Воскресенск'),
(426, 1, 'Восход'),
(427, 14, 'Врадиевка'),
(428, 3, 'Всеволодовка'),
(429, 13, 'Вузлове'),
(430, 13, 'Выбрановка'),
(431, 9, 'Выгода'),
(432, 15, 'Выгода'),
(433, 4, 'Выдвиженец'),
(434, 7, 'Вылок'),
(435, 20, 'Высокий'),
(436, 8, 'Высокогорное'),
(437, 21, 'Высокополье'),
(438, 17, 'Высоцк'),
(439, 4, 'Высшетарасовка'),
(440, 10, 'Вышгород'),
(441, 6, 'Вышевичи'),
(442, 2, 'Вышеольчедаев'),
(443, 7, 'Вышково'),
(444, 18, 'Вязовое'),
(445, 21, 'Гавриловка'),
(446, 9, 'Гавриловка'),
(447, 2, 'Гавришовка'),
(448, 16, 'Гадяч'),
(449, 21, 'Гаевое'),
(450, 11, 'Гайворон'),
(451, 2, 'Гайсин'),
(452, 9, 'Галич'),
(453, 16, 'Галяво'),
(454, 7, 'Ганичи'),
(455, 6, 'Ганнополь'),
(456, 23, 'Гарбузин'),
(457, 1, 'Гаспра'),
(458, 10, 'Гатное'),
(459, 4, 'Гвардейское'),
(460, 1, 'Гвардейское'),
(461, 22, 'Гвардейское'),
(462, 9, 'Гвоздец'),
(463, 23, 'Гельмязов'),
(464, 21, 'Гениченская горка'),
(465, 21, 'Геническ'),
(466, 5, 'Георгиевка'),
(467, 18, 'Герасимовка'),
(468, 1, 'Геройское'),
(469, 23, 'Геронимовка'),
(470, 25, 'Герца'),
(471, 9, 'Герыня'),
(472, 10, 'Глеваха'),
(473, 25, 'Глинница'),
(474, 13, 'Глиняны'),
(475, 16, 'Глобино'),
(476, 12, 'Глубокий'),
(477, 7, 'Глубокий поток'),
(478, 6, 'Глубочица'),
(479, 18, 'Глухов'),
(480, 2, 'Глуховцы'),
(481, 25, 'Глыбокая'),
(482, 24, 'Гнединцы'),
(483, 2, 'Гнивань'),
(484, 10, 'Гнидын'),
(485, 19, 'Гнилички'),
(486, 10, 'Гоголев'),
(487, 16, 'Гоголево'),
(488, 16, 'Гожулы'),
(489, 21, 'Голая Пристань'),
(490, 3, 'Голобы'),
(491, 11, 'Голованевск'),
(492, 6, 'Головино'),
(493, 11, 'Головковка'),
(494, 22, 'Головчинцы'),
(495, 4, 'Голубовка'),
(496, 1, 'Голубой Залив'),
(497, 2, 'Гоноривка'),
(498, 20, 'Гонтов яр'),
(499, 16, 'Горбаневка'),
(500, 10, 'Горенка'),
(501, 13, 'Горишний'),
(502, 5, 'Горловка'),
(503, 13, 'Горное'),
(504, 5, 'Горное'),
(505, 21, 'Горностаевка'),
(506, 11, 'Горный'),
(507, 13, 'Горняк'),
(508, 5, 'Горняк'),
(509, 5, 'Горняцкое'),
(510, 9, 'Городенка'),
(511, 23, 'Городище'),
(512, 10, 'Городище-Пустоваровка'),
(513, 2, 'Городковка'),
(514, 6, 'Городница'),
(515, 24, 'Городня'),
(516, 3, 'Городок'),
(517, 17, 'Городок'),
(518, 22, 'Городок'),
(519, 13, 'Городок'),
(520, 7, 'Горонглаб'),
(521, 3, 'Горохов'),
(522, 14, 'Гороховка'),
(523, 12, 'Горское'),
(524, 6, 'Горщик'),
(525, 3, 'Горькая полонка'),
(526, 4, 'Горького'),
(527, 11, 'Гостинное'),
(528, 13, 'Гостинцово'),
(529, 10, 'Гостомель'),
(530, 17, 'Гоща'),
(531, 13, 'Грабовец'),
(532, 16, 'Градижск'),
(533, 5, 'Гранитное'),
(534, 17, 'Гранитное'),
(535, 4, 'Гранитное'),
(536, 16, 'Гребенка'),
(537, 10, 'Гребенки'),
(538, 13, 'Гребенов'),
(539, 7, 'Гребля'),
(540, 15, 'Григоровка'),
(541, 10, 'Григорьевка'),
(542, 19, 'Гримайлов'),
(543, 22, 'Грицев'),
(544, 5, 'Гришино'),
(545, 6, 'Гришковцы'),
(546, 6, 'Грозино'),
(547, 22, 'Грузевица'),
(548, 4, 'Грузское'),
(549, 7, 'Грушево'),
(550, 11, 'Грушка'),
(551, 22, 'Грушка'),
(552, 1, 'Грэсовский'),
(553, 13, 'Гряда'),
(554, 18, 'Грязное'),
(555, 4, 'Губиниха'),
(556, 6, 'Гуйва'),
(557, 6, 'Гульск'),
(558, 8, 'Гуляйполе'),
(559, 22, 'Гуменцы'),
(560, 4, 'Гупаловка'),
(561, 1, 'Гурзуф'),
(562, 10, 'Гуровщина'),
(563, 19, 'Гусятин'),
(564, 20, 'Гуты'),
(565, 22, 'Давыдковцы'),
(566, 13, 'Давыдов'),
(567, 1, 'Далекое'),
(568, 24, 'Даниловка'),
(569, 21, 'Дарьевка'),
(570, 20, 'Дачное'),
(571, 13, 'Дашава'),
(572, 2, 'Дашев'),
(573, 2, 'Дашев'),
(574, 16, 'Дашковка'),
(575, 23, 'Дашуковка'),
(576, 20, 'Двуречная'),
(577, 5, 'Дебальцево'),
(578, 11, 'Девичье поле'),
(579, 4, 'Девладово'),
(580, 3, 'Дедычи'),
(581, 7, 'Деловое'),
(582, 9, 'Делятин'),
(583, 10, 'Демидов'),
(584, 17, 'Демидовка'),
(585, 9, 'Демьянов'),
(586, 10, 'Дениховка'),
(587, 23, 'Деньги'),
(588, 17, 'Деражное'),
(589, 22, 'Деражня'),
(590, 20, 'Дергачи'),
(591, 2, 'Деребчин'),
(592, 11, 'Дериевка'),
(593, 3, 'Дерно'),
(594, 1, 'Джанкой'),
(595, 2, 'Джурин'),
(596, 9, 'Джуров'),
(597, 9, 'Дзвиняч'),
(598, 23, 'Дзензеловка'),
(599, 6, 'Дзержинск'),
(600, 5, 'Дзержинск'),
(601, 12, 'Дзержинский'),
(602, 12, 'Дзержинское'),
(603, 15, 'Дзинилор'),
(604, 2, 'Дзыговка'),
(605, 7, 'Диброва'),
(606, 10, 'Диброва'),
(607, 16, 'Диканька'),
(608, 5, 'Димитров'),
(609, 11, 'Димитрово'),
(610, 10, 'Дмитровка'),
(611, 24, 'Дмитровка'),
(612, 4, 'Дмитровка'),
(613, 1, 'Днепровка'),
(614, 4, 'Днепровское'),
(615, 4, 'Днепродзержинск'),
(616, 4, 'Днепропетровск'),
(617, 8, 'Днепрорудное'),
(618, 21, 'Днепряны'),
(619, 11, 'Добровеличковка'),
(620, 9, 'Добровляны'),
(621, 1, 'Доброе'),
(622, 13, 'Добромиль'),
(623, 5, 'Доброполье'),
(624, 13, 'Добротвор'),
(625, 24, 'Добрянка'),
(626, 7, 'Добрянское'),
(627, 13, 'Добряны'),
(628, 6, 'Довбыш'),
(629, 10, 'Довгалевское'),
(630, 22, 'Довжок'),
(631, 5, 'Докучаевск'),
(632, 7, 'Долгое'),
(633, 19, 'Должанка'),
(634, 6, 'Должик'),
(635, 5, 'Долина'),
(636, 9, 'Долина'),
(637, 5, 'Долиновка'),
(638, 11, 'Долинская'),
(639, 8, 'Долинское'),
(640, 9, 'Долишнее залучье'),
(641, 14, 'Доманевка'),
(642, 5, 'Донецк'),
(643, 5, 'Донецкое'),
(644, 5, 'Донское'),
(645, 1, 'Донское'),
(646, 5, 'Дорожное'),
(647, 10, 'Дослидницкое'),
(648, 4, 'Дослидное'),
(649, 23, 'Драбов'),
(650, 23, 'Драбово-барятинское'),
(651, 7, 'Драгово'),
(652, 9, 'Драгомирчаны'),
(653, 5, 'Дробышево'),
(654, 13, 'Дрогобыч'),
(655, 19, 'Дружба'),
(656, 18, 'Дружба'),
(657, 6, 'Дружба'),
(658, 8, 'Дружелюбовка'),
(659, 5, 'Дружковка'),
(660, 9, 'Дуба'),
(661, 3, 'Дубечно'),
(662, 23, 'Дубиевка'),
(663, 13, 'Дубина'),
(664, 13, 'Дубляны'),
(665, 13, 'Дубляны'),
(666, 17, 'Дубно'),
(667, 7, 'Дубовое'),
(668, 3, 'Дубовое'),
(669, 12, 'Дубовский'),
(670, 9, 'Дубовцы'),
(671, 18, 'Дубовязовка'),
(672, 7, 'Дубриничи'),
(673, 17, 'Дубровица'),
(674, 17, 'Дубы'),
(675, 13, 'Дулибы'),
(676, 7, 'Дулово'),
(677, 22, 'Дунаевцы'),
(678, 22, 'Дунаевцы'),
(679, 7, 'Дыйда'),
(680, 10, 'Дымер'),
(681, 1, 'Евпатория'),
(682, 9, 'Езуполь'),
(683, 14, 'Еланец'),
(684, 11, 'Елизаветградка'),
(685, 4, 'Елизарово'),
(686, 6, 'Емильчино'),
(687, 5, 'Енакиево'),
(688, 23, 'Ерки'),
(689, 12, 'Есауловка'),
(690, 2, 'Жабелевка'),
(691, 3, 'Жабка'),
(692, 23, 'Жашков'),
(693, 22, 'Жванец'),
(694, 13, 'Жвирка'),
(695, 5, 'Ждановка'),
(696, 2, 'Ждановка'),
(697, 4, 'Жданово'),
(698, 7, 'Ждениево'),
(699, 4, 'Желтые Воды'),
(700, 1, 'Желябовка'),
(701, 15, 'Жеребково'),
(702, 13, 'Жидачев'),
(703, 6, 'Житомир'),
(704, 2, 'Жмеринка'),
(705, 18, 'Жовтневое'),
(706, 16, 'Жовтневое'),
(707, 10, 'Жовтневое'),
(708, 18, 'Жовтневое'),
(709, 21, 'Жовтневое'),
(710, 3, 'Жовтневое'),
(711, 17, 'Жовтневое'),
(712, 13, 'Жолква'),
(713, 13, 'Жолква'),
(714, 13, 'Жулин'),
(715, 3, 'Журавичи'),
(716, 1, 'Журавки'),
(717, 2, 'Журавлевка'),
(718, 9, 'Заболотов'),
(719, 3, 'Забороль'),
(720, 11, 'Завалье'),
(721, 9, 'Завалье'),
(722, 7, 'Завидово'),
(723, 19, 'Заводское'),
(724, 9, 'Завой'),
(725, 9, 'Загвоздье'),
(726, 15, 'Загнитков'),
(727, 13, 'Загорное'),
(728, 7, 'Задельское'),
(729, 9, 'Заднестрянск'),
(730, 10, 'Зазимье'),
(731, 22, 'Закупное'),
(732, 3, 'Залесочье'),
(733, 19, 'Залещики'),
(734, 16, 'Зализничное'),
(735, 8, 'Зализничное'),
(736, 21, 'Зализный порт'),
(737, 19, 'Зализцы'),
(738, 24, 'Замглай'),
(739, 3, 'Замличи'),
(740, 5, 'Заможное'),
(741, 1, 'Заозерное'),
(742, 8, 'Запорожье'),
(743, 13, 'Запытов'),
(744, 2, 'Зарванцы'),
(745, 6, 'Заречаны'),
(746, 17, 'Заречное'),
(747, 3, 'Заречье'),
(748, 3, 'Заречье'),
(749, 25, 'Зарожаны'),
(750, 17, 'Заря'),
(751, 5, 'Заря'),
(752, 25, 'Заставна'),
(753, 19, 'Застеночное'),
(754, 16, 'Засулье'),
(755, 15, 'Затишье'),
(756, 15, 'Затока'),
(757, 20, 'Зачепиловка'),
(758, 19, 'Збараж'),
(759, 19, 'Зборов'),
(760, 23, 'Звенигородка'),
(761, 10, 'Згуровка'),
(762, 17, 'Здолбунов'),
(763, 3, 'Зеленая'),
(764, 4, 'Зеленодольск'),
(765, 18, 'Зеленый гай'),
(766, 13, 'Зелив'),
(767, 16, 'Зеньков'),
(768, 16, 'Зеньков'),
(769, 20, 'Зидьки'),
(770, 13, 'Зимняя Вода'),
(771, 12, 'Зимогорье'),
(772, 22, 'Зиньков'),
(773, 17, 'Зирне'),
(774, 4, 'Златоустовка'),
(775, 20, 'Змиев'),
(776, 3, 'Змиенец'),
(777, 11, 'Знаменка'),
(778, 7, 'Зняцево'),
(779, 11, 'Золотаревка'),
(780, 19, 'Золотники'),
(781, 12, 'Золотое'),
(782, 19, 'Золотой Поток'),
(783, 23, 'Золотоноша'),
(784, 20, 'Золочев'),
(785, 13, 'Золочев'),
(786, 12, 'Зоринск'),
(787, 13, 'Зоротовичи'),
(788, 13, 'Зубра'),
(789, 5, 'Зугрэс'),
(790, 1, 'Зуя'),
(791, 19, 'Иване-пусте'),
(792, 3, 'Иваничи'),
(793, 10, 'Иванков'),
(794, 10, 'Иванков'),
(795, 25, 'Иванковцы'),
(796, 11, 'Ивано-Благодатное'),
(797, 13, 'Ивано-франково'),
(798, 9, 'Ивано-Франковск'),
(799, 4, 'Ивано-яризовка'),
(800, 2, 'Иванов'),
(801, 6, 'Ивановка'),
(802, 21, 'Ивановка'),
(803, 12, 'Ивановка'),
(804, 21, 'Ивановка'),
(805, 15, 'Ивановка'),
(806, 9, 'Ивановка'),
(807, 25, 'Ивановцы'),
(808, 6, 'Иванополь'),
(809, 5, 'Иванополье'),
(810, 17, 'Иванчи'),
(811, 3, 'Иванычи'),
(812, 23, 'Иваньки'),
(813, 6, 'Ивашковка'),
(814, 7, 'Иза'),
(815, 15, 'Измаил'),
(816, 20, 'Изюм'),
(817, 22, 'Изяслав'),
(818, 4, 'Илларионово'),
(819, 2, 'Иллинцы'),
(820, 5, 'Иловайск'),
(821, 2, 'Ильинцы'),
(822, 5, 'Ильича'),
(823, 15, 'Ильичевка'),
(824, 15, 'Ильичевск'),
(825, 5, 'Ильичовское'),
(826, 7, 'Ильница'),
(827, 4, 'Ингулец'),
(828, 4, 'Ингулец'),
(829, 1, 'Инкерман'),
(830, 2, 'Иосиповка'),
(831, 23, 'Ирклиев'),
(832, 10, 'Ирпень'),
(833, 7, 'Иршава'),
(834, 6, 'Иршанск'),
(835, 15, 'Исаево'),
(836, 25, 'Испас'),
(837, 24, 'Ичня'),
(838, 6, 'Йосиповка'),
(839, 10, 'Йосиповка'),
(840, 14, 'Кавуны'),
(841, 10, 'Кагарлык'),
(842, 14, 'Казанка'),
(843, 2, 'Казатин'),
(844, 21, 'Казацкое'),
(845, 21, 'Казачьи лагеря'),
(846, 20, 'Казачья Лопань'),
(847, 16, 'Калайдинцы'),
(848, 11, 'Калантаев'),
(849, 21, 'Каланчак'),
(850, 21, 'Калининское'),
(851, 13, 'Калинов'),
(852, 1, 'Калиновка'),
(853, 10, 'Калиновка'),
(854, 10, 'Калиновка'),
(855, 2, 'Калиновка'),
(856, 10, 'Калиновка'),
(857, 8, 'Калиновка'),
(858, 2, 'Калиновка вторая'),
(859, 7, 'Калины'),
(860, 10, 'Калита'),
(861, 11, 'Калмазово'),
(862, 9, 'Калуш'),
(863, 11, 'Камбурлиевка'),
(864, 22, 'Каменец-Подольский'),
(865, 7, 'Каменица'),
(866, 4, 'Каменка'),
(867, 22, 'Каменка'),
(868, 23, 'Каменка'),
(869, 13, 'Каменка-Бугская'),
(870, 8, 'Каменка-Днепровская'),
(871, 2, 'Каменногорка'),
(872, 6, 'Каменный брод'),
(873, 6, 'Каменный Брод'),
(874, 11, 'Каменный мост'),
(875, 14, 'Каменный Мост'),
(876, 1, 'Каменоломня'),
(877, 4, 'Каменское'),
(878, 3, 'Камень-Каширский'),
(879, 8, 'Камыш-Заря'),
(880, 21, 'Камышаны'),
(881, 8, 'Камышеваха'),
(882, 16, 'Камышня'),
(883, 7, 'Камянское'),
(884, 23, 'Канев'),
(885, 8, 'Каневское'),
(886, 11, 'Капитановка'),
(887, 20, 'Капитоловка'),
(888, 2, 'Капустин'),
(889, 16, 'Карловка'),
(890, 15, 'Каролино-бугаз'),
(891, 12, 'Карпаты'),
(892, 21, 'Карьерное'),
(893, 1, 'Карьерное'),
(894, 11, 'Катериновка'),
(895, 5, 'Катериновка'),
(896, 23, 'Катеринополь'),
(897, 21, 'Каховка'),
(898, 1, 'Кацивели'),
(899, 1, 'Кача'),
(900, 10, 'Кашперовка'),
(901, 17, 'Квасилов'),
(902, 7, 'Квасы'),
(903, 20, 'Кегичевка'),
(904, 25, 'Кельменцы'),
(905, 7, 'Кендерешов'),
(906, 1, 'Керчь'),
(907, 3, 'Киверцы'),
(908, 10, 'Киев'),
(909, 24, 'Киенка'),
(910, 15, 'Килия'),
(911, 4, 'Кильчень'),
(912, 6, 'Кирданы'),
(913, 18, 'Кириковка'),
(914, 8, 'Кирилловка'),
(915, 2, 'Кирнасивка'),
(916, 4, 'Кировка'),
(917, 11, 'Кировоград'),
(918, 12, 'Кировск'),
(919, 4, 'Кировское'),
(920, 1, 'Кировское'),
(921, 5, 'Кировское'),
(922, 25, 'Киселев'),
(923, 23, 'Киселевка'),
(924, 20, 'Кисели'),
(925, 25, 'Кицмань'),
(926, 6, 'Кишин'),
(927, 3, 'Кияж'),
(928, 18, 'Кияница'),
(929, 18, 'Кияница'),
(930, 10, 'Клавдиево-Тарасово'),
(931, 17, 'Клевань'),
(932, 2, 'Клембовка'),
(933, 22, 'Клембовка'),
(934, 6, 'Кленовая'),
(935, 7, 'Кленовец'),
(936, 5, 'Кленовка'),
(937, 12, 'Кленовый'),
(938, 17, 'Клесов'),
(939, 6, 'Клетчин'),
(940, 22, 'Климашовка'),
(941, 11, 'Клинцы'),
(942, 25, 'Клишковцы'),
(943, 7, 'Ключарки'),
(944, 9, 'Княжелука'),
(945, 10, 'Княжичи'),
(946, 22, 'Княжполь'),
(947, 16, 'Кобеляки'),
(948, 14, 'Коблево'),
(949, 7, 'Кобылецкая поляна'),
(950, 16, 'Ковалевка'),
(951, 9, 'Ковалевка'),
(952, 2, 'Ковалевка'),
(953, 3, 'Ковель'),
(954, 24, 'Ковпыта'),
(955, 20, 'Ковшаровка'),
(956, 20, 'Ковяги'),
(957, 10, 'Кодра'),
(958, 15, 'Кодыма'),
(959, 10, 'Кожанка'),
(960, 8, 'Коза'),
(961, 24, 'Козелец'),
(962, 16, 'Козельщина'),
(963, 17, 'Козин'),
(964, 10, 'Козин'),
(965, 19, 'Козлов'),
(966, 19, 'Козова'),
(967, 2, 'Козятин'),
(968, 1, 'Коктебель'),
(969, 14, 'Коларовка'),
(970, 3, 'Колки'),
(971, 17, 'Колоденка'),
(972, 23, 'Колодистое'),
(973, 20, 'Коломак'),
(974, 9, 'Коломыя'),
(975, 7, 'Колочава'),
(976, 24, 'Колычовка'),
(977, 7, 'Кольчино'),
(978, 1, 'Кольчугино'),
(979, 13, 'Комарно'),
(980, 25, 'Комаровцы'),
(981, 23, 'Коминтерн'),
(982, 15, 'Коминтерновское'),
(983, 12, 'Комиссаровка'),
(984, 21, 'Коммуна'),
(985, 20, 'Коммунар'),
(986, 20, 'Коммунар'),
(987, 11, 'Компанеевка'),
(988, 16, 'Комсомольск'),
(989, 20, 'Комсомольский'),
(990, 20, 'Комсомольское'),
(991, 5, 'Комсомольское'),
(992, 1, 'Комсомольское'),
(993, 5, 'Кондратовка'),
(994, 23, 'Кононовка'),
(995, 13, 'Конопница'),
(996, 18, 'Конотоп'),
(997, 8, 'Константиновка'),
(998, 14, 'Константиновка'),
(999, 17, 'Константиновка'),
(1000, 5, 'Константиновка'),
(1001, 11, 'Константиновка'),
(1002, 20, 'Константиновка'),
(1003, 2, 'Копайгород'),
(1004, 16, 'Копылы'),
(1005, 22, 'Копыстин'),
(1006, 19, 'Копычинцы'),
(1007, 19, 'Копычинцы'),
(1008, 2, 'Корделевка'),
(1009, 1, 'Кореиз'),
(1010, 17, 'Корец'),
(1011, 19, 'Коржова'),
(1012, 6, 'Корнин'),
(1013, 17, 'Корнин'),
(1014, 9, 'Корнич'),
(1015, 13, 'Корничи'),
(1016, 21, 'Коробки'),
(1017, 20, 'Коробочкино'),
(1018, 25, 'Коровия'),
(1019, 9, 'Королевка'),
(1020, 10, 'Королевка'),
(1021, 7, 'Королево'),
(1022, 24, 'Короп'),
(1023, 19, 'Коропец'),
(1024, 13, 'Коропуж'),
(1025, 6, 'Коростень'),
(1026, 13, 'Коростов'),
(1027, 6, 'Коростышев'),
(1028, 20, 'Коротыч'),
(1029, 21, 'Корсунка'),
(1030, 23, 'Корсунь-Шевченковский'),
(1031, 13, 'Корчев'),
(1032, 22, 'Корчевка'),
(1033, 17, 'Корысть'),
(1034, 25, 'Корытное'),
(1035, 24, 'Корюковка'),
(1036, 19, 'Косов'),
(1037, 9, 'Косов'),
(1038, 11, 'Косовка'),
(1039, 7, 'Косовская поляна'),
(1040, 7, 'Косонь'),
(1041, 25, 'Костинцы'),
(1042, 17, 'Костополь'),
(1043, 25, 'Кострижевка'),
(1044, 16, 'Котельва'),
(1045, 17, 'Котов'),
(1046, 15, 'Котовка'),
(1047, 6, 'Котовка'),
(1048, 15, 'Котовск'),
(1049, 10, 'Коцюбинское'),
(1050, 3, 'Коцюры'),
(1051, 6, 'Кочеров'),
(1052, 20, 'Кочеток'),
(1053, 6, 'Кошелевка'),
(1054, 13, 'Краковец'),
(1055, 5, 'Краматорск'),
(1056, 24, 'Крапивное'),
(1057, 6, 'Крапивня'),
(1058, 6, 'Крапивня'),
(1059, 22, 'Красилов'),
(1060, 10, 'Красиловка'),
(1061, 5, 'Красная поляна'),
(1062, 5, 'Красноармейск'),
(1063, 4, 'Красногвардейский'),
(1064, 1, 'Красногвардейское'),
(1065, 1, 'Красногвардейское'),
(1066, 6, 'Красногорка'),
(1067, 5, 'Красногоровка'),
(1068, 5, 'Красногоровка'),
(1069, 20, 'Красноград'),
(1070, 12, 'Краснодон'),
(1071, 24, 'Красное'),
(1072, 14, 'Красное'),
(1073, 10, 'Красное'),
(1074, 13, 'Красное'),
(1075, 5, 'Красное'),
(1076, 2, 'Красное'),
(1077, 25, 'Красноильск'),
(1078, 1, 'Краснокаменка'),
(1079, 20, 'Краснокутск'),
(1080, 12, 'Краснолучский'),
(1081, 20, 'Краснопавловка'),
(1082, 1, 'Красноперекопск'),
(1083, 6, 'Краснополь'),
(1084, 18, 'Краснополье'),
(1085, 12, 'Краснореченское'),
(1086, 22, 'Красноселка'),
(1087, 15, 'Красноселка'),
(1088, 2, 'Красноселка'),
(1089, 15, 'Красные Окны'),
(1090, 23, 'Красный Кут'),
(1091, 5, 'Красный Лиман'),
(1092, 12, 'Красный Луч'),
(1093, 5, 'Красный партизан'),
(1094, 19, 'Кременец'),
(1095, 19, 'Кременец'),
(1096, 12, 'Кременная'),
(1097, 16, 'Кременчуг'),
(1098, 23, 'Кременчуки'),
(1099, 15, 'Кремидовка'),
(1100, 12, 'Крепенский'),
(1101, 5, 'Крестище'),
(1102, 4, 'Кривбасс'),
(1103, 14, 'Кривое Озеро'),
(1104, 4, 'Кривой Рог'),
(1105, 1, 'Кримское'),
(1106, 4, 'Кринички'),
(1107, 15, 'Криничное'),
(1108, 9, 'Криховцы'),
(1109, 18, 'Кролевец'),
(1110, 16, 'Кротенки'),
(1111, 3, 'Крупа'),
(1112, 15, 'Крыжановка'),
(1113, 2, 'Крыжополь'),
(1114, 6, 'Крымок'),
(1115, 10, 'Крюковщина'),
(1116, 6, 'Ксаверов'),
(1117, 10, 'Ксаверовка'),
(1118, 17, 'Кузнецовск'),
(1119, 1, 'Куйбышево'),
(1120, 8, 'Куйбышево'),
(1121, 13, 'Куликов'),
(1122, 24, 'Куликовка'),
(1123, 20, 'Кулиничи'),
(1124, 3, 'Кульчин'),
(1125, 14, 'Кумари'),
(1126, 22, 'Купин'),
(1127, 20, 'Купянск'),
(1128, 5, 'Кураховка'),
(1129, 5, 'Курахово'),
(1130, 5, 'Курдюмовка'),
(1131, 4, 'Куриловка'),
(1132, 20, 'Куриловка'),
(1133, 13, 'Куровичи'),
(1134, 1, 'Курпаты'),
(1135, 3, 'Куснища'),
(1136, 17, 'Кустин'),
(1137, 9, 'Куты'),
(1138, 24, 'Куты вторые'),
(1139, 7, 'Куштановица'),
(1140, 8, 'Кушугум'),
(1141, 18, 'Куяновка'),
(1142, 24, 'Ладан'),
(1143, 24, 'Ладинка'),
(1144, 2, 'Ладыжин'),
(1145, 23, 'Ладыжинка'),
(1146, 16, 'Лазорки'),
(1147, 21, 'Лазурное'),
(1148, 7, 'Лазы'),
(1149, 15, 'Ланна'),
(1150, 16, 'Ланна.'),
(1151, 19, 'Лановцы'),
(1152, 9, 'Ланчин'),
(1153, 13, 'Лапаевка'),
(1154, 15, 'Ларжанка'),
(1155, 23, 'Лебедевка'),
(1156, 18, 'Лебедин'),
(1157, 20, 'Лебяжье'),
(1158, 25, 'Левинцы'),
(1159, 11, 'Лекаревка'),
(1160, 16, 'Лелюховка'),
(1161, 1, 'Ленино'),
(1162, 22, 'Ленковцы'),
(1163, 12, 'Лесная дача'),
(1164, 22, 'Лесовые гриневцы'),
(1165, 23, 'Леськи'),
(1166, 22, 'Летичев'),
(1167, 10, 'Летки'),
(1168, 13, 'Лешня'),
(1169, 1, 'Ливадия'),
(1170, 20, 'Лиман'),
(1171, 15, 'Лиманское'),
(1172, 14, 'Лиманы'),
(1173, 24, 'Линовица'),
(1174, 7, 'Линцы'),
(1175, 3, 'Липины'),
(1176, 6, 'Липники'),
(1177, 11, 'Липняжка'),
(1178, 18, 'Липовая Долина'),
(1179, 2, 'Липовец'),
(1180, 2, 'Липовец'),
(1181, 10, 'Липовка'),
(1182, 20, 'Липцы'),
(1183, 9, 'Лисец'),
(1184, 13, 'Лисиничи'),
(1185, 12, 'Лисичанск'),
(1186, 7, 'Лисичево'),
(1187, 2, 'Литин'),
(1188, 7, 'Лоза'),
(1189, 4, 'Лозоватка'),
(1190, 20, 'Лозовая'),
(1191, 22, 'Лозовое'),
(1192, 12, 'Лозовский'),
(1193, 3, 'Локачи'),
(1194, 9, 'Лолин'),
(1195, 13, 'Лопатин'),
(1196, 9, 'Лопушня'),
(1197, 24, 'Лосиновка'),
(1198, 16, 'Лохвица'),
(1199, 16, 'Лубны'),
(1200, 12, 'Луганск'),
(1201, 6, 'Лугины'),
(1202, 25, 'Лужаны'),
(1203, 6, 'Лужин'),
(1204, 10, 'Лука'),
(1205, 2, 'Лука- мелешковская'),
(1206, 8, 'Лукашево'),
(1207, 13, 'Луки'),
(1208, 3, 'Луков'),
(1209, 10, 'Лукьяновка'),
(1210, 8, 'Луначарское'),
(1211, 16, 'Лутовиновка'),
(1212, 12, 'Лутугино'),
(1213, 3, 'Луцк'),
(1214, 14, 'Луч'),
(1215, 23, 'Лысянка'),
(1216, 3, 'Лыще'),
(1217, 13, 'Львов'),
(1218, 6, 'Любар'),
(1219, 15, 'Любашевка'),
(1220, 24, 'Любеч'),
(1221, 3, 'Любешов'),
(1222, 21, 'Любимовка'),
(1223, 13, 'Любинцы'),
(1224, 3, 'Любитов'),
(1225, 3, 'Люблинец'),
(1226, 3, 'Любомль'),
(1227, 20, 'Люботин'),
(1228, 13, 'Любша'),
(1229, 8, 'Люцерна'),
(1230, 13, 'Мавковичи'),
(1231, 4, 'Магдалиновка'),
(1232, 1, 'Мазанка'),
(1233, 9, 'Майдан'),
(1234, 7, 'Майдан'),
(1235, 23, 'Майданец'),
(1236, 4, 'Майское'),
(1237, 10, 'Макаров'),
(1238, 5, 'Макеевка'),
(1239, 22, 'Маков'),
(1240, 24, 'Макошино'),
(1241, 11, 'Малая Виска'),
(1242, 20, 'Малая Даниловка'),
(1243, 7, 'Малая копаня'),
(1244, 18, 'Малая павловка'),
(1245, 20, 'Малая рогозянка'),
(1246, 10, 'Малая Снитынка'),
(1247, 10, 'Малая Супоевка'),
(1248, 6, 'Малая Токаровка'),
(1249, 8, 'Малая токмачка'),
(1250, 9, 'Малая турья'),
(1251, 13, 'Малехов'),
(1252, 6, 'Малин'),
(1253, 22, 'Малиничи'),
(1254, 5, 'Малиновка'),
(1255, 20, 'Малиновка'),
(1256, 15, 'Малодолинское'),
(1257, 8, 'Малокатериновка'),
(1258, 21, 'Малокаховка'),
(1259, 1, 'Малореченское'),
(1260, 19, 'Малые Бережцы'),
(1261, 13, 'Малые Подлески'),
(1262, 7, 'Малый березный'),
(1263, 23, 'Малый бузуков'),
(1264, 1, 'Малый маяк'),
(1265, 2, 'Малый мытник'),
(1266, 17, 'Малый шпаков'),
(1267, 13, 'Мальчицы'),
(1268, 25, 'Мамаевцы'),
(1269, 25, 'Мамалыга'),
(1270, 6, 'Мамрин'),
(1271, 5, 'Мангуш'),
(1272, 3, 'Маневичи'),
(1273, 20, 'Манченки'),
(1274, 23, 'Маньковка'),
(1275, 4, 'Марганец'),
(1276, 25, 'Мариничи'),
(1277, 5, 'Мариуполь'),
(1278, 12, 'Марковка'),
(1279, 5, 'Марково'),
(1280, 20, 'Мартово'),
(1281, 23, 'Мартыновка'),
(1282, 1, 'Марфовка'),
(1283, 10, 'Мархаловка'),
(1284, 8, 'Марьевка'),
(1285, 5, 'Марьинка'),
(1286, 4, 'Марьяновка'),
(1287, 16, 'Марьяновка'),
(1288, 6, 'Марьяновка'),
(1289, 3, 'Марьяновка'),
(1290, 22, 'Масевцы'),
(1291, 1, 'Массандра'),
(1292, 14, 'Матиясово'),
(1293, 23, 'Матусив'),
(1294, 2, 'Махаринцы'),
(1295, 22, 'Мацьковцы'),
(1296, 16, 'Машевка'),
(1297, 3, 'Маяки'),
(1298, 15, 'Маяки'),
(1299, 1, 'Межводное'),
(1300, 7, 'Межгорье'),
(1301, 4, 'Межевая'),
(1302, 4, 'Межирич'),
(1303, 18, 'Межирич'),
(1304, 23, 'Межирич'),
(1305, 11, 'Межиричка'),
(1306, 18, 'Мезеновка'),
(1307, 4, 'Мелиоративное'),
(1308, 8, 'Мелитополь'),
(1309, 12, 'Меловое'),
(1310, 19, 'Мельница-Подольская'),
(1311, 24, 'Мена'),
(1312, 4, 'Менжинское'),
(1313, 13, 'Мервичи'),
(1314, 20, 'Мерефа'),
(1315, 14, 'Мешково-погорелово'),
(1316, 15, 'Мизикевича'),
(1317, 17, 'Мизоч'),
(1318, 13, 'Миклашев'),
(1319, 19, 'Микулинцы'),
(1320, 9, 'Микуличин'),
(1321, 7, 'Минай'),
(1322, 16, 'Миргород'),
(1323, 6, 'Мирное'),
(1324, 5, 'Мирное'),
(1325, 1, 'Мирное'),
(1326, 5, 'Мирное'),
(1327, 8, 'Мирное'),
(1328, 6, 'Мирный'),
(1329, 4, 'Мировое'),
(1330, 6, 'Миролюбовка'),
(1331, 5, 'Мироновка'),
(1332, 10, 'Мироновка'),
(1333, 6, 'Мирополь'),
(1334, 12, 'Миусинск'),
(1335, 14, 'Михайловка'),
(1336, 11, 'Михайловка'),
(1337, 8, 'Михайловка'),
(1338, 20, 'Михайловка'),
(1339, 2, 'Михайловка'),
(1340, 5, 'Михайловка'),
(1341, 23, 'Михайловка'),
(1342, 18, 'Михайловское'),
(1343, 22, 'Михайлючка'),
(1344, 25, 'Михальча'),
(1345, 23, 'Млиев'),
(1346, 17, 'Млинов'),
(1347, 19, 'Млиновцы'),
(1348, 16, 'Млыны'),
(1349, 2, 'Могилев-Подольский'),
(1350, 2, 'Могилевка'),
(1351, 17, 'Могиляны'),
(1352, 2, 'Моевка'),
(1353, 17, 'Моквин'),
(1354, 25, 'Молница'),
(1355, 15, 'Молодежное'),
(1356, 1, 'Молодежное'),
(1357, 11, 'Молодежное'),
(1358, 5, 'Молодежное'),
(1359, 5, 'Молодецкое'),
(1360, 12, 'Молодогвардейск'),
(1361, 8, 'Молочанск'),
(1362, 19, 'Монастыриска'),
(1363, 23, 'Монастырище'),
(1364, 13, 'Моршин'),
(1365, 5, 'Моспино'),
(1366, 13, 'Мостиска'),
(1367, 14, 'Мостовое'),
(1368, 10, 'Мотыжин'),
(1369, 1, 'Мраморное'),
(1370, 7, 'Мужиево'),
(1371, 10, 'Музычи'),
(1372, 7, 'Мукачево'),
(1373, 12, 'Муратово'),
(1374, 20, 'Мурафа'),
(1375, 13, 'Мурованое'),
(1376, 2, 'Мурованые Куриловцы'),
(1377, 4, 'Мусиевка'),
(1378, 17, 'Мутвица'),
(1379, 10, 'Мыла'),
(1380, 23, 'Набутов'),
(1381, 13, 'Навария'),
(1382, 13, 'Нагорное'),
(1383, 19, 'Нагорянка'),
(1384, 9, 'Надвирна'),
(1385, 9, 'Надворная'),
(1386, 4, 'Надеждовка'),
(1387, 9, 'Надиев'),
(1388, 19, 'Надречное'),
(1389, 13, 'Надыбы'),
(1390, 13, 'Надычи'),
(1391, 22, 'Наркевичи'),
(1392, 6, 'Народичи'),
(1393, 20, 'Наталино'),
(1394, 10, 'Небелица'),
(1395, 7, 'Невицкое'),
(1396, 4, 'Недайвода'),
(1397, 18, 'Недригайлов'),
(1398, 24, 'Нежин'),
(1399, 2, 'Некрасово'),
(1400, 25, 'Нелиповцы'),
(1401, 10, 'Немешаево'),
(1402, 13, 'Немиров'),
(1403, 2, 'Немиров'),
(1404, 11, 'Неопалимовка'),
(1405, 25, 'Неполоковцы'),
(1406, 7, 'Нересница'),
(1407, 15, 'Нерубайское'),
(1408, 3, 'Несвич'),
(1409, 2, 'Нестерварка'),
(1410, 22, 'Нестеривци'),
(1411, 22, 'Нетишин'),
(1412, 16, 'Нехвороща'),
(1413, 12, 'Нещеретово'),
(1414, 4, 'Нива трудовая'),
(1415, 1, 'Нижнегорский'),
(1416, 7, 'Нижнее селище'),
(1417, 7, 'Нижние ворота'),
(1418, 21, 'Нижние Серогозы'),
(1419, 9, 'Нижний вербиж'),
(1420, 12, 'Нижний нагольчик'),
(1421, 13, 'Нижняя яблонька'),
(1422, 10, 'Низшая дубечня'),
(1423, 18, 'Низы'),
(1424, 1, 'Никита'),
(1425, 9, 'Никитинцы'),
(1426, 13, 'Николаев'),
(1427, 14, 'Николаев'),
(1428, 22, 'Николаев'),
(1429, 1, 'Николаевка'),
(1430, 15, 'Николаевка'),
(1431, 5, 'Николаевка'),
(1432, 4, 'Николаевка'),
(1433, 4, 'Николаевка'),
(1434, 15, 'Николаевка'),
(1435, 4, 'Николаевка'),
(1436, 14, 'Николаевка'),
(1437, 14, 'Николаевское'),
(1438, 5, 'Николайполье'),
(1439, 4, 'Никополь'),
(1440, 6, 'Новая Боровая'),
(1441, 20, 'Новая Водолага'),
(1442, 16, 'Новая Галещина'),
(1443, 23, 'Новая дмитровка'),
(1444, 15, 'Новая долина'),
(1445, 15, 'Новая дофиновка'),
(1446, 21, 'Новая збурьевка'),
(1447, 21, 'Новая Каховка'),
(1448, 3, 'Новая лешня'),
(1449, 17, 'Новая Любомирка'),
(1450, 21, 'Новая маячка'),
(1451, 15, 'Новая некрасовка'),
(1452, 14, 'Новая Одесса'),
(1453, 11, 'Новая прага'),
(1454, 4, 'Новая русь'),
(1455, 22, 'Новая Ушица'),
(1456, 24, 'Новгород-Северский'),
(1457, 11, 'Новгородка'),
(1458, 5, 'Новгородское'),
(1459, 9, 'Новица'),
(1460, 16, 'Новоаврамовка'),
(1461, 5, 'Новоазовск'),
(1462, 12, 'Новоайдар'),
(1463, 11, 'Новоалександровка'),
(1464, 4, 'Новоалександровка'),
(1465, 21, 'Новоалексеевка'),
(1466, 5, 'Новоамвросиевское'),
(1467, 11, 'Новоархангельск'),
(1468, 8, 'Новобогдановка'),
(1469, 15, 'Новоборисовка'),
(1470, 3, 'Нововолынск'),
(1471, 21, 'Нововоронцовка'),
(1472, 6, 'Новоград-Волынский'),
(1473, 21, 'Новогригоровка'),
(1474, 5, 'Новогродовка'),
(1475, 6, 'Новогуйвинское'),
(1476, 12, 'Новодарьевка'),
(1477, 25, 'Новоднестровск'),
(1478, 5, 'Новодонецкое'),
(1479, 12, 'Новодружеск'),
(1480, 24, 'Новое'),
(1481, 11, 'Новое'),
(1482, 7, 'Новое давыдково'),
(1483, 8, 'Новое запорожье'),
(1484, 19, 'Новое Село'),
(1485, 5, 'Новозарьевка'),
(1486, 4, 'Новоивановка'),
(1487, 4, 'Новолозоватка'),
(1488, 8, 'Новолюбимовка'),
(1489, 17, 'Новомалин'),
(1490, 11, 'Новомиргород'),
(1491, 4, 'Новомосковск'),
(1492, 8, 'Новониколаевка'),
(1493, 4, 'Новониколаевка'),
(1494, 4, 'Новониколаевка'),
(1495, 8, 'Новониколаевка'),
(1496, 1, 'Новоозерное'),
(1497, 6, 'Новоозерянка'),
(1498, 11, 'Новоолександровка'),
(1499, 16, 'Новоореховка'),
(1500, 16, 'Новооржицкое'),
(1501, 20, 'Новоосиново'),
(1502, 20, 'Новопавловка'),
(1503, 8, 'Новопетровка'),
(1504, 14, 'Новопетровское'),
(1505, 20, 'Новопокровка'),
(1506, 4, 'Новополье'),
(1507, 12, 'Новопсков'),
(1508, 9, 'Новоселица'),
(1509, 25, 'Новоселица'),
(1510, 19, 'Новоселка'),
(1511, 10, 'Новоселки'),
(1512, 24, 'Новоселовка'),
(1513, 20, 'Новоселовка'),
(1514, 1, 'Новоселовское'),
(1515, 1, 'Новосельское'),
(1516, 21, 'Новотроицкое'),
(1517, 5, 'Новотроицкое'),
(1518, 11, 'Новоукраинка'),
(1519, 14, 'Новоукраинка'),
(1520, 5, 'Новоэкономическое'),
(1521, 13, 'Новояворовск'),
(1522, 10, 'Новые безрадичи'),
(1523, 6, 'Новые Белокоровичи'),
(1524, 15, 'Новые беляры'),
(1525, 24, 'Новые Млыны'),
(1526, 10, 'Новые петровцы'),
(1527, 16, 'Новые Санжары'),
(1528, 24, 'Новый белоус'),
(1529, 14, 'Новый Буг'),
(1530, 24, 'Новый Быков'),
(1531, 17, 'Новый корец'),
(1532, 22, 'Новый кривин'),
(1533, 9, 'Новый мизунь'),
(1534, 13, 'Новый Роздол'),
(1535, 1, 'Новый Свет'),
(1536, 5, 'Новый Свет'),
(1537, 13, 'Новый ярычев'),
(1538, 6, 'Норинск'),
(1539, 24, 'Носовка'),
(1540, 17, 'Обаров'),
(1541, 9, 'Обертин'),
(1542, 2, 'Ободовка'),
(1543, 11, 'Обозновка'),
(1544, 9, 'Оболонье'),
(1545, 13, 'Оброшино'),
(1546, 10, 'Обухов'),
(1547, 3, 'Овадное'),
(1548, 15, 'Овидиополь'),
(1549, 6, 'Овруч'),
(1550, 11, 'Одая'),
(1551, 15, 'Одесса'),
(1552, 17, 'Оженин'),
(1553, 16, 'Озера'),
(1554, 6, 'Озерное'),
(1555, 3, 'Озерцо'),
(1556, 19, 'Озеряны'),
(1557, 10, 'Озирне'),
(1558, 9, 'Окно'),
(1559, 25, 'Окно'),
(1560, 1, 'Октябрьское'),
(1561, 1, 'Октябрьское'),
(1562, 6, 'Олевск'),
(1563, 6, 'Олекс'),
(1564, 22, 'Олешин'),
(1565, 7, 'Олешник'),
(1566, 9, 'Олешов'),
(1567, 1, 'Олива'),
(1568, 6, 'Олиевка'),
(1569, 24, 'Олишевка'),
(1570, 3, 'Олыка'),
(1571, 5, 'Ольгинка'),
(1572, 12, 'Ольховое'),
(1573, 7, 'Ольховцы'),
(1574, 7, 'Ольховцы-лазы'),
(1575, 23, 'Ольшана'),
(1576, 18, 'Ольшана'),
(1577, 6, 'Ольшанка'),
(1578, 11, 'Ольшанка'),
(1579, 14, 'Ольшанское'),
(1580, 20, 'Ольшаны'),
(1581, 11, 'Оникеево'),
(1582, 15, 'Ониськово'),
(1583, 16, 'Онишки'),
(1584, 11, 'Онуфриевка'),
(1585, 13, 'Опоры'),
(1586, 16, 'Опошня'),
(1587, 5, 'Опытное'),
(1588, 2, 'Оратов'),
(1589, 2, 'Оратов'),
(1590, 17, 'Орвяница'),
(1591, 12, 'Орджоникидзе'),
(1592, 1, 'Орджоникидзе'),
(1593, 4, 'Орджоникидзе'),
(1594, 1, 'Ореанда'),
(1595, 8, 'Орехов'),
(1596, 16, 'Ореховка'),
(1597, 12, 'Ореховка'),
(1598, 1, 'Орехово'),
(1599, 17, 'Оржев'),
(1600, 16, 'Оржица'),
(1601, 20, 'Орилька-1'),
(1602, 4, 'Орловщина'),
(1603, 8, 'Осипенко'),
(1604, 1, 'Останино'),
(1605, 24, 'Остер'),
(1606, 17, 'Остки'),
(1607, 19, 'Остров'),
(1608, 13, 'Остров'),
(1609, 17, 'Острог'),
(1610, 17, 'Острожец'),
(1611, 6, 'Осыково'),
(1612, 1, 'Отрадное'),
(1613, 1, 'Отрадное'),
(1614, 9, 'Отыния'),
(1615, 14, 'Очаков'),
(1616, 5, 'Очеретино'),
(1617, 13, 'Павлов'),
(1618, 11, 'Павловка'),
(1619, 9, 'Павловка'),
(1620, 24, 'Павловка'),
(1621, 4, 'Павлоград'),
(1622, 11, 'Павлыш'),
(1623, 7, 'Павшино'),
(1624, 10, 'Паляничинцы'),
(1625, 5, 'Пантелеймоновка'),
(1626, 20, 'Панютино'),
(1627, 24, 'Парафиевка'),
(1628, 6, 'Парипсы'),
(1629, 1, 'Парковое'),
(1630, 1, 'Партенит'),
(1631, 4, 'Партизанское'),
(1632, 21, 'Партизаны'),
(1633, 20, 'Пархомовка'),
(1634, 7, 'Пацканево'),
(1635, 11, 'Первозвановка'),
(1636, 14, 'Первомайск'),
(1637, 12, 'Первомайск'),
(1638, 4, 'Первомайск'),
(1639, 20, 'Первомайский'),
(1640, 1, 'Первомайское'),
(1641, 1, 'Первомайское'),
(1642, 1, 'Перевальное'),
(1643, 12, 'Перевальск'),
(1644, 11, 'Перегоновка'),
(1645, 18, 'Перекрестовка'),
(1646, 4, 'Перемога'),
(1647, 13, 'Перемышляны'),
(1648, 9, 'Перерыв'),
(1649, 14, 'Пересадовка'),
(1650, 20, 'Пересечная'),
(1651, 7, 'Перечин'),
(1652, 4, 'Перещепино'),
(1653, 10, 'Переяслав-Хмельницкий'),
(1654, 6, 'Перлявка'),
(1655, 1, 'Перово'),
(1656, 5, 'Перше травня'),
(1657, 6, 'Першотравенск'),
(1658, 4, 'Першотравенск'),
(1659, 6, 'Першотравневое'),
(1660, 14, 'Першотравневое'),
(1661, 5, 'Пески'),
(1662, 16, 'Пески'),
(1663, 10, 'Песковка'),
(1664, 20, 'Песочин'),
(1665, 7, 'Пестрялово'),
(1666, 2, 'Песчанка'),
(1667, 4, 'Песчанка'),
(1668, 1, 'Песчаное'),
(1669, 16, 'Песчаное'),
(1670, 5, 'Песчаное'),
(1671, 19, 'Петриков'),
(1672, 4, 'Петриковка'),
(1673, 1, 'Петровка'),
(1674, 15, 'Петровка'),
(1675, 14, 'Петровка'),
(1676, 12, 'Петровка'),
(1677, 16, 'Петровка-роменская'),
(1678, 11, 'Петрово'),
(1679, 12, 'Петровское'),
(1680, 22, 'Петровское'),
(1681, 10, 'Петровское'),
(1682, 10, 'Петровское'),
(1683, 15, 'Петродолинское'),
(1684, 4, 'Петропавловка'),
(1685, 10, 'Петропавловская Борщаговка'),
(1686, 10, 'Петрушки'),
(1687, 20, 'Печенеги'),
(1688, 9, 'Печенежин'),
(1689, 2, 'Пещанка'),
(1690, 4, 'Пивденное'),
(1691, 20, 'Пивденное'),
(1692, 13, 'Пидбирцы'),
(1693, 6, 'Пилиповичи'),
(1694, 10, 'Пилиповка'),
(1695, 10, 'Пилипча'),
(1696, 1, 'Пионерское'),
(1697, 18, 'Пироговка'),
(1698, 16, 'Пирятин'),
(1699, 2, 'Писаревка'),
(1700, 5, 'Пискуновка'),
(1701, 18, 'Плавинище'),
(1702, 15, 'Платоново'),
(1703, 10, 'Плесецкое'),
(1704, 11, 'Плетеный ташлык'),
(1705, 7, 'Плоске'),
(1706, 19, 'Плотыча'),
(1707, 9, 'Пнев'),
(1708, 9, 'Побережье'),
(1709, 11, 'Побугское'),
(1710, 13, 'Повитное'),
(1711, 3, 'Поворск'),
(1712, 22, 'Погорельцы'),
(1713, 2, 'Погребище'),
(1714, 2, 'Погребище первое'),
(1715, 10, 'Погребы'),
(1716, 13, 'Подберезцы'),
(1717, 13, 'Подбуж'),
(1718, 19, 'Подволочиск'),
(1719, 20, 'Подворки'),
(1720, 19, 'Подвысокое'),
(1721, 3, 'Подгайцы'),
(1722, 11, 'Подгайцы'),
(1723, 19, 'Подгайцы'),
(1724, 14, 'Подгородная'),
(1725, 6, 'Подгородное'),
(1726, 4, 'Подгородное'),
(1727, 19, 'Подгородное'),
(1728, 13, 'Подгородное'),
(1729, 10, 'Подгорцы'),
(1730, 9, 'Подгорье'),
(1731, 13, 'Подкамень'),
(1732, 9, 'Подмихайля'),
(1733, 7, 'Подобовец'),
(1734, 13, 'Подорожное'),
(1735, 9, 'Подпечеры'),
(1736, 1, 'Пожарское'),
(1737, 20, 'Покотиловка'),
(1738, 16, 'Покровская богачка'),
(1739, 4, 'Покровское'),
(1740, 4, 'Покровское'),
(1741, 12, 'Покровское'),
(1742, 20, 'Полевая'),
(1743, 10, 'Полесское'),
(1744, 24, 'Политрудня'),
(1745, 12, 'Половинкино'),
(1746, 23, 'Половинчик'),
(1747, 8, 'Пологи'),
(1748, 18, 'Пологи'),
(1749, 10, 'Пологи-вергуны'),
(1750, 3, 'Полонка'),
(1751, 22, 'Полонное'),
(1752, 16, 'Полтава'),
(1753, 1, 'Полтавка'),
(1754, 7, 'Поляна'),
(1755, 9, 'Поляница'),
(1756, 6, 'Полянка'),
(1757, 22, 'Полянь'),
(1758, 11, 'Помошная'),
(1759, 1, 'Понизовка'),
(1760, 22, 'Понинка'),
(1761, 12, 'Попасная'),
(1762, 4, 'Попасное'),
(1763, 6, 'Попельня'),
(1764, 6, 'Попельня'),
(1765, 18, 'Поповка'),
(1766, 16, 'Поповка'),
(1767, 7, 'Попово'),
(1768, 6, 'Поромовка'),
(1769, 23, 'Поташ'),
(1770, 16, 'Потоки'),
(1771, 19, 'Почаев'),
(1772, 19, 'Почапинцы'),
(1773, 23, 'Почапинцы'),
(1774, 1, 'Почтовое'),
(1775, 5, 'Предтечино'),
(1776, 8, 'Преображенка'),
(1777, 8, 'Приазовское'),
(1778, 1, 'Прибрежное'),
(1779, 14, 'Прибугское'),
(1780, 13, 'Прибужаны'),
(1781, 14, 'Прибужье'),
(1782, 1, 'Приветное'),
(1783, 5, 'Приволье'),
(1784, 12, 'Приволье'),
(1785, 4, 'Приднепрянское'),
(1786, 20, 'Приколотное'),
(1787, 15, 'Прилиманское'),
(1788, 24, 'Прилуки'),
(1789, 8, 'Приморск'),
(1790, 1, 'Приморский'),
(1791, 21, 'Приозерное'),
(1792, 1, 'Приозерное'),
(1793, 6, 'Пристанционное'),
(1794, 16, 'Пришиб'),
(1795, 8, 'Пришиб'),
(1796, 11, 'Приютовка'),
(1797, 19, 'Пробежная'),
(1798, 12, 'Пролетарский'),
(1799, 10, 'Пролиски'),
(1800, 4, 'Просяная'),
(1801, 11, 'Протопоповка'),
(1802, 3, 'Проходы'),
(1803, 23, 'Прохоровка'),
(1804, 10, 'Процев'),
(1805, 20, 'Прудянка'),
(1806, 6, 'Пряжов'),
(1807, 13, 'Пукеничи'),
(1808, 13, 'Пустомыты'),
(1809, 18, 'Путивль'),
(1810, 25, 'Путила'),
(1811, 10, 'Пуховка'),
(1812, 4, 'Пушкаревка'),
(1813, 19, 'Пышковцы'),
(1814, 4, 'Пятихатки'),
(1815, 13, 'Рава-Русская'),
(1816, 24, 'Равнополье'),
(1817, 21, 'Раденск'),
(1818, 13, 'Радехов'),
(1819, 6, 'Радомышль'),
(1820, 3, 'Радомышль'),
(1821, 15, 'Радостное'),
(1822, 4, 'Радушное'),
(1823, 9, 'Радча'),
(1824, 17, 'Радывылив'),
(1825, 17, 'Радыжево'),
(1826, 16, 'Радянское'),
(1827, 15, 'Раздельная'),
(1828, 1, 'Раздольное'),
(1829, 5, 'Райгородок'),
(1830, 3, 'Ракита'),
(1831, 16, 'Ракитное'),
(1832, 10, 'Ракитное'),
(1833, 7, 'Раково'),
(1834, 9, 'Раковчик'),
(1835, 7, 'Ракошино'),
(1836, 16, 'Рассошенцы'),
(1837, 3, 'Ратно'),
(1838, 3, 'Ратнов'),
(1839, 7, 'Ратовцы'),
(1840, 12, 'Рафайловка'),
(1841, 17, 'Рафаловка'),
(1842, 7, 'Рахов'),
(1843, 23, 'Рацево'),
(1844, 17, 'Рачин'),
(1845, 3, 'Рачин'),
(1846, 15, 'Рени'),
(1847, 24, 'Репки'),
(1848, 16, 'Решетиловка'),
(1849, 10, 'Ржищев'),
(1850, 12, 'Ровеньки'),
(1851, 17, 'Ровно'),
(1852, 3, 'Ровное'),
(1853, 5, 'Ровное'),
(1854, 11, 'Ровное'),
(1855, 14, 'Ровное'),
(1856, 20, 'Рогань'),
(1857, 9, 'Рогатин'),
(1858, 19, 'Рогачин'),
(1859, 10, 'Рогозов'),
(1860, 12, 'Родаково'),
(1861, 5, 'Родинское'),
(1862, 1, 'Родниковое'),
(1863, 3, 'Рожище'),
(1864, 10, 'Рожны'),
(1865, 9, 'Рожнятов'),
(1866, 13, 'Розвадов'),
(1867, 13, 'Розгирче'),
(1868, 13, 'Роздол'),
(1869, 1, 'Роздольное'),
(1870, 7, 'Розовка'),
(1871, 8, 'Розовка'),
(1872, 7, 'Розтоки'),
(1873, 3, 'Рокини'),
(1874, 17, 'Рокитное'),
(1875, 17, 'Рокитное'),
(1876, 7, 'Рокосово'),
(1877, 22, 'Романины'),
(1878, 3, 'Романов'),
(1879, 6, 'Романов'),
(1880, 18, 'Ромны'),
(1881, 10, 'Росава'),
(1882, 10, 'Роскошная'),
(1883, 11, 'Роскошное'),
(1884, 10, 'Рославичи'),
(1885, 13, 'Росохач'),
(1886, 2, 'Росоша'),
(1887, 22, 'Россоша'),
(1888, 25, 'Ростоки'),
(1889, 23, 'Ротмистровка'),
(1890, 12, 'Рубежное'),
(1891, 13, 'Рудки'),
(1892, 18, 'Руднево'),
(1893, 2, 'Рудница'),
(1894, 13, 'Рудно'),
(1895, 22, 'Рудня-новенькая'),
(1896, 6, 'Ружин'),
(1897, 22, 'Русановцы'),
(1898, 23, 'Русская поляна'),
(1899, 14, 'Рыбаковка'),
(1900, 24, 'Рыбинск'),
(1901, 13, 'Рыхтичи'),
(1902, 14, 'с. Воссиятское'),
(1903, 23, 'с. Литвинец'),
(1904, 4, 'с. Лозуватка'),
(1905, 6, 'с. Михайловка'),
(1906, 2, 'с. Поповцы'),
(1907, 20, 'Савинцы'),
(1908, 15, 'Саврань'),
(1909, 23, 'Сагуновка'),
(1910, 18, 'Сад'),
(1911, 9, 'Саджава'),
(1912, 9, 'Саджавка'),
(1913, 1, 'Садовое'),
(1914, 1, 'Саки'),
(1915, 15, 'Салганы'),
(1916, 10, 'Саливонки'),
(1917, 11, 'Сальково'),
(1918, 13, 'Самбор'),
(1919, 10, 'Самгородок'),
(1920, 18, 'Самотоевка'),
(1921, 12, 'Самсоновка'),
(1922, 1, 'Санаторное'),
(1923, 19, 'Саранчуки'),
(1924, 15, 'Сарата'),
(1925, 17, 'Сарны'),
(1926, 5, 'Сартана'),
(1927, 7, 'Сасово'),
(1928, 22, 'Сатанив'),
(1929, 15, 'Сафьяны'),
(1930, 22, 'Сахкамень'),
(1931, 20, 'Сахновщина'),
(1932, 7, 'Свалява'),
(1933, 12, 'Сватово'),
(1934, 12, 'Свердловск'),
(1935, 18, 'Свесса'),
(1936, 11, 'Светловодск'),
(1937, 16, 'Светлогорское'),
(1938, 5, 'Светлодарск'),
(1939, 23, 'Свидовок'),
(1940, 10, 'Свитанок'),
(1941, 16, 'Святиловка'),
(1942, 5, 'Святогорск'),
(1943, 1, 'Севастополь'),
(1944, 2, 'Севериновка'),
(1945, 12, 'Северодонецк'),
(1946, 5, 'Северск'),
(1947, 24, 'Седнев'),
(1948, 5, 'Селезневка'),
(1949, 16, 'Селещина'),
(1950, 5, 'Селидово'),
(1951, 17, 'Селище'),
(1952, 2, 'Селище'),
(1953, 23, 'Селище'),
(1954, 25, 'Селятин'),
(1955, 8, 'Семеновка'),
(1956, 16, 'Семеновка'),
(1957, 24, 'Семеновка'),
(1958, 13, 'Семеновка'),
(1959, 10, 'Семиполки'),
(1960, 21, 'Семихатка'),
(1961, 1, 'Сенокосное'),
(1962, 24, 'Сеньковка'),
(1963, 10, 'Сеньковка'),
(1964, 15, 'Сергеевка'),
(1965, 24, 'Серебряное'),
(1966, 18, 'Середина-Буда'),
(1967, 24, 'Серединка'),
(1968, 1, 'Симеиз'),
(1969, 7, 'Симерки'),
(1970, 1, 'Симферополь'),
(1971, 6, 'Сингуры'),
(1972, 4, 'Синельниково'),
(1973, 10, 'Синяк'),
(1974, 2, 'Ситковцы'),
(1975, 10, 'Ситняки'),
(1976, 21, 'Скадовск'),
(1977, 19, 'Скала-Подольская'),
(1978, 19, 'Скалат'),
(1979, 1, 'Скалистое'),
(1980, 10, 'Сквира'),
(1981, 1, 'Скворцово'),
(1982, 13, 'Сколе'),
(1983, 2, 'Скоморошки'),
(1984, 24, 'Слабин'),
(1985, 4, 'Славгород'),
(1986, 13, 'Славское'),
(1987, 22, 'Славута'),
(1988, 10, 'Славутич'),
(1989, 12, 'Славяносербск'),
(1990, 5, 'Славянск'),
(1991, 20, 'Слатино'),
(1992, 14, 'Сливино'),
(1993, 18, 'Слобода'),
(1994, 18, 'Слобода'),
(1995, 6, 'Слободище'),
(1996, 19, 'Слободка'),
(1997, 13, 'Слободка'),
(1998, 22, 'Слободка-гуменецкая'),
(1999, 22, 'Слободка-рыхтивская'),
(2000, 15, 'Словяносербка'),
(2001, 23, 'Смела'),
(2002, 18, 'Смелое'),
(2003, 9, 'Смодна'),
(2004, 11, 'Смолино'),
(2005, 22, 'Смотрич'),
(2006, 17, 'Смыга'),
(2007, 19, 'Смыковцы'),
(2008, 5, 'Снежное'),
(2009, 14, 'Снигиревка'),
(2010, 9, 'Снятин'),
(2011, 9, 'Снятын'),
(2012, 18, 'Собич'),
(2013, 2, 'Соболевка'),
(2014, 1, 'Советский'),
(2015, 1, 'Советское'),
(2016, 11, 'Созоновка'),
(2017, 13, 'Сокаль'),
(2018, 2, 'Сокиринцы'),
(2019, 3, 'Сокиричи'),
(2020, 7, 'Сокирница'),
(2021, 25, 'Сокиряны'),
(2022, 2, 'Соколец'),
(2023, 2, 'Соколовка'),
(2024, 11, 'Соколовское'),
(2025, 13, 'Сокольники'),
(2026, 5, 'Соледар'),
(2027, 4, 'Соленое'),
(2028, 8, 'Солнечное'),
(2029, 18, 'Солнечное'),
(2030, 7, 'Соломоново'),
(2031, 17, 'Солонив'),
(2032, 20, 'Солоницевка'),
(2033, 13, 'Солонка'),
(2034, 9, 'Солотвин'),
(2035, 7, 'Солотвино'),
(2036, 1, 'Соляное'),
(2037, 9, 'Сопов'),
(2038, 24, 'Сосница'),
(2039, 13, 'Сосновка'),
(2040, 2, 'Сосновка'),
(2041, 17, 'Сосновое'),
(2042, 20, 'Сосоновка'),
(2043, 4, 'Софиевка'),
(2044, 10, 'Софиевская Борщаговка'),
(2045, 12, 'Софиевский'),
(2046, 5, 'Спартак'),
(2047, 7, 'Среднее'),
(2048, 7, 'Среднее водяное'),
(2049, 9, 'Средний бабин'),
(2050, 10, 'Ставище'),
(2051, 10, 'Стайки'),
(2052, 12, 'Станично-Луганское'),
(2053, 6, 'Станишовка'),
(2054, 3, 'Старая Выжевка'),
(2055, 21, 'Старая збурьевка'),
(2056, 18, 'Старая ивановка'),
(2057, 15, 'Старая некрасовка'),
(2058, 22, 'Старая Синява'),
(2059, 12, 'Старобельск'),
(2060, 5, 'Старобешево'),
(2061, 20, 'Староверовка'),
(2062, 3, 'Старовойтовое'),
(2063, 10, 'Старое'),
(2064, 13, 'Старое село'),
(2065, 22, 'Староконстантинов'),
(2066, 5, 'Старомихайловка'),
(2067, 3, 'Староселье'),
(2068, 23, 'Старые бабаны'),
(2069, 4, 'Старые кодаки'),
(2070, 10, 'Старые петровцы'),
(2071, 24, 'Старый белоус'),
(2072, 9, 'Старый косов'),
(2073, 22, 'Старый кривин'),
(2074, 5, 'Старый крым'),
(2075, 1, 'Старый Крым'),
(2076, 20, 'Старый Мерчик'),
(2077, 20, 'Старый Салтов'),
(2078, 13, 'Старый Самбор'),
(2079, 6, 'Старый солотвин'),
(2080, 13, 'Старый ярычев'),
(2081, 12, 'Стаханов'),
(2082, 23, 'Стеблев'),
(2083, 7, 'Стеблевка'),
(2084, 13, 'Стебник'),
(2085, 18, 'Степановка'),
(2086, 21, 'Степановка'),
(2087, 17, 'Степань'),
(2088, 18, 'Стецковка'),
(2089, 5, 'Стожково'),
(2090, 9, 'Стопчатов'),
(2091, 25, 'Сторожинец'),
(2092, 13, 'Сторонибабы'),
(2093, 10, 'Стоянка'),
(2094, 7, 'Страбычово'),
(2095, 13, 'Страдч'),
(2096, 13, 'Страшевичи'),
(2097, 22, 'Стриганы'),
(2098, 2, 'Стрижавка'),
(2099, 6, 'Стрижевка'),
(2100, 25, 'Строинцы'),
(2101, 22, 'Струга'),
(2102, 3, 'Струмовка'),
(2103, 19, 'Струсов'),
(2104, 13, 'Стрый'),
(2105, 2, 'Студеная'),
(2106, 19, 'Ступки'),
(2107, 22, 'Стуфчинцы'),
(2108, 11, 'Субботцы'),
(2109, 15, 'Суворово'),
(2110, 1, 'Судак'),
(2111, 22, 'Судилков'),
(2112, 13, 'Судовая вишня'),
(2113, 18, 'Сумы'),
(2114, 4, 'Сурско-литовское'),
(2115, 3, 'Суск'),
(2116, 6, 'Суслы'),
(2117, 2, 'Сутиски'),
(2118, 12, 'Суходольск'),
(2119, 23, 'Сушковка'),
(2120, 13, 'Сходница'),
(2121, 11, 'Счастливое'),
(2122, 21, 'Счастливцево'),
(2123, 12, 'Счастье'),
(2124, 15, 'Сычавка'),
(2125, 7, 'Сюртэ'),
(2126, 24, 'Сядрине'),
(2127, 15, 'Табаки'),
(2128, 21, 'Таврийск'),
(2129, 21, 'Таврия'),
(2130, 15, 'Таирово'),
(2131, 24, 'Талалаевка'),
(2132, 23, 'Тальное'),
(2133, 1, 'Тамбовка'),
(2134, 17, 'Тараканов'),
(2135, 20, 'Тарановка'),
(2136, 10, 'Тарасовка'),
(2137, 3, 'Тарасово'),
(2138, 10, 'Тараща'),
(2139, 4, 'Таромское'),
(2140, 15, 'Тарутино'),
(2141, 15, 'Татарбунары'),
(2142, 9, 'Татаров'),
(2143, 5, 'Тельманово'),
(2144, 22, 'Теофиполь'),
(2145, 2, 'Теплик'),
(2146, 8, 'Тепличное'),
(2147, 4, 'Тепловка'),
(2148, 12, 'Теплогорск'),
(2149, 15, 'Теплодар'),
(2150, 19, 'Теребовля'),
(2151, 10, 'Терезино'),
(2152, 7, 'Тересва'),
(2153, 16, 'Терешки'),
(2154, 8, 'Терноватое'),
(2155, 4, 'Терновка'),
(2156, 7, 'Терново'),
(2157, 19, 'Тернополь'),
(2158, 18, 'Терны'),
(2159, 6, 'Тетеревка'),
(2160, 10, 'Тетиев'),
(2161, 2, 'Тиврев'),
(2162, 1, 'Тиловое'),
(2163, 9, 'Тисменница'),
(2164, 2, 'Титусовка'),
(2165, 3, 'Тишковичи'),
(2166, 9, 'Тлумач'),
(2167, 8, 'Токмак'),
(2168, 4, 'Токмаковка'),
(2169, 4, 'Токовское'),
(2170, 19, 'Толстое'),
(2171, 19, 'Толстолуг'),
(2172, 4, 'Томаковка'),
(2173, 17, 'Томашгород'),
(2174, 18, 'Томашовка'),
(2175, 2, 'Томашполь'),
(2176, 6, 'Топильня'),
(2177, 1, 'Топольное'),
(2178, 25, 'Топоровцы'),
(2179, 9, 'Торговица'),
(2180, 9, 'Торговица'),
(2181, 5, 'Торез'),
(2182, 19, 'Торское'),
(2183, 3, 'Торчин'),
(2184, 12, 'Тошковка'),
(2185, 10, 'Требухов'),
(2186, 11, 'Треповка'),
(2187, 12, 'Троицкое'),
(2188, 18, 'Тростянец'),
(2189, 2, 'Тростянец'),
(2190, 13, 'Тростянец'),
(2191, 13, 'Трускавец'),
(2192, 9, 'Тужилов'),
(2193, 2, 'Тульчин'),
(2194, 2, 'Турбов'),
(2195, 3, 'Турийск'),
(2196, 7, 'Турички'),
(2197, 13, 'Турка'),
(2198, 9, 'Турка'),
(2199, 7, 'Турьи реметы'),
(2200, 2, 'Тывров'),
(2201, 9, 'Тысменица'),
(2202, 2, 'Тютьки'),
(2203, 7, 'Тячев'),
(2204, 5, 'Углегорск'),
(2205, 5, 'Угледар'),
(2206, 7, 'Угля'),
(2207, 13, 'Угнев'),
(2208, 9, 'Угорники'),
(2209, 9, 'Угринов'),
(2210, 18, 'Угроеды'),
(2211, 5, 'Удачное'),
(2212, 2, 'Удич'),
(2213, 17, 'Удрицк'),
(2214, 7, 'Ужгород'),
(2215, 10, 'Узин'),
(2216, 10, 'Украинка'),
(2217, 5, 'Украинск'),
(2218, 1, 'Укромное'),
(2219, 2, 'Уладовка'),
(2220, 2, 'Уланов'),
(2221, 22, 'Улашановка'),
(2222, 11, 'Ульяновка'),
(2223, 23, 'Умань'),
(2224, 15, 'Усатово'),
(2225, 12, 'Успенка'),
(2226, 9, 'Устерики'),
(2227, 16, 'Устивица'),
(2228, 3, 'Устилуг'),
(2229, 10, 'Устимовка'),
(2230, 11, 'Устиновка'),
(2231, 7, 'Усть-Черна'),
(2232, 20, 'Утковка'),
(2233, 6, 'Ушомир'),
(2234, 7, 'Фанчиково'),
(2235, 10, 'Фастов'),
(2236, 12, 'Фащевка'),
(2237, 3, 'Федоровка'),
(2238, 1, 'Феодосия'),
(2239, 15, 'Фонтанка'),
(2240, 1, 'Фонтаны'),
(2241, 1, 'Форос'),
(2242, 21, 'Фрунзе'),
(2243, 12, 'Фрунзе'),
(2244, 15, 'Фрунзовка'),
(2245, 10, 'Фурсы'),
(2246, 16, 'Халтурино'),
(2247, 16, 'Халтурино'),
(2248, 5, 'Харцызск'),
(2249, 20, 'Харьков'),
(2250, 11, 'Хащеватое'),
(2251, 4, 'Хащевое'),
(2252, 21, 'Херсон'),
(2253, 2, 'Хижинцы'),
(2254, 17, 'Хиночи'),
(2255, 13, 'Хирев'),
(2256, 13, 'Хишевичи'),
(2257, 15, 'Хлебодарское'),
(2258, 23, 'Хлыстуновка'),
(2259, 2, 'Хмельник'),
(2260, 22, 'Хмельницкий'),
(2261, 6, 'Ходаки'),
(2262, 13, 'Ходовичи'),
(2263, 13, 'Ходоров'),
(2264, 11, 'Ходоров'),
(2265, 10, 'Ходосовка'),
(2266, 15, 'Холодная балка'),
(2267, 13, 'Холодноводка'),
(2268, 23, 'Холоднянское'),
(2269, 16, 'Хорол'),
(2270, 19, 'Хоростков'),
(2271, 20, 'Хорошево'),
(2272, 18, 'Хотень');
INSERT INTO `city` (`id`, `region`, `city`) VALUES
(2273, 25, 'Хотин'),
(2274, 10, 'Хотов'),
(2275, 23, 'Хрещатик'),
(2276, 9, 'Хриплин'),
(2277, 23, 'Христиновка'),
(2278, 4, 'Христофоровка'),
(2279, 12, 'Хрящеватое'),
(2280, 7, 'Хуст'),
(2281, 9, 'Хутор-Будилов'),
(2282, 20, 'Царедаровка'),
(2283, 4, 'Царичанка'),
(2284, 23, 'Цибулев'),
(2285, 11, 'Цибулево'),
(2286, 9, 'Цинева'),
(2287, 20, 'Циркуны'),
(2288, 5, 'Цукурино'),
(2289, 3, 'Цумань'),
(2290, 21, 'Цюрупинск'),
(2291, 10, 'Чабаны'),
(2292, 25, 'Чагор'),
(2293, 1, 'Чайкино'),
(2294, 23, 'Чапаевка'),
(2295, 20, 'Чапаево'),
(2296, 21, 'Чаплинка'),
(2297, 4, 'Чаплино'),
(2298, 3, 'Чаруков'),
(2299, 24, 'Часниковка'),
(2300, 5, 'Часов Яр'),
(2301, 3, 'Чемерин'),
(2302, 2, 'Чемерисы-барские'),
(2303, 22, 'Чемеровцы'),
(2304, 22, 'Червоная Зирка'),
(2305, 11, 'Червоная каменка'),
(2306, 10, 'Червоная слобода'),
(2307, 23, 'Червоная слобода'),
(2308, 5, 'Червоная украина'),
(2309, 6, 'Червоноармейск'),
(2310, 15, 'Червоноармейское'),
(2311, 13, 'Червоноград'),
(2312, 6, 'Червоногранитное'),
(2313, 4, 'Червоногригоровка'),
(2314, 8, 'Червоноднепровка'),
(2315, 18, 'Червоное'),
(2316, 6, 'Червоное'),
(2317, 16, 'Червонозаводское'),
(2318, 12, 'Червонопартизанск'),
(2319, 4, 'Червоные поды'),
(2320, 20, 'Червоный Донец'),
(2321, 11, 'Червоный кут'),
(2322, 20, 'Черкасская Лозовая'),
(2323, 5, 'Черкасское'),
(2324, 23, 'Черкассы'),
(2325, 13, 'Черляны'),
(2326, 2, 'Черневцы'),
(2327, 24, 'Чернигов'),
(2328, 8, 'Черниговка'),
(2329, 23, 'Чернобай'),
(2330, 10, 'Чернобыль'),
(2331, 25, 'Черновцы'),
(2332, 10, 'Черногородка'),
(2333, 2, 'Черномин'),
(2334, 1, 'Черноморское'),
(2335, 15, 'Черноморское'),
(2336, 21, 'Черноморьевка'),
(2337, 7, 'Чернотисов'),
(2338, 16, 'Чернухи'),
(2339, 22, 'Черный остров'),
(2340, 21, 'Чернянка'),
(2341, 9, 'Чернятин'),
(2342, 6, 'Черняхов'),
(2343, 11, 'Черняховка'),
(2344, 25, 'Чертория'),
(2345, 16, 'Чечелево'),
(2346, 2, 'Чечельник'),
(2347, 23, 'Чигирин'),
(2348, 6, 'Чижовка'),
(2349, 7, 'Чинадиево'),
(2350, 1, 'Чистенькое'),
(2351, 1, 'Чистополье'),
(2352, 4, 'Чкаловка'),
(2353, 1, 'Чкалово'),
(2354, 4, 'Чкалово'),
(2355, 21, 'Чкалово'),
(2356, 20, 'Чкаловское'),
(2357, 12, 'Чмыровка'),
(2358, 7, 'Чома'),
(2359, 7, 'Чоп'),
(2360, 6, 'Чоповичи'),
(2361, 19, 'Чортков'),
(2362, 10, 'Чубинское'),
(2363, 20, 'Чугуев'),
(2364, 6, 'Чуднов'),
(2365, 13, 'Чуква'),
(2366, 4, 'Чумаки'),
(2367, 18, 'Чупаховка'),
(2368, 16, 'Чутово'),
(2369, 13, 'Шабельня'),
(2370, 15, 'Шабо'),
(2371, 7, 'Шаланки'),
(2372, 18, 'Шалыгино'),
(2373, 10, 'Шамраевка'),
(2374, 2, 'Шаргород'),
(2375, 22, 'Шаровечка'),
(2376, 18, 'Шатрище'),
(2377, 6, 'Шахворостовка'),
(2378, 5, 'Шахтерск'),
(2379, 12, 'Шахтерское'),
(2380, 5, 'Шахтное'),
(2381, 3, 'Шацк'),
(2382, 6, 'Швайковка'),
(2383, 20, 'Шевченково'),
(2384, 20, 'Шевченково'),
(2385, 8, 'Шевченково'),
(2386, 15, 'Шевченково'),
(2387, 20, 'Шелестово'),
(2388, 20, 'Шелудьковка'),
(2389, 7, 'Шенборн'),
(2390, 3, 'Шепель'),
(2391, 22, 'Шепетовка'),
(2392, 11, 'Шестаковка'),
(2393, 24, 'Шестовица'),
(2394, 9, 'Шешоры'),
(2395, 10, 'Шибене'),
(2396, 2, 'Широкая гребля'),
(2397, 8, 'Широкое'),
(2398, 4, 'Широкое'),
(2399, 21, 'Широкое'),
(2400, 8, 'Широкое'),
(2401, 15, 'Ширяево'),
(2402, 16, 'Шишаки'),
(2403, 10, 'Шкаровка'),
(2404, 13, 'Шкло'),
(2405, 16, 'Шкурупиевка'),
(2406, 19, 'Шляхтинцы'),
(2407, 4, 'Шолохово'),
(2408, 18, 'Шостка'),
(2409, 17, 'Шпанов'),
(2410, 25, 'Шпетки'),
(2411, 2, 'Шпиков'),
(2412, 23, 'Шпола'),
(2413, 23, 'Шрамковка'),
(2414, 17, 'Шубков'),
(2415, 19, 'Шумск'),
(2416, 1, 'Щебетовка'),
(2417, 1, 'Щелкино'),
(2418, 16, 'Щербани'),
(2419, 13, 'Щирец'),
(2420, 24, 'Щорс'),
(2421, 6, 'Щорсовка'),
(2422, 21, 'Щорсовка'),
(2423, 8, 'Энергодар'),
(2424, 20, 'Эсхар'),
(2425, 4, 'Юбилейное'),
(2426, 12, 'Юбилейное'),
(2427, 12, 'Южная ломоватка'),
(2428, 14, 'Южноукраинск'),
(2429, 15, 'Южный'),
(2430, 2, 'Юзефо-Николаевка'),
(2431, 5, 'Юнокоммунаровск'),
(2432, 22, 'Юркивцы с.'),
(2433, 10, 'Юрковка'),
(2434, 10, 'Юровка с.'),
(2435, 5, 'Юрьевка'),
(2436, 12, 'Юрьевка'),
(2437, 4, 'Юрьевка'),
(2438, 6, 'Яблонец'),
(2439, 9, 'Яблоница'),
(2440, 9, 'Яблонов'),
(2441, 13, 'Яворов'),
(2442, 10, 'Яготин'),
(2443, 5, 'Яковлевка'),
(2444, 2, 'Якушинцы'),
(2445, 1, 'Ялта'),
(2446, 5, 'Ялта'),
(2447, 2, 'Ялтушков'),
(2448, 9, 'Ямница'),
(2449, 22, 'Ямполь'),
(2450, 18, 'Ямполь'),
(2451, 2, 'Ямполь'),
(2452, 13, 'Ямполь'),
(2453, 1, 'Янтарное'),
(2454, 9, 'Яремча'),
(2455, 16, 'Яреськи'),
(2456, 22, 'Ярмолинцы'),
(2457, 23, 'Ярославка'),
(2458, 23, 'Ярошевка'),
(2459, 6, 'Ярунь'),
(2460, 12, 'Ясеновский'),
(2461, 13, 'Ясеновцы'),
(2462, 5, 'Ясиноватая'),
(2463, 7, 'Ясиня'),
(2464, 17, 'Ясногорка'),
(2465, 10, 'Ясногородка'),
(2466, 1, 'Ясное');

-- --------------------------------------------------------

--
-- Структура таблиці `faq`
--

CREATE TABLE `faq` (
  `id` int(11) NOT NULL,
  `question` varchar(255) NOT NULL,
  `answer` text NOT NULL
) ENGINE=InnoDB DEFAULT CHARSET=utf8mb4;

--
-- Дамп даних таблиці `faq`
--

INSERT INTO `faq` (`id`, `question`, `answer`) VALUES
(1, 'Які особливості проведення документальної невиїзної перевірки?', 'Документальна невиїзна перевірка здійснюється у разі прийняття керівником (його заступником) контролюючого органу рішення про її проведення та за наявності підстав для проведення документальної перевірки, визначених статтями 77 та 78 Податкового кодексу України. Така перевірка здійснюється на підставі зазначених у підпункті 75.1.2 п. 75.1 ст. 75 Податкового кодексу України документів та даних, наданих платником податків у визначених Податковим кодексом випадках, або отриманих в інший спосіб, передбачений законом.\r\n\r\nНевиїзна перевірка проводиться посадовими особами податкового органу виключно на підставі рішення керівника, оформленого наказом, та за умови вручення платнику податків копії наказу про проведення такої невиїзної перевірки та письмового повідомлення про дату початку та місце проведення такої перевірки.\r\n\r\nВиконання цих умов надає посадовим особам податкового органу право розпочати проведення документальної невиїзної перевірки.\r\n\r\nПрисутність платників податків під час проведення документальних невиїзних перевірок не обов’язкова.\r\n\r\nЗа наявності письмового звернення платника податків замість невиїзної перевірки може проводитися документальна виїзна перевірка.'),
(2, 'Як часто і за яких умов підприємство може бути включено до плану-графіка проведення документальних планових перевірок?', 'До плану-графіка проведення документальних планових перевірок відбираються платники податків, які мають ризик щодо несплати податків та зборів, невиконання іншого законодавства, контроль за яким покладено на контролюючі органи.\r\n\r\nПеріодичність проведення документальних планових перевірок платників податків визначається залежно від ступеня ризику в діяльності таких платників податків, який поділяється на високий, середній та незначний. Платники податків з незначним ступенем ризику включаються до плану-графіка не частіше, ніж раз на три календарних роки, середнім– не частіше ніж раз на два календарних роки, високим – не частіше одного разу на календарний рік.'),
(3, 'Чи може проводитись експертиза під час документальних перевірок?', 'Експертиза проводиться у разі, коли для вирішення питань, що мають значення для здійснення податкового контролю, необхідні спеціальні знання у галузі науки, мистецтва, техніки, економіки та в інших галузях. Залучення експерта здійснюється на договірних засадах та за рахунок коштів сторони, що є ініціатором залучення експерта (це може бути як платник податків, так і контролюючий орган).\r\n\r\nТака експертиза призначається за заявою платника податків або за рішенням керівника податкового органу, в яких зазначаються: підстави для залучення експерта; прізвище, ім\'я та по батькові експерта; реквізити платника податків, стосовно якого здійснюється податковий контроль; питання, поставлені до експерта; документи, предмети та інші матеріали, які подаються на розгляд експерта.\r\n\r\nПодатковий орган зобов\'язаний ознайомити платника податків (його представника) з рішенням про проведення експертизи, а після закінчення експертизи – з висновком експерта.\r\n\r\nЕксперт має право ознайомлюватися з поданими йому матеріалами, які стосуються предмета експертизи, та просити надання додаткових матеріалів.\r\n\r\nЕксперт має право відмовитися від надання висновку, якщо поданих матеріалів недостатньо або такий експерт не володіє необхідними знаннями для проведення зазначеної експертизи.\r\n\r\nЗа надання завідомо неправдивого висновку експерт несе відповідальність відповідно до закону.'),
(4, 'Я засновник товариства з обмеженою відповідальністю. Для поповнення обігових коштів хочу внести в статутний фонд 100 тис. грн. Яким чином мені це зробити?', 'Для цього необхідно:\r\n\r\n- провести збори засновників товариства, під час яких має бути прийнято рішення щодо необхідності збільшення статутного капіталу, а також про внесення змін до статуту щодо перерозподілу часток між засновниками;\r\n\r\n- зареєструвати зміни до статуту товариства в державного реєстратора, у яких обов’язково вказати суму, порядок та форму поповнення статутного капіталу (грошові кошти, основні засоби та інше).\r\n\r\n- з дня реєстрації змін можна поповнювати статутний капітал з обов’язковим зазначенням призначення платежу: на поповнення статутного капіталу.');

-- --------------------------------------------------------

--
-- Структура таблиці `fields`
--

CREATE TABLE `fields` (
  `id` int(11) NOT NULL,
  `name` varchar(255) CHARACTER SET utf8 NOT NULL,
  `type` varchar(255) CHARACTER SET utf8 NOT NULL
) ENGINE=InnoDB DEFAULT CHARSET=utf8mb4;

--
-- Дамп даних таблиці `fields`
--

INSERT INTO `fields` (`id`, `name`, `type`) VALUES
(1, 'Звітна', 'radio'),
(2, 'Звітна нова', 'radio'),
(3, 'Уточнююча', 'radio'),
(4, 'Довідково', 'radio'),
(5, 'І квартал ', 'radio'),
(6, 'півріччя', 'radio'),
(7, 'три  квартали   ', 'radio'),
(8, 'рік', 'radio'),
(9, 'року', 'text');

-- --------------------------------------------------------

--
-- Структура таблиці `group`
--

CREATE TABLE `group` (
  `id` int(11) NOT NULL,
  `id_template` int(10) NOT NULL,
  `name` varchar(255) CHARACTER SET utf8 NOT NULL,
  `type` varchar(50) CHARACTER SET utf8 NOT NULL
) ENGINE=InnoDB DEFAULT CHARSET=utf8mb4;

-- --------------------------------------------------------

--
-- Структура таблиці `news`
--

CREATE TABLE `news` (
  `id` int(11) NOT NULL,
  `title` varchar(255) NOT NULL,
  `description` text NOT NULL,
  `created` datetime NOT NULL
) ENGINE=InnoDB DEFAULT CHARSET=utf8mb4;

--
-- Дамп даних таблиці `news`
--

INSERT INTO `news` (`id`, `title`, `description`, `created`) VALUES
(1, 'Мирослав Продан, Георгі Табуашвілі та Віталіє Врабіє підписали Меморандум про взаємодію у сфері науки, освіти та підготовки кадрів', 'Україна, Молдова та Грузія домовилися про співпрацю у напрямі підготовки фахівців податкової та митної сфер. Меморандум про взаємодію у сфері науки, освіти та підготовки кадрів сьогодні підписали в.о. Голови ДФС Мирослав Продан, Перший заступник Міністра фінансів, Начальник Служби доходів Грузії Георгі Табуашвілі та Генеральний директор при Міністерстві фінансів Республіки Молдова Віталіє Врабіє у рамках тристоронньої зустрічі в м. Ірпінь на базі Національного університету ДФС.\r\n\r\n«Будь-який державний орган не може повноцінно функціонувати без професійних кадрів. Тому завжди значна увага приділялася як підготовці майбутніх професіоналів, так і розвитку професійних якостей працівників служби. Особливо корисним під час таких навчань є досвід інших країн, який дозволяє залучити в нашу практику найкращі методики та досягнення іноземних колег», – заявив в.о. Голови ДФС Мирослав Продан.\r\n\r\nУ рамках Меморандуму сторони налагоджуватимуть та розвиватимуть співробітництво між учбовими закладами, які готують співробітників для митних та податкових органів. Зокрема, розроблятимуться спільні наукові проекти, комунікаційні заходи, науково-практичні семінари, а також здійснюватимуться короткострокові візити з обміну досвідом та довгострокові візити для проведення спільних досліджень. Це сприятиме створенню нових наукових програм у рамках подальшого розвитку взаємовідносин.\r\n\r\nОчільник ДФС, зокрема, відзначив потужну наукову та матеріально-технічну базу Національного університету ДФС та Регіонального навчального центру ВМО, який діє на базі Департаменту спеціалізованої підготовки та кінологічного забезпечення ДФС у м. Хмельницький, та закликав колег з Молдови та Грузії користуватися їх потенціалом в науково-дослідницькій роботі та навчанні співробітників.\r\n\r\nУ свою чергу колеги з Грузії та Молдови висловили впевненість, що такий формат взаємодії буде удосконалюватися та розвиватися і надалі.\r\n\r\nПідписаний документ став ще однією ланкою співпраці між митними органами України, Молдови та Грузії, яка на сьогодні є досить успішною.\r\n\r\n«Динамізм зустрічей між нашими адміністраціями, як на рівні керівництва, так і на експертному, свідчить про інтенсивність та ефективність нашої взаємодії. Ми ставимо спільні завдання і спільно їх вирішуємо з метою прискорення та спрощення митних процедур та забезпечення економічної безпеки наших країн. А це, у свою чергу, сприяє розвитку торгівельно-економічних відносин між нашими країнами», – наголосив Мирослав Продан.\r\n\r\nЗа його словами, високий рівень співробітництва митних органів України, Молдови та Грузії дозволяє оперативно та ефективно адаптуватися до сучасних викликів та знаходити необхідні рамки співробітництва.\r\n\r\nТак, яскравим прикладом є взаємодія в ГУАМ, де реалізація підписаних в його рамках за останній час протоколів про обмін попередньою інформацією про взаємне визнання окремих результатів митного контролю дозволила значно спростити та прискорити митні процедури між трьома країнами.\r\n\r\nКрім того, вже найближчим часом відбудеться підписання Протоколу про взаємодію у сфері боротьби з митними правопорушеннями, пов’язаними з переміщенням товарів повітряним транспортом.\r\n\r\nМирослав Продан також закликав колег до активізації співпраці з планування та проведення спільних операцій в правоохоронній сфері, які, за його словами, завжди мають позитивні результати та економічний ефект для країн-учасниць.\r\n\r\n«Я ще раз підкреслюю готовність ДФС до обміну власним досвідом діяльності митних органів України, а також розвитку всебічної співпраці зі Службою доходів Грузії и Митною службою Республіки Молдова з питань митної та податкової сфер», – наголосив очільник ДФС.', '2018-04-19 00:00:00'),
(2, 'ТОП-5 основних досягнень ДФС у митному напряміwww', '1. Детінізація економіки\r\n\r\nДФС ліквідовано схему заниження митної вартості, яку використовували  більше двох десятків підприємств-імпортерів. Учасниками цих махінацій були і співробітники митниці, і правоохоронці, і судді.\r\n\r\nЗа рахунок руйнування схеми бюджет отримав понад 1 млрд грн. без можливості оскарження в судах та повернення коштів на рахунки суб’єктів.\r\n\r\nТак, наприклад, у минулому році при оформленні тканини через судові рішення, а саме це використовувалось як схема, митна вартість складала 50 центів за кг. Платіж з одного контейнера складав 2,5-3 тис. доларів. Після руйнування схеми вартість зросла у понад 6 разів – до 3,30 доларів за кг, тобто з контейнера платіж тепер складає 14-16 тис доларів.\r\n\r\nПодібна ситуація із митним оформленням взуття, яке декларувалося по 50 центів і платіж складав 1-2 тис. доларів. На сьогодні його вартість понад 5 доларів за кг, а платіж – до 10 тис. доларів.\r\n\r\nВодночас повністю перекрити всі шпарини можливо лише за умови повної технічної модернізації митниці.\r\n\r\n2. Технічна модернізація митниці.\r\n\r\nСьогодні для фіскальної служби одним з надзвичайно важливих та актуальних питань є облаштування митних постів сучасними технічними засобами контролю, які дозволять упередити переміщення контрабанди. Закупівля сканерів, встановлення вагових комплексів та GPS-замків – це те оснащення, якої потребує митниця.\r\n\r\nДФС вже розпочато процес технічної модернізації митниці. Наразі закуплені і встановлюються вагові комплекси, триває процес проведення тендерної закупівлі перших10 стаціонарних скануючих систем.\r\n\r\n3. Автоматизована система «Єдине вікно»\r\n\r\nВідповідно до законодавства з 1 лютого поточного року всі митні декларації у режимах «експорт» та «імпорт» оформлюються за принципом «єдиного вікна». Цей принцип діє на всіх автомобільних пунктах пропуску і на внутрішніх митницях. Серед суб’єктів ЗЕД система набуває все більшої популярності.\r\n\r\nЗ 4 травня 100% митних декларацій у режимах «експорт» та «імпорт» оформлюються за принципом «єдиного вікна».\r\n\r\nМинулого року частка вантажів, що оформлювались через «єдине вікно», складала близько 20%, вже на сьогодні цей показник складає 85%.\r\n\r\nДержавною фіскальною службою України в подальшому планується забезпечити передачу дозвільних документів, що видаються державними органами через систему «єдиного вікна».\r\n\r\n4. Боротьба з контрабандою товарів\r\n\r\nЗа рахунок законодавчих змін у 2018 році зменшено ризик ввезення громадянами у спрощеному порядку та без оподаткування товарів, пов’язаних зі здійсненням підприємницької діяльності.\r\n\r\nНаразі  у 40 пунктах пропуску відбувається інформаційний обмін з Держприкордонслужбою, що забезпечило нам повний контроль ситуації щодо переміщення фізичних осіб. Ще рік тому такої можливості у ДФС не було, навіть щодо контролю переміщення протягом доби.\r\n\r\nТовари, які переміщувалися в Україну таким чином: електротехніка, одяг, взуття, товари побутової хімії.\r\n\r\nТакі зміни створили рівні умови роботи для легальних імпортерів.\r\n\r\n5. Міжнародна взаємодія\r\n\r\nДФС відновлено систему взаємодії з митниками інших країн. Фіскальна служба долучилася до роботи міжнародних організацій по боротьбі з контрабандою, стала учасником програми ООН по контролю за контейнерними перевезеннями.\r\n\r\nВже працюють портові групи в Одеському порту та в міжнародному пункті пропуску «Бориспіль-аеропорт», які націлені на упередження незаконного переміщення контрабанди наркотиків, зброї, фальсифікованих товарів, товарів подвійного призначення, об’єктів флори та фауни з використанням морських контейнерів та іншої злочинної діяльності.\r\n\r\nНа сьогодні до перевірки відбираються лише ризикові вантажі. Зокрема, завдяки обміну інформацією з іноземними колегами викриваються схеми незаконного переміщення автомобілів. На сьогодні ділки намагаються занизити фактурну вартість дорогих автомобілів шляхом надання транспортному засобу ознак ДТП.\r\n\r\nТак, наприклад, таким чином намагалися ввезти Mercedes-Benz Limited Edition, визначена вартість якого 49 тис евро. За даними німецьких колег, які оперативно відреагували на запит ДФС, реальна вартість авто складала 100 тис евро.', '2018-04-17 00:00:00'),
(3, 'Мирослав Продан: ДФС виходить на новий рівень взаємодії з іноземними колегами щодо протидії контрабанді', 'На сьогодні для Державної фіскальної служби України одним з важливих питань є проведення ефективних заходів з протидії митним правопорушенням, у тому числі контрабанди, із залученням колег з інших держав. Про це в.о. Голови ДФС Мирослав Продан заявив під час тристоронньої зустрічі з Першим заступником Міністра фінансів, Начальником Служби доходів Грузії Георгієм Табуашвілі та Генеральним директором при Міністерстві фінансів Республіки Молдова Віталіє Врабіє, яка відбулася в м. Ірпінь на базі Національного університету ДФС. \r\n\r\n«Митниця будь-якої країни не може функціонувати одноосібно. Необхідна налагоджена взаємодія як з суміжними країнами, що дуже важливо для захисту митного кордону, так і з митниками інших країн. Адже контрабанда – явище, яке існує в усьому світі і з яким здійснюється активна боротьба. І зробити цю боротьбу дієвою та результативною можна лише за рахунок спільних заходів та запровадження обміну інформацією. А це, у свою чергу, сприятиме детінізації економіки країни та руйнуванню схем ухилення від сплати митних платежів, що дозволить залучити до бюджету додаткові кошти», – наголосив Мирослав Продан.\r\n\r\nЗа його словами, в ДФС докладають максимум зусиль для того, щоб відновити співпрацю з колегами з інших країн та вивести її на новий рівень. Так, фіскальна служба долучилася до роботи міжнародних організацій по боротьбі з контрабандою, стала учасником програми ООН по контролю за контейнерними перевезеннями. \r\n\r\nВже працюють портові групи в Одеському порту та в міжнародному пункті пропуску «Бориспіль-аеропорт», які націлені на упередження незаконного переміщення контрабанди наркотиків, зброї, фальсифікованих товарів, товарів подвійного призначення, об’єктів флори та фауни з використанням морських контейнерів та іншої злочинної діяльності.\r\n\r\nОчільник ДФС також підкреслив, що на сьогодні до перевірки відбираються лише ризикові вантажі. Зокрема, завдяки обміну інформацією з іноземними колегами викриваються схеми незаконного переміщення товарів. \r\n\r\nОднак, за його словами, повністю перекрити всі нелегальні канали можна лише за умови повної технічної модернізації митниці. Саме над цим в ДФС активно працюють ще з минулого року.\r\n\r\n«Сьогодні для фіскальної служби одним з надзвичайно важливих та актуальних питань є облаштування митних постів сучасними технічними засобами контролю, які дозволять упередити переміщення контрабанди. Закупівля сканерів, встановлення вагових комплексів та GPS-замків – це те оснащення, якої потребує митниця для ефективної протидії контрабанді та митним правопорушенням», – підкреслив Мирослав Продан.  \r\n\r\nТак, фіскальною службою вже розпочато процес технічної модернізації митниці. Наразі закуплені і встановлюються вагові комплекси, триває процес проведення тендерної закупівлі перших 10 стаціонарних скануючих систем.\r\n\r\nЦе технічне оснащення дозволить як упередити незаконні перевезення вантажів, так і спростити та прискорити митне оформлення, що є важливим як для суб’єктів зовнішньоекономічної діяльності, так і для держави.\r\n\r\nМирослав Продан, зокрема, відзначив, що одним з кроків спрощення митних процедур також стало і запровадження з 1 лютого поточного року принципу «Єдиного вікна» при оформленні декларацій. \r\n\r\nТак, з 4 травня 100% митних декларацій у режимі «експорт» та «імпорт» оформлюються за принципом «єдиного вікна». Минулого року частка вантажів, що оформлювались через «єдине вікно», складала близько 20%, вже на сьогодні цей показник складає 85%. \r\n\r\nУ подальшому, за словами в.о Голови ДФС, фіскальною службою планується забезпечити передачу дозвільних документів, що видаються державними органами через систему «єдиного вікна». \r\n\r\nПід час зустрічі Мирослав Продан також звернув увагу присутніх на результати, яких ДФС досягла за рахунок запроваджених з цього року законодавчих новацій. Завдяки ним у 2018 році зменшено ризики ввезення громадянами у спрощеному порядку та без оподаткування товарів, пов’язаних зі здійсненням підприємницької діяльності. \r\n\r\n«Наразі у 40 пунктах пропуску відбувається інформаційний обмін з Держприкордонслужбою, що забезпечило нам повний контроль ситуації щодо переміщення фізичних осіб. Ще рік тому такої можливості у ДФС не було, навіть щодо контролю переміщення протягом доби», – розповів очільник ДФС. \r\n\r\nТовари, які переміщувалися в Україну таким чином: електротехніка, одяг, взуття, товари побутової хімії. Саме такі зміни дозволили створити рівні умови роботи для легальних імпортерів.\r\n\r\nБільше того, ліквідація схеми заниження митної вартості, яка існувала тривалий час і якою користувалися більше двох десятків підприємств-імпортерів, дозволила залучити в бюджет понад 1 млрд. грн. без можливості оскарження в судах та повернення на рахунки суб’єктів.\r\n\r\n«Така результативність нашої роботи якнайкраще свідчить про готовність ДФС до впровадження нових заходів з детінізації економіки та протидії контрабанді за участі наших іноземних колег. Впевнений, що спільно ми зможемо досягти ще більшої результативності та ефективності у цьому напрямі  нашої діяльності, - зазначив Мирослав Продан.', '2018-05-21 00:00:00'),
(4, 'У пункті пропуску «Бориспіль» вилучено колекцію старовинних перуанських монет 1831-1948 років карбування, переважно срібних', 'Працівниками Управління протидії митним правопорушенням та міжнародної взаємодії Київської митниці ДФС зафіксовано спробу переміщення через митний кордон України колекції старовинних монет.\r\n\r\n15 монет 1831-1948 років карбування, переважно срібних, серед яких монета номіналом 2 реали з зображенням на аверсі дерева, з надписом «Liber Cresca Fecundo 20G 10D T F», на реверсі з зображенням гір і променів сонця, з надписом «Republica Del Centro De Amer 1831», монета номіналом ½ соля, з зображенням на аверсі сидячої жінки зі щитом біля невеликої колони з написом «Liber Tad», на реверсі – у центрі герб, з боків  - гілки, внизу цифри 1923, з надписом «Republica Peruana-Lima» тощо знаходилися у громадянина Перу, який прямував до України авіарейсом з Італії.\r\n\r\nДля проходження митного контролю чоловік обрав спрощену систему – «зелений коридор», чим заявив про те, що переміщувані ним через митний кордон України товари не підлягають письмовому декларуванню, оподаткуванню митними платежами, не підпадають під встановлені законодавством заборони та обмеження щодо ввезення на митну територію України.\r\n\r\nНа момент проходження митного контролю належним чином оформленої митної декларації громадянин не надавав, з приводу декларування переміщуваних ним предметів до інспекторів митниці не звертався.\r\n\r\nМонети, які знаходилися в ручній поклажі чоловіка в альбомі для монет, було виявлено під час перевірки багажу пасажира на рентген-апараті, після перетину ним «білої лінії», яка позначає закінчення зони спрощеного митного контролю «зелений коридор».  Предмети переміщувались без ознак приховування.\r\n\r\nСкладено протокол про порушення митних правил. Монети вилучено до винесення судом рішення у справі.\r\n\r\nДовідково: відповідно до ст. 21 Закону України № 1068-ХІV від 21.09.1999  «Про вивезення, ввезення та повернення культурних цінностей» культурні цінності, що ввозяться в Україну, підлягають реєстрації в порядку, встановленому центральним органом виконавчої влади, що забезпечує формування державної політики у сфері вивезення, ввезення та повернення культурних цінностей, Міністерством юстиції України разом з центральним органом виконавчої влади, що забезпечує формування державної фінансової політики.\r\n\r\nПід час ввезення культурних цінностей на територію України органу доходів і зборів подається свідоцтво на право їх вивезення, якщо це передбачено законодавством держави, звідки ввозяться культурні цінності. За відсутності такого свідоцтва ввезені цінності підлягають затриманню органами доходів і зборів до встановлення їх власника та одержання його доручення щодо подальшого переміщення або використання цих цінностей. Таке доручення має бути підтверджене дипломатичним представництвом або консульською установою країни, громадянином якої є власник культурних цінностей.\r\n\r\nКрім того, частиною 5 статті 374 Митного кодексу України визначено, що культурні цінності, зокрема, виготовлені 50 і більше років тому, незалежно від їх вартості та способу переміщення через митний кордон України, підлягають письмовому декларуванню.', '2018-05-09 00:00:00');

-- --------------------------------------------------------

--
-- Структура таблиці `orders`
--

CREATE TABLE `orders` (
  `id` int(11) NOT NULL,
  `title` varchar(255) NOT NULL,
  `created` datetime NOT NULL
) ENGINE=InnoDB DEFAULT CHARSET=utf8mb4;

--
-- Дамп даних таблиці `orders`
--

INSERT INTO `orders` (`id`, `title`, `created`) VALUES
(1, 'orders 1', '2018-04-19 00:00:00'),
(2, 'oders 2', '2018-04-17 00:00:00');

-- --------------------------------------------------------

--
-- Структура таблиці `phpbb_acl_groups`
--

CREATE TABLE `phpbb_acl_groups` (
  `group_id` mediumint(8) UNSIGNED NOT NULL DEFAULT '0',
  `forum_id` mediumint(8) UNSIGNED NOT NULL DEFAULT '0',
  `auth_option_id` mediumint(8) UNSIGNED NOT NULL DEFAULT '0',
  `auth_role_id` mediumint(8) UNSIGNED NOT NULL DEFAULT '0',
  `auth_setting` tinyint(2) NOT NULL DEFAULT '0'
) ENGINE=InnoDB DEFAULT CHARSET=utf8 COLLATE=utf8_bin;

--
-- Дамп даних таблиці `phpbb_acl_groups`
--

INSERT INTO `phpbb_acl_groups` (`group_id`, `forum_id`, `auth_option_id`, `auth_role_id`, `auth_setting`) VALUES
(1, 0, 91, 0, 1),
(1, 0, 100, 0, 1),
(1, 0, 118, 0, 1),
(5, 0, 0, 5, 0),
(5, 0, 0, 1, 0),
(2, 0, 0, 6, 0),
(3, 0, 0, 6, 0),
(4, 0, 0, 5, 0),
(4, 0, 0, 10, 0),
(1, 1, 0, 17, 0),
(2, 1, 0, 17, 0),
(3, 1, 0, 17, 0),
(6, 1, 0, 17, 0),
(1, 2, 0, 17, 0),
(2, 2, 0, 15, 0),
(3, 2, 0, 15, 0),
(4, 2, 0, 21, 0),
(5, 2, 0, 14, 0),
(5, 2, 0, 10, 0),
(6, 2, 0, 19, 0),
(7, 0, 0, 23, 0),
(7, 2, 0, 24, 0);

-- --------------------------------------------------------

--
-- Структура таблиці `phpbb_acl_options`
--

CREATE TABLE `phpbb_acl_options` (
  `auth_option_id` mediumint(8) UNSIGNED NOT NULL,
  `auth_option` varchar(50) COLLATE utf8_bin NOT NULL DEFAULT '',
  `is_global` tinyint(1) UNSIGNED NOT NULL DEFAULT '0',
  `is_local` tinyint(1) UNSIGNED NOT NULL DEFAULT '0',
  `founder_only` tinyint(1) UNSIGNED NOT NULL DEFAULT '0'
) ENGINE=InnoDB DEFAULT CHARSET=utf8 COLLATE=utf8_bin;

--
-- Дамп даних таблиці `phpbb_acl_options`
--

INSERT INTO `phpbb_acl_options` (`auth_option_id`, `auth_option`, `is_global`, `is_local`, `founder_only`) VALUES
(1, 'f_', 0, 1, 0),
(2, 'f_announce', 0, 1, 0),
(3, 'f_announce_global', 0, 1, 0),
(4, 'f_attach', 0, 1, 0),
(5, 'f_bbcode', 0, 1, 0),
(6, 'f_bump', 0, 1, 0),
(7, 'f_delete', 0, 1, 0),
(8, 'f_download', 0, 1, 0),
(9, 'f_edit', 0, 1, 0),
(10, 'f_email', 0, 1, 0),
(11, 'f_flash', 0, 1, 0),
(12, 'f_icons', 0, 1, 0),
(13, 'f_ignoreflood', 0, 1, 0),
(14, 'f_img', 0, 1, 0),
(15, 'f_list', 0, 1, 0),
(16, 'f_list_topics', 0, 1, 0),
(17, 'f_noapprove', 0, 1, 0),
(18, 'f_poll', 0, 1, 0),
(19, 'f_post', 0, 1, 0),
(20, 'f_postcount', 0, 1, 0),
(21, 'f_print', 0, 1, 0),
(22, 'f_read', 0, 1, 0),
(23, 'f_reply', 0, 1, 0),
(24, 'f_report', 0, 1, 0),
(25, 'f_search', 0, 1, 0),
(26, 'f_sigs', 0, 1, 0),
(27, 'f_smilies', 0, 1, 0),
(28, 'f_sticky', 0, 1, 0),
(29, 'f_subscribe', 0, 1, 0),
(30, 'f_user_lock', 0, 1, 0),
(31, 'f_vote', 0, 1, 0),
(32, 'f_votechg', 0, 1, 0),
(33, 'f_softdelete', 0, 1, 0),
(34, 'm_', 1, 1, 0),
(35, 'm_approve', 1, 1, 0),
(36, 'm_chgposter', 1, 1, 0),
(37, 'm_delete', 1, 1, 0),
(38, 'm_edit', 1, 1, 0),
(39, 'm_info', 1, 1, 0),
(40, 'm_lock', 1, 1, 0),
(41, 'm_merge', 1, 1, 0),
(42, 'm_move', 1, 1, 0),
(43, 'm_report', 1, 1, 0),
(44, 'm_split', 1, 1, 0),
(45, 'm_softdelete', 1, 1, 0),
(46, 'm_ban', 1, 0, 0),
(47, 'm_pm_report', 1, 0, 0),
(48, 'm_warn', 1, 0, 0),
(49, 'a_', 1, 0, 0),
(50, 'a_aauth', 1, 0, 0),
(51, 'a_attach', 1, 0, 0),
(52, 'a_authgroups', 1, 0, 0),
(53, 'a_authusers', 1, 0, 0),
(54, 'a_backup', 1, 0, 0),
(55, 'a_ban', 1, 0, 0),
(56, 'a_bbcode', 1, 0, 0),
(57, 'a_board', 1, 0, 0),
(58, 'a_bots', 1, 0, 0),
(59, 'a_clearlogs', 1, 0, 0),
(60, 'a_email', 1, 0, 0),
(61, 'a_extensions', 1, 0, 0),
(62, 'a_fauth', 1, 0, 0),
(63, 'a_forum', 1, 0, 0),
(64, 'a_forumadd', 1, 0, 0),
(65, 'a_forumdel', 1, 0, 0),
(66, 'a_group', 1, 0, 0),
(67, 'a_groupadd', 1, 0, 0),
(68, 'a_groupdel', 1, 0, 0),
(69, 'a_icons', 1, 0, 0),
(70, 'a_jabber', 1, 0, 0),
(71, 'a_language', 1, 0, 0),
(72, 'a_mauth', 1, 0, 0),
(73, 'a_modules', 1, 0, 0),
(74, 'a_names', 1, 0, 0),
(75, 'a_phpinfo', 1, 0, 0),
(76, 'a_profile', 1, 0, 0),
(77, 'a_prune', 1, 0, 0),
(78, 'a_ranks', 1, 0, 0),
(79, 'a_reasons', 1, 0, 0),
(80, 'a_roles', 1, 0, 0),
(81, 'a_search', 1, 0, 0),
(82, 'a_server', 1, 0, 0),
(83, 'a_styles', 1, 0, 0),
(84, 'a_switchperm', 1, 0, 0),
(85, 'a_uauth', 1, 0, 0),
(86, 'a_user', 1, 0, 0),
(87, 'a_userdel', 1, 0, 0),
(88, 'a_viewauth', 1, 0, 0),
(89, 'a_viewlogs', 1, 0, 0),
(90, 'a_words', 1, 0, 0),
(91, 'u_', 1, 0, 0),
(92, 'u_attach', 1, 0, 0),
(93, 'u_chgavatar', 1, 0, 0),
(94, 'u_chgcensors', 1, 0, 0),
(95, 'u_chgemail', 1, 0, 0),
(96, 'u_chggrp', 1, 0, 0),
(97, 'u_chgname', 1, 0, 0),
(98, 'u_chgpasswd', 1, 0, 0),
(99, 'u_chgprofileinfo', 1, 0, 0),
(100, 'u_download', 1, 0, 0),
(101, 'u_hideonline', 1, 0, 0),
(102, 'u_ignoreflood', 1, 0, 0),
(103, 'u_masspm', 1, 0, 0),
(104, 'u_masspm_group', 1, 0, 0),
(105, 'u_pm_attach', 1, 0, 0),
(106, 'u_pm_bbcode', 1, 0, 0),
(107, 'u_pm_delete', 1, 0, 0),
(108, 'u_pm_download', 1, 0, 0),
(109, 'u_pm_edit', 1, 0, 0),
(110, 'u_pm_emailpm', 1, 0, 0),
(111, 'u_pm_flash', 1, 0, 0),
(112, 'u_pm_forward', 1, 0, 0),
(113, 'u_pm_img', 1, 0, 0),
(114, 'u_pm_printpm', 1, 0, 0),
(115, 'u_pm_smilies', 1, 0, 0),
(116, 'u_readpm', 1, 0, 0),
(117, 'u_savedrafts', 1, 0, 0),
(118, 'u_search', 1, 0, 0),
(119, 'u_sendemail', 1, 0, 0),
(120, 'u_sendim', 1, 0, 0),
(121, 'u_sendpm', 1, 0, 0),
(122, 'u_sig', 1, 0, 0),
(123, 'u_viewonline', 1, 0, 0),
(124, 'u_viewprofile', 1, 0, 0);

-- --------------------------------------------------------

--
-- Структура таблиці `phpbb_acl_roles`
--

CREATE TABLE `phpbb_acl_roles` (
  `role_id` mediumint(8) UNSIGNED NOT NULL,
  `role_name` varchar(255) COLLATE utf8_bin NOT NULL DEFAULT '',
  `role_description` text COLLATE utf8_bin NOT NULL,
  `role_type` varchar(10) COLLATE utf8_bin NOT NULL DEFAULT '',
  `role_order` smallint(4) UNSIGNED NOT NULL DEFAULT '0'
) ENGINE=InnoDB DEFAULT CHARSET=utf8 COLLATE=utf8_bin;

--
-- Дамп даних таблиці `phpbb_acl_roles`
--

INSERT INTO `phpbb_acl_roles` (`role_id`, `role_name`, `role_description`, `role_type`, `role_order`) VALUES
(1, 'ROLE_ADMIN_STANDARD', 'ROLE_DESCRIPTION_ADMIN_STANDARD', 'a_', 1),
(2, 'ROLE_ADMIN_FORUM', 'ROLE_DESCRIPTION_ADMIN_FORUM', 'a_', 3),
(3, 'ROLE_ADMIN_USERGROUP', 'ROLE_DESCRIPTION_ADMIN_USERGROUP', 'a_', 4),
(4, 'ROLE_ADMIN_FULL', 'ROLE_DESCRIPTION_ADMIN_FULL', 'a_', 2),
(5, 'ROLE_USER_FULL', 'ROLE_DESCRIPTION_USER_FULL', 'u_', 3),
(6, 'ROLE_USER_STANDARD', 'ROLE_DESCRIPTION_USER_STANDARD', 'u_', 1),
(7, 'ROLE_USER_LIMITED', 'ROLE_DESCRIPTION_USER_LIMITED', 'u_', 2),
(8, 'ROLE_USER_NOPM', 'ROLE_DESCRIPTION_USER_NOPM', 'u_', 4),
(9, 'ROLE_USER_NOAVATAR', 'ROLE_DESCRIPTION_USER_NOAVATAR', 'u_', 5),
(10, 'ROLE_MOD_FULL', 'ROLE_DESCRIPTION_MOD_FULL', 'm_', 3),
(11, 'ROLE_MOD_STANDARD', 'ROLE_DESCRIPTION_MOD_STANDARD', 'm_', 1),
(12, 'ROLE_MOD_SIMPLE', 'ROLE_DESCRIPTION_MOD_SIMPLE', 'm_', 2),
(13, 'ROLE_MOD_QUEUE', 'ROLE_DESCRIPTION_MOD_QUEUE', 'm_', 4),
(14, 'ROLE_FORUM_FULL', 'ROLE_DESCRIPTION_FORUM_FULL', 'f_', 7),
(15, 'ROLE_FORUM_STANDARD', 'ROLE_DESCRIPTION_FORUM_STANDARD', 'f_', 5),
(16, 'ROLE_FORUM_NOACCESS', 'ROLE_DESCRIPTION_FORUM_NOACCESS', 'f_', 1),
(17, 'ROLE_FORUM_READONLY', 'ROLE_DESCRIPTION_FORUM_READONLY', 'f_', 2),
(18, 'ROLE_FORUM_LIMITED', 'ROLE_DESCRIPTION_FORUM_LIMITED', 'f_', 3),
(19, 'ROLE_FORUM_BOT', 'ROLE_DESCRIPTION_FORUM_BOT', 'f_', 9),
(20, 'ROLE_FORUM_ONQUEUE', 'ROLE_DESCRIPTION_FORUM_ONQUEUE', 'f_', 8),
(21, 'ROLE_FORUM_POLLS', 'ROLE_DESCRIPTION_FORUM_POLLS', 'f_', 6),
(22, 'ROLE_FORUM_LIMITED_POLLS', 'ROLE_DESCRIPTION_FORUM_LIMITED_POLLS', 'f_', 4),
(23, 'ROLE_USER_NEW_MEMBER', 'ROLE_DESCRIPTION_USER_NEW_MEMBER', 'u_', 6),
(24, 'ROLE_FORUM_NEW_MEMBER', 'ROLE_DESCRIPTION_FORUM_NEW_MEMBER', 'f_', 10);

-- --------------------------------------------------------

--
-- Структура таблиці `phpbb_acl_roles_data`
--

CREATE TABLE `phpbb_acl_roles_data` (
  `role_id` mediumint(8) UNSIGNED NOT NULL DEFAULT '0',
  `auth_option_id` mediumint(8) UNSIGNED NOT NULL DEFAULT '0',
  `auth_setting` tinyint(2) NOT NULL DEFAULT '0'
) ENGINE=InnoDB DEFAULT CHARSET=utf8 COLLATE=utf8_bin;

--
-- Дамп даних таблиці `phpbb_acl_roles_data`
--

INSERT INTO `phpbb_acl_roles_data` (`role_id`, `auth_option_id`, `auth_setting`) VALUES
(1, 49, 1),
(1, 51, 1),
(1, 52, 1),
(1, 53, 1),
(1, 55, 1),
(1, 56, 1),
(1, 57, 1),
(1, 61, 1),
(1, 62, 1),
(1, 63, 1),
(1, 64, 1),
(1, 65, 1),
(1, 66, 1),
(1, 67, 1),
(1, 68, 1),
(1, 69, 1),
(1, 72, 1),
(1, 74, 1),
(1, 76, 1),
(1, 77, 1),
(1, 78, 1),
(1, 79, 1),
(1, 85, 1),
(1, 86, 1),
(1, 87, 1),
(1, 88, 1),
(1, 89, 1),
(1, 90, 1),
(2, 49, 1),
(2, 52, 1),
(2, 53, 1),
(2, 62, 1),
(2, 63, 1),
(2, 64, 1),
(2, 65, 1),
(2, 72, 1),
(2, 77, 1),
(2, 85, 1),
(2, 88, 1),
(2, 89, 1),
(3, 49, 1),
(3, 52, 1),
(3, 53, 1),
(3, 55, 1),
(3, 66, 1),
(3, 67, 1),
(3, 68, 1),
(3, 78, 1),
(3, 85, 1),
(3, 86, 1),
(3, 88, 1),
(3, 89, 1),
(4, 49, 1),
(4, 50, 1),
(4, 51, 1),
(4, 52, 1),
(4, 53, 1),
(4, 54, 1),
(4, 55, 1),
(4, 56, 1),
(4, 57, 1),
(4, 58, 1),
(4, 59, 1),
(4, 60, 1),
(4, 61, 1),
(4, 62, 1),
(4, 63, 1),
(4, 64, 1),
(4, 65, 1),
(4, 66, 1),
(4, 67, 1),
(4, 68, 1),
(4, 69, 1),
(4, 70, 1),
(4, 71, 1),
(4, 72, 1),
(4, 73, 1),
(4, 74, 1),
(4, 75, 1),
(4, 76, 1),
(4, 77, 1),
(4, 78, 1),
(4, 79, 1),
(4, 80, 1),
(4, 81, 1),
(4, 82, 1),
(4, 83, 1),
(4, 84, 1),
(4, 85, 1),
(4, 86, 1),
(4, 87, 1),
(4, 88, 1),
(4, 89, 1),
(4, 90, 1),
(5, 91, 1),
(5, 92, 1),
(5, 93, 1),
(5, 94, 1),
(5, 95, 1),
(5, 96, 1),
(5, 97, 1),
(5, 98, 1),
(5, 99, 1),
(5, 100, 1),
(5, 101, 1),
(5, 102, 1),
(5, 103, 1),
(5, 104, 1),
(5, 105, 1),
(5, 106, 1),
(5, 107, 1),
(5, 108, 1),
(5, 109, 1),
(5, 110, 1),
(5, 111, 1),
(5, 112, 1),
(5, 113, 1),
(5, 114, 1),
(5, 115, 1),
(5, 116, 1),
(5, 117, 1),
(5, 118, 1),
(5, 119, 1),
(5, 120, 1),
(5, 121, 1),
(5, 122, 1),
(5, 123, 1),
(5, 124, 1),
(6, 91, 1),
(6, 92, 1),
(6, 93, 1),
(6, 94, 1),
(6, 95, 1),
(6, 98, 1),
(6, 99, 1),
(6, 100, 1),
(6, 101, 1),
(6, 103, 1),
(6, 104, 1),
(6, 105, 1),
(6, 106, 1),
(6, 107, 1),
(6, 108, 1),
(6, 109, 1),
(6, 110, 1),
(6, 113, 1),
(6, 114, 1),
(6, 115, 1),
(6, 116, 1),
(6, 117, 1),
(6, 118, 1),
(6, 119, 1),
(6, 120, 1),
(6, 121, 1),
(6, 122, 1),
(6, 124, 1),
(7, 91, 1),
(7, 93, 1),
(7, 94, 1),
(7, 95, 1),
(7, 98, 1),
(7, 99, 1),
(7, 100, 1),
(7, 101, 1),
(7, 106, 1),
(7, 107, 1),
(7, 108, 1),
(7, 109, 1),
(7, 112, 1),
(7, 113, 1),
(7, 114, 1),
(7, 115, 1),
(7, 116, 1),
(7, 121, 1),
(7, 122, 1),
(7, 124, 1),
(8, 91, 1),
(8, 93, 1),
(8, 94, 1),
(8, 95, 1),
(8, 98, 1),
(8, 100, 1),
(8, 101, 1),
(8, 103, 0),
(8, 104, 0),
(8, 116, 0),
(8, 121, 0),
(8, 122, 1),
(8, 124, 1),
(9, 91, 1),
(9, 93, 0),
(9, 94, 1),
(9, 95, 1),
(9, 98, 1),
(9, 99, 1),
(9, 100, 1),
(9, 101, 1),
(9, 106, 1),
(9, 107, 1),
(9, 108, 1),
(9, 109, 1),
(9, 112, 1),
(9, 113, 1),
(9, 114, 1),
(9, 115, 1),
(9, 116, 1),
(9, 121, 1),
(9, 122, 1),
(9, 124, 1),
(10, 34, 1),
(10, 35, 1),
(10, 36, 1),
(10, 37, 1),
(10, 38, 1),
(10, 39, 1),
(10, 40, 1),
(10, 41, 1),
(10, 42, 1),
(10, 43, 1),
(10, 44, 1),
(10, 45, 1),
(10, 46, 1),
(10, 47, 1),
(10, 48, 1),
(11, 34, 1),
(11, 35, 1),
(11, 37, 1),
(11, 38, 1),
(11, 39, 1),
(11, 40, 1),
(11, 41, 1),
(11, 42, 1),
(11, 43, 1),
(11, 44, 1),
(11, 45, 1),
(11, 47, 1),
(11, 48, 1),
(12, 34, 1),
(12, 37, 1),
(12, 38, 1),
(12, 39, 1),
(12, 43, 1),
(12, 45, 1),
(12, 47, 1),
(13, 34, 1),
(13, 35, 1),
(13, 38, 1),
(14, 1, 1),
(14, 2, 1),
(14, 3, 1),
(14, 4, 1),
(14, 5, 1),
(14, 6, 1),
(14, 7, 1),
(14, 8, 1),
(14, 9, 1),
(14, 10, 1),
(14, 11, 1),
(14, 12, 1),
(14, 13, 1),
(14, 14, 1),
(14, 15, 1),
(14, 16, 1),
(14, 17, 1),
(14, 18, 1),
(14, 19, 1),
(14, 20, 1),
(14, 21, 1),
(14, 22, 1),
(14, 23, 1),
(14, 24, 1),
(14, 25, 1),
(14, 26, 1),
(14, 27, 1),
(14, 28, 1),
(14, 29, 1),
(14, 30, 1),
(14, 31, 1),
(14, 32, 1),
(14, 33, 1),
(15, 1, 1),
(15, 4, 1),
(15, 5, 1),
(15, 6, 1),
(15, 7, 1),
(15, 8, 1),
(15, 9, 1),
(15, 10, 1),
(15, 12, 1),
(15, 14, 1),
(15, 15, 1),
(15, 16, 1),
(15, 17, 1),
(15, 19, 1),
(15, 20, 1),
(15, 21, 1),
(15, 22, 1),
(15, 23, 1),
(15, 24, 1),
(15, 25, 1),
(15, 26, 1),
(15, 27, 1),
(15, 29, 1),
(15, 31, 1),
(15, 32, 1),
(15, 33, 1),
(16, 1, 0),
(17, 1, 1),
(17, 8, 1),
(17, 15, 1),
(17, 16, 1),
(17, 21, 1),
(17, 22, 1),
(17, 25, 1),
(17, 29, 1),
(18, 1, 1),
(18, 5, 1),
(18, 8, 1),
(18, 9, 1),
(18, 10, 1),
(18, 14, 1),
(18, 15, 1),
(18, 16, 1),
(18, 17, 1),
(18, 19, 1),
(18, 20, 1),
(18, 21, 1),
(18, 22, 1),
(18, 23, 1),
(18, 24, 1),
(18, 25, 1),
(18, 26, 1),
(18, 27, 1),
(18, 29, 1),
(18, 31, 1),
(18, 33, 1),
(19, 1, 1),
(19, 8, 1),
(19, 15, 1),
(19, 16, 1),
(19, 21, 1),
(19, 22, 1),
(20, 1, 1),
(20, 4, 1),
(20, 5, 1),
(20, 8, 1),
(20, 9, 1),
(20, 10, 1),
(20, 14, 1),
(20, 15, 1),
(20, 16, 1),
(20, 17, 0),
(20, 19, 1),
(20, 20, 1),
(20, 21, 1),
(20, 22, 1),
(20, 23, 1),
(20, 24, 1),
(20, 25, 1),
(20, 26, 1),
(20, 27, 1),
(20, 29, 1),
(20, 31, 1),
(20, 33, 1),
(21, 1, 1),
(21, 4, 1),
(21, 5, 1),
(21, 6, 1),
(21, 7, 1),
(21, 8, 1),
(21, 9, 1),
(21, 10, 1),
(21, 12, 1),
(21, 14, 1),
(21, 15, 1),
(21, 16, 1),
(21, 17, 1),
(21, 18, 1),
(21, 19, 1),
(21, 20, 1),
(21, 21, 1),
(21, 22, 1),
(21, 23, 1),
(21, 24, 1),
(21, 25, 1),
(21, 26, 1),
(21, 27, 1),
(21, 29, 1),
(21, 31, 1),
(21, 32, 1),
(21, 33, 1),
(22, 1, 1),
(22, 5, 1),
(22, 8, 1),
(22, 9, 1),
(22, 10, 1),
(22, 14, 1),
(22, 15, 1),
(22, 16, 1),
(22, 17, 1),
(22, 18, 1),
(22, 19, 1),
(22, 20, 1),
(22, 21, 1),
(22, 22, 1),
(22, 23, 1),
(22, 24, 1),
(22, 25, 1),
(22, 26, 1),
(22, 27, 1),
(22, 29, 1),
(22, 31, 1),
(22, 33, 1),
(23, 99, 0),
(23, 103, 0),
(23, 104, 0),
(23, 121, 0),
(24, 17, 0);

-- --------------------------------------------------------

--
-- Структура таблиці `phpbb_acl_users`
--

CREATE TABLE `phpbb_acl_users` (
  `user_id` int(10) UNSIGNED NOT NULL DEFAULT '0',
  `forum_id` mediumint(8) UNSIGNED NOT NULL DEFAULT '0',
  `auth_option_id` mediumint(8) UNSIGNED NOT NULL DEFAULT '0',
  `auth_role_id` mediumint(8) UNSIGNED NOT NULL DEFAULT '0',
  `auth_setting` tinyint(2) NOT NULL DEFAULT '0'
) ENGINE=InnoDB DEFAULT CHARSET=utf8 COLLATE=utf8_bin;

--
-- Дамп даних таблиці `phpbb_acl_users`
--

INSERT INTO `phpbb_acl_users` (`user_id`, `forum_id`, `auth_option_id`, `auth_role_id`, `auth_setting`) VALUES
(2, 0, 0, 5, 0);

-- --------------------------------------------------------

--
-- Структура таблиці `phpbb_attachments`
--

CREATE TABLE `phpbb_attachments` (
  `attach_id` int(10) UNSIGNED NOT NULL,
  `post_msg_id` int(10) UNSIGNED NOT NULL DEFAULT '0',
  `topic_id` int(10) UNSIGNED NOT NULL DEFAULT '0',
  `in_message` tinyint(1) UNSIGNED NOT NULL DEFAULT '0',
  `poster_id` int(10) UNSIGNED NOT NULL DEFAULT '0',
  `is_orphan` tinyint(1) UNSIGNED NOT NULL DEFAULT '1',
  `physical_filename` varchar(255) COLLATE utf8_bin NOT NULL DEFAULT '',
  `real_filename` varchar(255) COLLATE utf8_bin NOT NULL DEFAULT '',
  `download_count` mediumint(8) UNSIGNED NOT NULL DEFAULT '0',
  `attach_comment` text COLLATE utf8_bin NOT NULL,
  `extension` varchar(100) COLLATE utf8_bin NOT NULL DEFAULT '',
  `mimetype` varchar(100) COLLATE utf8_bin NOT NULL DEFAULT '',
  `filesize` int(20) UNSIGNED NOT NULL DEFAULT '0',
  `filetime` int(11) UNSIGNED NOT NULL DEFAULT '0',
  `thumbnail` tinyint(1) UNSIGNED NOT NULL DEFAULT '0'
) ENGINE=InnoDB DEFAULT CHARSET=utf8 COLLATE=utf8_bin;

-- --------------------------------------------------------

--
-- Структура таблиці `phpbb_banlist`
--

CREATE TABLE `phpbb_banlist` (
  `ban_id` int(10) UNSIGNED NOT NULL,
  `ban_userid` int(10) UNSIGNED NOT NULL DEFAULT '0',
  `ban_ip` varchar(40) COLLATE utf8_bin NOT NULL DEFAULT '',
  `ban_email` varchar(100) COLLATE utf8_bin NOT NULL DEFAULT '',
  `ban_start` int(11) UNSIGNED NOT NULL DEFAULT '0',
  `ban_end` int(11) UNSIGNED NOT NULL DEFAULT '0',
  `ban_exclude` tinyint(1) UNSIGNED NOT NULL DEFAULT '0',
  `ban_reason` varchar(255) COLLATE utf8_bin NOT NULL DEFAULT '',
  `ban_give_reason` varchar(255) COLLATE utf8_bin NOT NULL DEFAULT ''
) ENGINE=InnoDB DEFAULT CHARSET=utf8 COLLATE=utf8_bin;

-- --------------------------------------------------------

--
-- Структура таблиці `phpbb_bbcodes`
--

CREATE TABLE `phpbb_bbcodes` (
  `bbcode_id` smallint(4) UNSIGNED NOT NULL DEFAULT '0',
  `bbcode_tag` varchar(16) COLLATE utf8_bin NOT NULL DEFAULT '',
  `bbcode_helpline` varchar(255) COLLATE utf8_bin NOT NULL DEFAULT '',
  `display_on_posting` tinyint(1) UNSIGNED NOT NULL DEFAULT '0',
  `bbcode_match` text COLLATE utf8_bin NOT NULL,
  `bbcode_tpl` mediumtext COLLATE utf8_bin NOT NULL,
  `first_pass_match` mediumtext COLLATE utf8_bin NOT NULL,
  `first_pass_replace` mediumtext COLLATE utf8_bin NOT NULL,
  `second_pass_match` mediumtext COLLATE utf8_bin NOT NULL,
  `second_pass_replace` mediumtext COLLATE utf8_bin NOT NULL
) ENGINE=InnoDB DEFAULT CHARSET=utf8 COLLATE=utf8_bin;

-- --------------------------------------------------------

--
-- Структура таблиці `phpbb_bookmarks`
--

CREATE TABLE `phpbb_bookmarks` (
  `topic_id` int(10) UNSIGNED NOT NULL DEFAULT '0',
  `user_id` int(10) UNSIGNED NOT NULL DEFAULT '0'
) ENGINE=InnoDB DEFAULT CHARSET=utf8 COLLATE=utf8_bin;

-- --------------------------------------------------------

--
-- Структура таблиці `phpbb_bots`
--

CREATE TABLE `phpbb_bots` (
  `bot_id` int(10) UNSIGNED NOT NULL,
  `bot_active` tinyint(1) UNSIGNED NOT NULL DEFAULT '1',
  `bot_name` varchar(255) COLLATE utf8_bin NOT NULL DEFAULT '',
  `user_id` int(10) UNSIGNED NOT NULL DEFAULT '0',
  `bot_agent` varchar(255) COLLATE utf8_bin NOT NULL DEFAULT '',
  `bot_ip` varchar(255) COLLATE utf8_bin NOT NULL DEFAULT ''
) ENGINE=InnoDB DEFAULT CHARSET=utf8 COLLATE=utf8_bin;

--
-- Дамп даних таблиці `phpbb_bots`
--

INSERT INTO `phpbb_bots` (`bot_id`, `bot_active`, `bot_name`, `user_id`, `bot_agent`, `bot_ip`) VALUES
(1, 1, 'AdsBot [Google]', 3, 'AdsBot-Google', ''),
(2, 1, 'Alexa [Bot]', 4, 'ia_archiver', ''),
(3, 1, 'Alta Vista [Bot]', 5, 'Scooter/', ''),
(4, 1, 'Ask Jeeves [Bot]', 6, 'Ask Jeeves', ''),
(5, 1, 'Baidu [Spider]', 7, 'Baiduspider', ''),
(6, 1, 'Bing [Bot]', 8, 'bingbot/', ''),
(7, 1, 'Exabot [Bot]', 9, 'Exabot', ''),
(8, 1, 'FAST Enterprise [Crawler]', 10, 'FAST Enterprise Crawler', ''),
(9, 1, 'FAST WebCrawler [Crawler]', 11, 'FAST-WebCrawler/', ''),
(10, 1, 'Francis [Bot]', 12, 'http://www.neomo.de/', ''),
(11, 1, 'Gigabot [Bot]', 13, 'Gigabot/', ''),
(12, 1, 'Google Adsense [Bot]', 14, 'Mediapartners-Google', ''),
(13, 1, 'Google Desktop', 15, 'Google Desktop', ''),
(14, 1, 'Google Feedfetcher', 16, 'Feedfetcher-Google', ''),
(15, 1, 'Google [Bot]', 17, 'Googlebot', ''),
(16, 1, 'Heise IT-Markt [Crawler]', 18, 'heise-IT-Markt-Crawler', ''),
(17, 1, 'Heritrix [Crawler]', 19, 'heritrix/1.', ''),
(18, 1, 'IBM Research [Bot]', 20, 'ibm.com/cs/crawler', ''),
(19, 1, 'ICCrawler - ICjobs', 21, 'ICCrawler - ICjobs', ''),
(20, 1, 'ichiro [Crawler]', 22, 'ichiro/', ''),
(21, 1, 'Majestic-12 [Bot]', 23, 'MJ12bot/', ''),
(22, 1, 'Metager [Bot]', 24, 'MetagerBot/', ''),
(23, 1, 'MSN NewsBlogs', 25, 'msnbot-NewsBlogs/', ''),
(24, 1, 'MSN [Bot]', 26, 'msnbot/', ''),
(25, 1, 'MSNbot Media', 27, 'msnbot-media/', ''),
(26, 1, 'Nutch [Bot]', 28, 'http://lucene.apache.org/nutch/', ''),
(27, 1, 'Online link [Validator]', 29, 'online link validator', ''),
(28, 1, 'psbot [Picsearch]', 30, 'psbot/0', ''),
(29, 1, 'Sensis [Crawler]', 31, 'Sensis Web Crawler', ''),
(30, 1, 'SEO Crawler', 32, 'SEO search Crawler/', ''),
(31, 1, 'Seoma [Crawler]', 33, 'Seoma [SEO Crawler]', ''),
(32, 1, 'SEOSearch [Crawler]', 34, 'SEOsearch/', ''),
(33, 1, 'Snappy [Bot]', 35, 'Snappy/1.1 ( http://www.urltrends.com/ )', ''),
(34, 1, 'Steeler [Crawler]', 36, 'http://www.tkl.iis.u-tokyo.ac.jp/~crawler/', ''),
(35, 1, 'Telekom [Bot]', 37, 'crawleradmin.t-info@telekom.de', ''),
(36, 1, 'TurnitinBot [Bot]', 38, 'TurnitinBot/', ''),
(37, 1, 'Voyager [Bot]', 39, 'voyager/', ''),
(38, 1, 'W3 [Sitesearch]', 40, 'W3 SiteSearch Crawler', ''),
(39, 1, 'W3C [Linkcheck]', 41, 'W3C-checklink/', ''),
(40, 1, 'W3C [Validator]', 42, 'W3C_Validator', ''),
(41, 1, 'YaCy [Bot]', 43, 'yacybot', ''),
(42, 1, 'Yahoo MMCrawler [Bot]', 44, 'Yahoo-MMCrawler/', ''),
(43, 1, 'Yahoo Slurp [Bot]', 45, 'Yahoo! DE Slurp', ''),
(44, 1, 'Yahoo [Bot]', 46, 'Yahoo! Slurp', ''),
(45, 1, 'YahooSeeker [Bot]', 47, 'YahooSeeker/', '');

-- --------------------------------------------------------

--
-- Структура таблиці `phpbb_config`
--

CREATE TABLE `phpbb_config` (
  `config_name` varchar(255) COLLATE utf8_bin NOT NULL DEFAULT '',
  `config_value` varchar(255) COLLATE utf8_bin NOT NULL DEFAULT '',
  `is_dynamic` tinyint(1) UNSIGNED NOT NULL DEFAULT '0'
) ENGINE=InnoDB DEFAULT CHARSET=utf8 COLLATE=utf8_bin;

--
-- Дамп даних таблиці `phpbb_config`
--

INSERT INTO `phpbb_config` (`config_name`, `config_value`, `is_dynamic`) VALUES
('active_sessions', '0', 0),
('allow_attachments', '1', 0),
('allow_autologin', '1', 0),
('allow_avatar', '1', 0),
('allow_avatar_gravatar', '0', 0),
('allow_avatar_local', '0', 0),
('allow_avatar_remote', '0', 0),
('allow_avatar_remote_upload', '0', 0),
('allow_avatar_upload', '1', 0),
('allow_bbcode', '1', 0),
('allow_birthdays', '1', 0),
('allow_board_notifications', '1', 0),
('allow_bookmarks', '1', 0),
('allow_cdn', '0', 0),
('allow_emailreuse', '0', 0),
('allow_forum_notify', '1', 0),
('allow_live_searches', '1', 0),
('allow_mass_pm', '1', 0),
('allow_name_chars', 'USERNAME_CHARS_ANY', 0),
('allow_namechange', '0', 0),
('allow_nocensors', '0', 0),
('allow_password_reset', '1', 0),
('allow_pm_attach', '0', 0),
('allow_pm_report', '1', 0),
('allow_post_flash', '1', 0),
('allow_post_links', '1', 0),
('allow_privmsg', '1', 0),
('allow_quick_reply', '1', 0),
('allow_sig', '1', 0),
('allow_sig_bbcode', '1', 0),
('allow_sig_flash', '0', 0),
('allow_sig_img', '1', 0),
('allow_sig_links', '1', 0),
('allow_sig_pm', '1', 0),
('allow_sig_smilies', '1', 0),
('allow_smilies', '1', 0),
('allow_topic_notify', '1', 0),
('allow_viglink_phpbb', '1', 0),
('allowed_schemes_links', 'http,https,ftp', 0),
('assets_version', '2', 0),
('attachment_quota', '52428800', 0),
('auth_bbcode_pm', '1', 0),
('auth_flash_pm', '0', 0),
('auth_img_pm', '1', 0),
('auth_method', 'db', 0),
('auth_smilies_pm', '1', 0),
('avatar_filesize', '6144', 0),
('avatar_gallery_path', 'images/avatars/gallery', 0),
('avatar_max_height', '90', 0),
('avatar_max_width', '90', 0),
('avatar_min_height', '20', 0),
('avatar_min_width', '20', 0),
('avatar_path', 'images/avatars/upload', 0),
('avatar_salt', 'b0b9b291576b5252edc370321035892b', 0),
('board_contact', 'rodnyk@ukr.net', 0),
('board_contact_name', '', 0),
('board_disable', '0', 0),
('board_disable_msg', '', 0),
('board_email', 'rodnyk@ukr.net', 0),
('board_email_form', '0', 0),
('board_email_sig', 'Thanks, The Management', 0),
('board_hide_emails', '1', 0),
('board_index_text', '', 0),
('board_startdate', '1527516950', 0),
('board_timezone', 'UTC', 0),
('browser_check', '1', 0),
('bump_interval', '10', 0),
('bump_type', 'd', 0),
('cache_gc', '7200', 0),
('cache_last_gc', '0', 1),
('captcha_gd', '1', 0),
('captcha_gd_3d_noise', '1', 0),
('captcha_gd_fonts', '1', 0),
('captcha_gd_foreground_noise', '0', 0),
('captcha_gd_wave', '0', 0),
('captcha_gd_x_grid', '25', 0),
('captcha_gd_y_grid', '25', 0),
('captcha_plugin', 'core.captcha.plugins.gd', 0),
('check_attachment_content', '1', 0),
('check_dnsbl', '0', 0),
('chg_passforce', '0', 0),
('confirm_refresh', '1', 0),
('contact_admin_form_enable', '1', 0),
('cookie_domain', 'cms-sfs', 0),
('cookie_name', 'phpbb3_5ao3e', 0),
('cookie_path', '/', 0),
('cookie_secure', '', 0),
('coppa_enable', '0', 0),
('coppa_fax', '', 0),
('coppa_mail', '', 0),
('cron_lock', '0', 1),
('database_gc', '604800', 0),
('database_last_gc', '0', 1),
('dbms_version', '5.6.38', 0),
('default_dateformat', 'D M d, Y g:i a', 0),
('default_lang', 'en', 0),
('default_style', '1', 0),
('delete_time', '0', 0),
('display_last_edited', '1', 0),
('display_last_subject', '1', 0),
('display_order', '0', 0),
('edit_time', '0', 0),
('email_check_mx', '1', 0),
('email_enable', '1', 0),
('email_force_sender', '0', 0),
('email_max_chunk_size', '50', 0),
('email_package_size', '20', 0),
('enable_confirm', '1', 0),
('enable_mod_rewrite', '0', 0),
('enable_pm_icons', '1', 0),
('enable_post_confirm', '1', 0),
('extension_force_unstable', '0', 0),
('feed_enable', '1', 0),
('feed_forum', '1', 0),
('feed_http_auth', '0', 0),
('feed_item_statistics', '1', 0),
('feed_limit_post', '15', 0),
('feed_limit_topic', '10', 0),
('feed_overall', '1', 0),
('feed_overall_forums', '0', 0),
('feed_topic', '1', 0),
('feed_topics_active', '0', 0),
('feed_topics_new', '1', 0),
('flood_interval', '15', 0),
('force_server_vars', '0', 0),
('form_token_lifetime', '7200', 0),
('form_token_mintime', '0', 0),
('form_token_sid_guests', '1', 0),
('forward_pm', '1', 0),
('forwarded_for_check', '0', 0),
('full_folder_action', '2', 0),
('fulltext_mysql_max_word_len', '254', 0),
('fulltext_mysql_min_word_len', '4', 0),
('fulltext_native_common_thres', '5', 0),
('fulltext_native_load_upd', '1', 0),
('fulltext_native_max_chars', '14', 0),
('fulltext_native_min_chars', '3', 0),
('fulltext_postgres_max_word_len', '254', 0),
('fulltext_postgres_min_word_len', '4', 0),
('fulltext_postgres_ts_name', 'simple', 0),
('fulltext_sphinx_indexer_mem_limit', '512', 0),
('fulltext_sphinx_stopwords', '0', 0),
('gzip_compress', '0', 0),
('help_send_statistics', '1', 0),
('help_send_statistics_time', '0', 0),
('hot_threshold', '25', 0),
('icons_path', 'images/icons', 0),
('img_create_thumbnail', '0', 0),
('img_display_inlined', '1', 0),
('img_imagick', 'c:/ospanel/modules/imagemagick', 0),
('img_link_height', '0', 0),
('img_link_width', '0', 0),
('img_max_height', '0', 0),
('img_max_thumb_width', '400', 0),
('img_max_width', '0', 0),
('img_min_thumb_filesize', '12000', 0),
('ip_check', '3', 0),
('ip_login_limit_max', '50', 0),
('ip_login_limit_time', '21600', 0),
('ip_login_limit_use_forwarded', '0', 0),
('jab_enable', '0', 0),
('jab_host', '', 0),
('jab_package_size', '20', 0),
('jab_password', '', 0),
('jab_port', '5222', 0),
('jab_use_ssl', '0', 0),
('jab_username', '', 0),
('last_queue_run', '0', 1),
('ldap_base_dn', '', 0),
('ldap_email', '', 0),
('ldap_password', '', 0),
('ldap_port', '', 0),
('ldap_server', '', 0),
('ldap_uid', '', 0),
('ldap_user', '', 0),
('ldap_user_filter', '', 0),
('legend_sort_groupname', '0', 0),
('limit_load', '0', 0),
('limit_search_load', '0', 0),
('load_anon_lastread', '0', 0),
('load_birthdays', '1', 0),
('load_cpf_memberlist', '1', 0),
('load_cpf_pm', '1', 0),
('load_cpf_viewprofile', '1', 0),
('load_cpf_viewtopic', '1', 0),
('load_db_lastread', '1', 0),
('load_db_track', '1', 0),
('load_jquery_url', '//ajax.googleapis.com/ajax/libs/jquery/1.11.0/jquery.min.js', 0),
('load_jumpbox', '1', 0),
('load_moderators', '1', 0),
('load_notifications', '1', 0),
('load_online', '1', 0),
('load_online_guests', '1', 0),
('load_online_time', '5', 0),
('load_onlinetrack', '1', 0),
('load_search', '1', 0),
('load_tplcompile', '0', 0),
('load_unreads_search', '1', 0),
('load_user_activity', '1', 0),
('load_user_activity_limit', '5000', 0),
('max_attachments', '3', 0),
('max_attachments_pm', '1', 0),
('max_autologin_time', '0', 0),
('max_filesize', '262144', 0),
('max_filesize_pm', '262144', 0),
('max_login_attempts', '3', 0),
('max_name_chars', '20', 0),
('max_num_search_keywords', '10', 0),
('max_pass_chars', '100', 0),
('max_poll_options', '10', 0),
('max_post_chars', '60000', 0),
('max_post_font_size', '200', 0),
('max_post_img_height', '0', 0),
('max_post_img_width', '0', 0),
('max_post_smilies', '0', 0),
('max_post_urls', '0', 0),
('max_quote_depth', '3', 0),
('max_reg_attempts', '5', 0),
('max_sig_chars', '255', 0),
('max_sig_font_size', '200', 0),
('max_sig_img_height', '0', 0),
('max_sig_img_width', '0', 0),
('max_sig_smilies', '0', 0),
('max_sig_urls', '5', 0),
('mime_triggers', 'body|head|html|img|plaintext|a href|pre|script|table|title', 0),
('min_name_chars', '3', 0),
('min_pass_chars', '6', 0),
('min_post_chars', '1', 0),
('min_search_author_chars', '3', 0),
('new_member_group_default', '0', 0),
('new_member_post_limit', '3', 0),
('newest_user_colour', 'AA0000', 1),
('newest_user_id', '2', 1),
('newest_username', 'admin', 1),
('num_files', '0', 1),
('num_posts', '1', 1),
('num_topics', '1', 1),
('num_users', '1', 1),
('override_user_style', '0', 0),
('pass_complex', 'PASS_TYPE_ANY', 0),
('phpbb_viglink_api_key', 'e4fd14f5d7f2bb6d80b8f8da1354718c', 0),
('plupload_last_gc', '0', 1),
('plupload_salt', 'dcf036ff6bbff00b471245a18b95484e', 0),
('pm_edit_time', '0', 0),
('pm_max_boxes', '4', 0),
('pm_max_msgs', '50', 0),
('pm_max_recipients', '0', 0),
('posts_per_page', '10', 0),
('print_pm', '1', 0),
('queue_interval', '60', 0),
('rand_seed', 'b9a5fa76ad2fbb738127fc5d96ae3dd5', 1),
('rand_seed_last_update', '1527516950', 1),
('ranks_path', 'images/ranks', 0),
('read_notification_expire_days', '30', 0),
('read_notification_gc', '86400', 0),
('read_notification_last_gc', '0', 1),
('record_online_date', '0', 1),
('record_online_users', '0', 1),
('referer_validation', '0', 0),
('remote_upload_verify', '0', 0),
('require_activation', '0', 0),
('script_path', '/forum', 0),
('search_anonymous_interval', '0', 0),
('search_block_size', '250', 0),
('search_gc', '7200', 0),
('search_indexing_state', '', 1),
('search_interval', '0', 0),
('search_last_gc', '0', 1),
('search_store_results', '1800', 0),
('search_type', '\\phpbb\\search\\fulltext_native', 0),
('secure_allow_deny', '1', 0),
('secure_allow_empty_referer', '1', 0),
('secure_downloads', '0', 0),
('server_name', 'cms-sfs', 0),
('server_port', '80', 0),
('server_protocol', 'http://', 0),
('session_gc', '3600', 0),
('session_last_gc', '0', 1),
('session_length', '3600', 0),
('site_desc', 'Форум територіального органу ДФС', 0),
('site_home_text', '', 0),
('site_home_url', '', 0),
('sitename', 'sfs-cms', 0),
('smilies_path', 'images/smilies', 0),
('smilies_per_page', '50', 0),
('smtp_auth_method', 'PLAIN', 0),
('smtp_delivery', '0', 0),
('smtp_host', '', 0),
('smtp_password', '', 0),
('smtp_port', '', 0),
('smtp_username', '', 0),
('teampage_forums', '1', 0),
('teampage_memberships', '1', 0),
('topics_per_page', '25', 0),
('tpl_allow_php', '0', 0),
('upload_dir_size', '0', 1),
('upload_icons_path', 'images/upload_icons', 0),
('upload_path', 'files', 0),
('use_system_cron', '0', 0),
('version', '3.2.2', 0),
('viglink_api_siteid', 'd41d8cd98f00b204e9800998ecf8427e', 0),
('viglink_ask_admin', '', 0),
('viglink_ask_admin_last', '0', 0),
('viglink_convert_account_url', '', 0),
('viglink_enabled', '0', 0),
('viglink_last_gc', '1527516953', 1),
('warnings_expire_days', '90', 0),
('warnings_gc', '14400', 0),
('warnings_last_gc', '0', 1);

-- --------------------------------------------------------

--
-- Структура таблиці `phpbb_config_text`
--

CREATE TABLE `phpbb_config_text` (
  `config_name` varchar(255) COLLATE utf8_bin NOT NULL DEFAULT '',
  `config_value` mediumtext COLLATE utf8_bin NOT NULL
) ENGINE=InnoDB DEFAULT CHARSET=utf8 COLLATE=utf8_bin;

--
-- Дамп даних таблиці `phpbb_config_text`
--

INSERT INTO `phpbb_config_text` (`config_name`, `config_value`) VALUES
('contact_admin_info', ''),
('contact_admin_info_bitfield', ''),
('contact_admin_info_flags', '7'),
('contact_admin_info_uid', '');

-- --------------------------------------------------------

--
-- Структура таблиці `phpbb_confirm`
--

CREATE TABLE `phpbb_confirm` (
  `confirm_id` char(32) COLLATE utf8_bin NOT NULL DEFAULT '',
  `session_id` char(32) COLLATE utf8_bin NOT NULL DEFAULT '',
  `confirm_type` tinyint(3) NOT NULL DEFAULT '0',
  `code` varchar(8) COLLATE utf8_bin NOT NULL DEFAULT '',
  `seed` int(10) UNSIGNED NOT NULL DEFAULT '0',
  `attempts` mediumint(8) UNSIGNED NOT NULL DEFAULT '0'
) ENGINE=InnoDB DEFAULT CHARSET=utf8 COLLATE=utf8_bin;

-- --------------------------------------------------------

--
-- Структура таблиці `phpbb_disallow`
--

CREATE TABLE `phpbb_disallow` (
  `disallow_id` mediumint(8) UNSIGNED NOT NULL,
  `disallow_username` varchar(255) COLLATE utf8_bin NOT NULL DEFAULT ''
) ENGINE=InnoDB DEFAULT CHARSET=utf8 COLLATE=utf8_bin;

-- --------------------------------------------------------

--
-- Структура таблиці `phpbb_drafts`
--

CREATE TABLE `phpbb_drafts` (
  `draft_id` int(10) UNSIGNED NOT NULL,
  `user_id` int(10) UNSIGNED NOT NULL DEFAULT '0',
  `topic_id` int(10) UNSIGNED NOT NULL DEFAULT '0',
  `forum_id` mediumint(8) UNSIGNED NOT NULL DEFAULT '0',
  `save_time` int(11) UNSIGNED NOT NULL DEFAULT '0',
  `draft_subject` varchar(255) COLLATE utf8_bin NOT NULL DEFAULT '',
  `draft_message` mediumtext COLLATE utf8_bin NOT NULL
) ENGINE=InnoDB DEFAULT CHARSET=utf8 COLLATE=utf8_bin;

-- --------------------------------------------------------

--
-- Структура таблиці `phpbb_ext`
--

CREATE TABLE `phpbb_ext` (
  `ext_name` varchar(255) COLLATE utf8_bin NOT NULL DEFAULT '',
  `ext_active` tinyint(1) UNSIGNED NOT NULL DEFAULT '0',
  `ext_state` text COLLATE utf8_bin NOT NULL
) ENGINE=InnoDB DEFAULT CHARSET=utf8 COLLATE=utf8_bin;

--
-- Дамп даних таблиці `phpbb_ext`
--

INSERT INTO `phpbb_ext` (`ext_name`, `ext_active`, `ext_state`) VALUES
('phpbb/viglink', 1, 'b:0;');

-- --------------------------------------------------------

--
-- Структура таблиці `phpbb_extensions`
--

CREATE TABLE `phpbb_extensions` (
  `extension_id` mediumint(8) UNSIGNED NOT NULL,
  `group_id` mediumint(8) UNSIGNED NOT NULL DEFAULT '0',
  `extension` varchar(100) COLLATE utf8_bin NOT NULL DEFAULT ''
) ENGINE=InnoDB DEFAULT CHARSET=utf8 COLLATE=utf8_bin;

--
-- Дамп даних таблиці `phpbb_extensions`
--

INSERT INTO `phpbb_extensions` (`extension_id`, `group_id`, `extension`) VALUES
(1, 1, 'gif'),
(2, 1, 'png'),
(3, 1, 'jpeg'),
(4, 1, 'jpg'),
(5, 1, 'tif'),
(6, 1, 'tiff'),
(7, 1, 'tga'),
(8, 2, 'gtar'),
(9, 2, 'gz'),
(10, 2, 'tar'),
(11, 2, 'zip'),
(12, 2, 'rar'),
(13, 2, 'ace'),
(14, 2, 'torrent'),
(15, 2, 'tgz'),
(16, 2, 'bz2'),
(17, 2, '7z'),
(18, 3, 'txt'),
(19, 3, 'c'),
(20, 3, 'h'),
(21, 3, 'cpp'),
(22, 3, 'hpp'),
(23, 3, 'diz'),
(24, 3, 'csv'),
(25, 3, 'ini'),
(26, 3, 'log'),
(27, 3, 'js'),
(28, 3, 'xml'),
(29, 4, 'xls'),
(30, 4, 'xlsx'),
(31, 4, 'xlsm'),
(32, 4, 'xlsb'),
(33, 4, 'doc'),
(34, 4, 'docx'),
(35, 4, 'docm'),
(36, 4, 'dot'),
(37, 4, 'dotx'),
(38, 4, 'dotm'),
(39, 4, 'pdf'),
(40, 4, 'ai'),
(41, 4, 'ps'),
(42, 4, 'ppt'),
(43, 4, 'pptx'),
(44, 4, 'pptm'),
(45, 4, 'odg'),
(46, 4, 'odp'),
(47, 4, 'ods'),
(48, 4, 'odt'),
(49, 4, 'rtf'),
(50, 5, 'swf'),
(51, 6, 'mp3'),
(52, 6, 'mpeg'),
(53, 6, 'mpg'),
(54, 6, 'ogg'),
(55, 6, 'ogm');

-- --------------------------------------------------------

--
-- Структура таблиці `phpbb_extension_groups`
--

CREATE TABLE `phpbb_extension_groups` (
  `group_id` mediumint(8) UNSIGNED NOT NULL,
  `group_name` varchar(255) COLLATE utf8_bin NOT NULL DEFAULT '',
  `cat_id` tinyint(2) NOT NULL DEFAULT '0',
  `allow_group` tinyint(1) UNSIGNED NOT NULL DEFAULT '0',
  `download_mode` tinyint(1) UNSIGNED NOT NULL DEFAULT '1',
  `upload_icon` varchar(255) COLLATE utf8_bin NOT NULL DEFAULT '',
  `max_filesize` int(20) UNSIGNED NOT NULL DEFAULT '0',
  `allowed_forums` text COLLATE utf8_bin NOT NULL,
  `allow_in_pm` tinyint(1) UNSIGNED NOT NULL DEFAULT '0'
) ENGINE=InnoDB DEFAULT CHARSET=utf8 COLLATE=utf8_bin;

--
-- Дамп даних таблиці `phpbb_extension_groups`
--

INSERT INTO `phpbb_extension_groups` (`group_id`, `group_name`, `cat_id`, `allow_group`, `download_mode`, `upload_icon`, `max_filesize`, `allowed_forums`, `allow_in_pm`) VALUES
(1, 'IMAGES', 1, 1, 1, '', 0, '', 0),
(2, 'ARCHIVES', 0, 1, 1, '', 0, '', 0),
(3, 'PLAIN_TEXT', 0, 0, 1, '', 0, '', 0),
(4, 'DOCUMENTS', 0, 0, 1, '', 0, '', 0),
(5, 'FLASH_FILES', 5, 0, 1, '', 0, '', 0),
(6, 'DOWNLOADABLE_FILES', 0, 0, 1, '', 0, '', 0);

-- --------------------------------------------------------

--
-- Структура таблиці `phpbb_forums`
--

CREATE TABLE `phpbb_forums` (
  `forum_id` mediumint(8) UNSIGNED NOT NULL,
  `parent_id` mediumint(8) UNSIGNED NOT NULL DEFAULT '0',
  `left_id` mediumint(8) UNSIGNED NOT NULL DEFAULT '0',
  `right_id` mediumint(8) UNSIGNED NOT NULL DEFAULT '0',
  `forum_parents` mediumtext COLLATE utf8_bin NOT NULL,
  `forum_name` varchar(255) COLLATE utf8_bin NOT NULL DEFAULT '',
  `forum_desc` text COLLATE utf8_bin NOT NULL,
  `forum_desc_bitfield` varchar(255) COLLATE utf8_bin NOT NULL DEFAULT '',
  `forum_desc_options` int(11) UNSIGNED NOT NULL DEFAULT '7',
  `forum_desc_uid` varchar(8) COLLATE utf8_bin NOT NULL DEFAULT '',
  `forum_link` varchar(255) COLLATE utf8_bin NOT NULL DEFAULT '',
  `forum_password` varchar(255) COLLATE utf8_bin NOT NULL DEFAULT '',
  `forum_style` mediumint(8) UNSIGNED NOT NULL DEFAULT '0',
  `forum_image` varchar(255) COLLATE utf8_bin NOT NULL DEFAULT '',
  `forum_rules` text COLLATE utf8_bin NOT NULL,
  `forum_rules_link` varchar(255) COLLATE utf8_bin NOT NULL DEFAULT '',
  `forum_rules_bitfield` varchar(255) COLLATE utf8_bin NOT NULL DEFAULT '',
  `forum_rules_options` int(11) UNSIGNED NOT NULL DEFAULT '7',
  `forum_rules_uid` varchar(8) COLLATE utf8_bin NOT NULL DEFAULT '',
  `forum_topics_per_page` tinyint(4) NOT NULL DEFAULT '0',
  `forum_type` tinyint(4) NOT NULL DEFAULT '0',
  `forum_status` tinyint(4) NOT NULL DEFAULT '0',
  `forum_last_post_id` int(10) UNSIGNED NOT NULL DEFAULT '0',
  `forum_last_poster_id` int(10) UNSIGNED NOT NULL DEFAULT '0',
  `forum_last_post_subject` varchar(255) COLLATE utf8_bin NOT NULL DEFAULT '',
  `forum_last_post_time` int(11) UNSIGNED NOT NULL DEFAULT '0',
  `forum_last_poster_name` varchar(255) COLLATE utf8_bin NOT NULL DEFAULT '',
  `forum_last_poster_colour` varchar(6) COLLATE utf8_bin NOT NULL DEFAULT '',
  `forum_flags` tinyint(4) NOT NULL DEFAULT '32',
  `display_on_index` tinyint(1) UNSIGNED NOT NULL DEFAULT '1',
  `enable_indexing` tinyint(1) UNSIGNED NOT NULL DEFAULT '1',
  `enable_icons` tinyint(1) UNSIGNED NOT NULL DEFAULT '1',
  `enable_prune` tinyint(1) UNSIGNED NOT NULL DEFAULT '0',
  `prune_next` int(11) UNSIGNED NOT NULL DEFAULT '0',
  `prune_days` mediumint(8) UNSIGNED NOT NULL DEFAULT '0',
  `prune_viewed` mediumint(8) UNSIGNED NOT NULL DEFAULT '0',
  `prune_freq` mediumint(8) UNSIGNED NOT NULL DEFAULT '0',
  `display_subforum_list` tinyint(1) UNSIGNED NOT NULL DEFAULT '1',
  `forum_options` int(20) UNSIGNED NOT NULL DEFAULT '0',
  `forum_posts_approved` mediumint(8) UNSIGNED NOT NULL DEFAULT '0',
  `forum_posts_unapproved` mediumint(8) UNSIGNED NOT NULL DEFAULT '0',
  `forum_posts_softdeleted` mediumint(8) UNSIGNED NOT NULL DEFAULT '0',
  `forum_topics_approved` mediumint(8) UNSIGNED NOT NULL DEFAULT '0',
  `forum_topics_unapproved` mediumint(8) UNSIGNED NOT NULL DEFAULT '0',
  `forum_topics_softdeleted` mediumint(8) UNSIGNED NOT NULL DEFAULT '0',
  `enable_shadow_prune` tinyint(1) UNSIGNED NOT NULL DEFAULT '0',
  `prune_shadow_days` mediumint(8) UNSIGNED NOT NULL DEFAULT '7',
  `prune_shadow_freq` mediumint(8) UNSIGNED NOT NULL DEFAULT '1',
  `prune_shadow_next` int(11) NOT NULL DEFAULT '0'
) ENGINE=InnoDB DEFAULT CHARSET=utf8 COLLATE=utf8_bin;

--
-- Дамп даних таблиці `phpbb_forums`
--

INSERT INTO `phpbb_forums` (`forum_id`, `parent_id`, `left_id`, `right_id`, `forum_parents`, `forum_name`, `forum_desc`, `forum_desc_bitfield`, `forum_desc_options`, `forum_desc_uid`, `forum_link`, `forum_password`, `forum_style`, `forum_image`, `forum_rules`, `forum_rules_link`, `forum_rules_bitfield`, `forum_rules_options`, `forum_rules_uid`, `forum_topics_per_page`, `forum_type`, `forum_status`, `forum_last_post_id`, `forum_last_poster_id`, `forum_last_post_subject`, `forum_last_post_time`, `forum_last_poster_name`, `forum_last_poster_colour`, `forum_flags`, `display_on_index`, `enable_indexing`, `enable_icons`, `enable_prune`, `prune_next`, `prune_days`, `prune_viewed`, `prune_freq`, `display_subforum_list`, `forum_options`, `forum_posts_approved`, `forum_posts_unapproved`, `forum_posts_softdeleted`, `forum_topics_approved`, `forum_topics_unapproved`, `forum_topics_softdeleted`, `enable_shadow_prune`, `prune_shadow_days`, `prune_shadow_freq`, `prune_shadow_next`) VALUES
(1, 0, 1, 4, '', 'Your first category', '', '', 7, '', '', '', 0, '', '', '', '', 7, '', 0, 0, 0, 1, 2, '', 1527516950, 'admin', 'AA0000', 32, 1, 1, 1, 0, 0, 0, 0, 0, 1, 0, 0, 0, 0, 0, 0, 0, 0, 7, 1, 0),
(2, 1, 2, 3, '', 'Your first forum', 'Description of your first forum.', '', 7, '', '', '', 0, '', '', '', '', 7, '', 0, 1, 0, 1, 2, 'Welcome to phpBB3', 1527516950, 'admin', 'AA0000', 48, 1, 1, 1, 0, 0, 0, 0, 0, 1, 0, 1, 0, 0, 1, 0, 0, 0, 7, 1, 0);

-- --------------------------------------------------------

--
-- Структура таблиці `phpbb_forums_access`
--

CREATE TABLE `phpbb_forums_access` (
  `forum_id` mediumint(8) UNSIGNED NOT NULL DEFAULT '0',
  `user_id` int(10) UNSIGNED NOT NULL DEFAULT '0',
  `session_id` char(32) COLLATE utf8_bin NOT NULL DEFAULT ''
) ENGINE=InnoDB DEFAULT CHARSET=utf8 COLLATE=utf8_bin;

-- --------------------------------------------------------

--
-- Структура таблиці `phpbb_forums_track`
--

CREATE TABLE `phpbb_forums_track` (
  `user_id` int(10) UNSIGNED NOT NULL DEFAULT '0',
  `forum_id` mediumint(8) UNSIGNED NOT NULL DEFAULT '0',
  `mark_time` int(11) UNSIGNED NOT NULL DEFAULT '0'
) ENGINE=InnoDB DEFAULT CHARSET=utf8 COLLATE=utf8_bin;

-- --------------------------------------------------------

--
-- Структура таблиці `phpbb_forums_watch`
--

CREATE TABLE `phpbb_forums_watch` (
  `forum_id` mediumint(8) UNSIGNED NOT NULL DEFAULT '0',
  `user_id` int(10) UNSIGNED NOT NULL DEFAULT '0',
  `notify_status` tinyint(1) UNSIGNED NOT NULL DEFAULT '0'
) ENGINE=InnoDB DEFAULT CHARSET=utf8 COLLATE=utf8_bin;

-- --------------------------------------------------------

--
-- Структура таблиці `phpbb_groups`
--

CREATE TABLE `phpbb_groups` (
  `group_id` mediumint(8) UNSIGNED NOT NULL,
  `group_type` tinyint(4) NOT NULL DEFAULT '1',
  `group_founder_manage` tinyint(1) UNSIGNED NOT NULL DEFAULT '0',
  `group_skip_auth` tinyint(1) UNSIGNED NOT NULL DEFAULT '0',
  `group_name` varchar(255) COLLATE utf8_bin NOT NULL DEFAULT '',
  `group_desc` text COLLATE utf8_bin NOT NULL,
  `group_desc_bitfield` varchar(255) COLLATE utf8_bin NOT NULL DEFAULT '',
  `group_desc_options` int(11) UNSIGNED NOT NULL DEFAULT '7',
  `group_desc_uid` varchar(8) COLLATE utf8_bin NOT NULL DEFAULT '',
  `group_display` tinyint(1) UNSIGNED NOT NULL DEFAULT '0',
  `group_avatar` varchar(255) COLLATE utf8_bin NOT NULL DEFAULT '',
  `group_avatar_type` varchar(255) COLLATE utf8_bin NOT NULL DEFAULT '',
  `group_avatar_width` smallint(4) UNSIGNED NOT NULL DEFAULT '0',
  `group_avatar_height` smallint(4) UNSIGNED NOT NULL DEFAULT '0',
  `group_rank` mediumint(8) UNSIGNED NOT NULL DEFAULT '0',
  `group_colour` varchar(6) COLLATE utf8_bin NOT NULL DEFAULT '',
  `group_sig_chars` mediumint(8) UNSIGNED NOT NULL DEFAULT '0',
  `group_receive_pm` tinyint(1) UNSIGNED NOT NULL DEFAULT '0',
  `group_message_limit` mediumint(8) UNSIGNED NOT NULL DEFAULT '0',
  `group_legend` mediumint(8) UNSIGNED NOT NULL DEFAULT '0',
  `group_max_recipients` mediumint(8) UNSIGNED NOT NULL DEFAULT '0'
) ENGINE=InnoDB DEFAULT CHARSET=utf8 COLLATE=utf8_bin;

--
-- Дамп даних таблиці `phpbb_groups`
--

INSERT INTO `phpbb_groups` (`group_id`, `group_type`, `group_founder_manage`, `group_skip_auth`, `group_name`, `group_desc`, `group_desc_bitfield`, `group_desc_options`, `group_desc_uid`, `group_display`, `group_avatar`, `group_avatar_type`, `group_avatar_width`, `group_avatar_height`, `group_rank`, `group_colour`, `group_sig_chars`, `group_receive_pm`, `group_message_limit`, `group_legend`, `group_max_recipients`) VALUES
(1, 3, 0, 0, 'GUESTS', '', '', 7, '', 0, '', '', 0, 0, 0, '', 0, 0, 0, 0, 5),
(2, 3, 0, 0, 'REGISTERED', '', '', 7, '', 0, '', '', 0, 0, 0, '', 0, 0, 0, 0, 5),
(3, 3, 0, 0, 'REGISTERED_COPPA', '', '', 7, '', 0, '', '', 0, 0, 0, '', 0, 0, 0, 0, 5),
(4, 3, 0, 0, 'GLOBAL_MODERATORS', '', '', 7, '', 0, '', '', 0, 0, 0, '00AA00', 0, 0, 0, 2, 0),
(5, 3, 1, 0, 'ADMINISTRATORS', '', '', 7, '', 0, '', '', 0, 0, 0, 'AA0000', 0, 0, 0, 1, 0),
(6, 3, 0, 0, 'BOTS', '', '', 7, '', 0, '', '', 0, 0, 0, '9E8DA7', 0, 0, 0, 0, 5),
(7, 3, 0, 0, 'NEWLY_REGISTERED', '', '', 7, '', 0, '', '', 0, 0, 0, '', 0, 0, 0, 0, 5);

-- --------------------------------------------------------

--
-- Структура таблиці `phpbb_icons`
--

CREATE TABLE `phpbb_icons` (
  `icons_id` mediumint(8) UNSIGNED NOT NULL,
  `icons_url` varchar(255) COLLATE utf8_bin NOT NULL DEFAULT '',
  `icons_width` tinyint(4) NOT NULL DEFAULT '0',
  `icons_height` tinyint(4) NOT NULL DEFAULT '0',
  `icons_alt` varchar(255) COLLATE utf8_bin NOT NULL DEFAULT '',
  `icons_order` mediumint(8) UNSIGNED NOT NULL DEFAULT '0',
  `display_on_posting` tinyint(1) UNSIGNED NOT NULL DEFAULT '1'
) ENGINE=InnoDB DEFAULT CHARSET=utf8 COLLATE=utf8_bin;

--
-- Дамп даних таблиці `phpbb_icons`
--

INSERT INTO `phpbb_icons` (`icons_id`, `icons_url`, `icons_width`, `icons_height`, `icons_alt`, `icons_order`, `display_on_posting`) VALUES
(1, 'misc/fire.gif', 16, 16, '', 1, 1),
(2, 'smile/redface.gif', 16, 16, '', 9, 1),
(3, 'smile/mrgreen.gif', 16, 16, '', 10, 1),
(4, 'misc/heart.gif', 16, 16, '', 4, 1),
(5, 'misc/star.gif', 16, 16, '', 2, 1),
(6, 'misc/radioactive.gif', 16, 16, '', 3, 1),
(7, 'misc/thinking.gif', 16, 16, '', 5, 1),
(8, 'smile/info.gif', 16, 16, '', 8, 1),
(9, 'smile/question.gif', 16, 16, '', 6, 1),
(10, 'smile/alert.gif', 16, 16, '', 7, 1);

-- --------------------------------------------------------

--
-- Структура таблиці `phpbb_lang`
--

CREATE TABLE `phpbb_lang` (
  `lang_id` tinyint(4) NOT NULL,
  `lang_iso` varchar(30) COLLATE utf8_bin NOT NULL DEFAULT '',
  `lang_dir` varchar(30) COLLATE utf8_bin NOT NULL DEFAULT '',
  `lang_english_name` varchar(100) COLLATE utf8_bin NOT NULL DEFAULT '',
  `lang_local_name` varchar(255) COLLATE utf8_bin NOT NULL DEFAULT '',
  `lang_author` varchar(255) COLLATE utf8_bin NOT NULL DEFAULT ''
) ENGINE=InnoDB DEFAULT CHARSET=utf8 COLLATE=utf8_bin;

--
-- Дамп даних таблиці `phpbb_lang`
--

INSERT INTO `phpbb_lang` (`lang_id`, `lang_iso`, `lang_dir`, `lang_english_name`, `lang_local_name`, `lang_author`) VALUES
(1, 'en', 'en', 'British English', 'British English', 'phpBB Limited');

-- --------------------------------------------------------

--
-- Структура таблиці `phpbb_log`
--

CREATE TABLE `phpbb_log` (
  `log_id` int(10) UNSIGNED NOT NULL,
  `log_type` tinyint(4) NOT NULL DEFAULT '0',
  `user_id` int(10) UNSIGNED NOT NULL DEFAULT '0',
  `forum_id` mediumint(8) UNSIGNED NOT NULL DEFAULT '0',
  `topic_id` int(10) UNSIGNED NOT NULL DEFAULT '0',
  `post_id` int(10) UNSIGNED NOT NULL DEFAULT '0',
  `reportee_id` int(10) UNSIGNED NOT NULL DEFAULT '0',
  `log_ip` varchar(40) COLLATE utf8_bin NOT NULL DEFAULT '',
  `log_time` int(11) UNSIGNED NOT NULL DEFAULT '0',
  `log_operation` text COLLATE utf8_bin NOT NULL,
  `log_data` mediumtext COLLATE utf8_bin NOT NULL
) ENGINE=InnoDB DEFAULT CHARSET=utf8 COLLATE=utf8_bin;

--
-- Дамп даних таблиці `phpbb_log`
--

INSERT INTO `phpbb_log` (`log_id`, `log_type`, `user_id`, `forum_id`, `topic_id`, `post_id`, `reportee_id`, `log_ip`, `log_time`, `log_operation`, `log_data`) VALUES
(1, 0, 1, 0, 0, 0, 0, '127.0.0.1', 1527516954, 'LOG_MODULE_ADD', 'a:1:{i:0;s:20:\"ACP_VIGLINK_SETTINGS\";}'),
(2, 0, 1, 0, 0, 0, 0, '', 1527516954, 'LOG_EXT_ENABLE', 'a:1:{i:0;s:13:\"phpbb/viglink\";}'),
(3, 0, 2, 0, 0, 0, 0, '127.0.0.1', 1527516954, 'LOG_INSTALL_INSTALLED', 'a:1:{i:0;s:5:\"3.2.2\";}');

-- --------------------------------------------------------

--
-- Структура таблиці `phpbb_login_attempts`
--

CREATE TABLE `phpbb_login_attempts` (
  `attempt_ip` varchar(40) COLLATE utf8_bin NOT NULL DEFAULT '',
  `attempt_browser` varchar(150) COLLATE utf8_bin NOT NULL DEFAULT '',
  `attempt_forwarded_for` varchar(255) COLLATE utf8_bin NOT NULL DEFAULT '',
  `attempt_time` int(11) UNSIGNED NOT NULL DEFAULT '0',
  `user_id` int(10) UNSIGNED NOT NULL DEFAULT '0',
  `username` varchar(255) COLLATE utf8_bin NOT NULL DEFAULT '0',
  `username_clean` varchar(255) COLLATE utf8_bin NOT NULL DEFAULT '0'
) ENGINE=InnoDB DEFAULT CHARSET=utf8 COLLATE=utf8_bin;

-- --------------------------------------------------------

--
-- Структура таблиці `phpbb_migrations`
--

CREATE TABLE `phpbb_migrations` (
  `migration_name` varchar(255) COLLATE utf8_bin NOT NULL DEFAULT '',
  `migration_depends_on` text COLLATE utf8_bin NOT NULL,
  `migration_schema_done` tinyint(1) UNSIGNED NOT NULL DEFAULT '0',
  `migration_data_done` tinyint(1) UNSIGNED NOT NULL DEFAULT '0',
  `migration_data_state` text COLLATE utf8_bin NOT NULL,
  `migration_start_time` int(11) UNSIGNED NOT NULL DEFAULT '0',
  `migration_end_time` int(11) UNSIGNED NOT NULL DEFAULT '0'
) ENGINE=InnoDB DEFAULT CHARSET=utf8 COLLATE=utf8_bin;

--
-- Дамп даних таблиці `phpbb_migrations`
--

INSERT INTO `phpbb_migrations` (`migration_name`, `migration_depends_on`, `migration_schema_done`, `migration_data_done`, `migration_data_state`, `migration_start_time`, `migration_end_time`) VALUES
('\\phpbb\\db\\migration\\data\\v30x\\local_url_bbcode', 'a:1:{i:0;s:48:\"\\phpbb\\db\\migration\\data\\v30x\\release_3_0_12_rc1\";}', 1, 1, '', 1527516952, 1527516952),
('\\phpbb\\db\\migration\\data\\v30x\\release_3_0_0', 'a:0:{}', 1, 1, '', 1527516952, 1527516952),
('\\phpbb\\db\\migration\\data\\v30x\\release_3_0_1', 'a:1:{i:0;s:47:\"\\phpbb\\db\\migration\\data\\v30x\\release_3_0_1_rc1\";}', 1, 1, '', 1527516952, 1527516952),
('\\phpbb\\db\\migration\\data\\v30x\\release_3_0_10', 'a:1:{i:0;s:48:\"\\phpbb\\db\\migration\\data\\v30x\\release_3_0_10_rc3\";}', 1, 1, '', 1527516952, 1527516952),
('\\phpbb\\db\\migration\\data\\v30x\\release_3_0_10_rc1', 'a:1:{i:0;s:43:\"\\phpbb\\db\\migration\\data\\v30x\\release_3_0_9\";}', 1, 1, '', 1527516952, 1527516952),
('\\phpbb\\db\\migration\\data\\v30x\\release_3_0_10_rc2', 'a:1:{i:0;s:48:\"\\phpbb\\db\\migration\\data\\v30x\\release_3_0_10_rc1\";}', 1, 1, '', 1527516952, 1527516952),
('\\phpbb\\db\\migration\\data\\v30x\\release_3_0_10_rc3', 'a:1:{i:0;s:48:\"\\phpbb\\db\\migration\\data\\v30x\\release_3_0_10_rc2\";}', 1, 1, '', 1527516952, 1527516952),
('\\phpbb\\db\\migration\\data\\v30x\\release_3_0_11', 'a:1:{i:0;s:48:\"\\phpbb\\db\\migration\\data\\v30x\\release_3_0_11_rc2\";}', 1, 1, '', 1527516952, 1527516952),
('\\phpbb\\db\\migration\\data\\v30x\\release_3_0_11_rc1', 'a:1:{i:0;s:44:\"\\phpbb\\db\\migration\\data\\v30x\\release_3_0_10\";}', 1, 1, '', 1527516952, 1527516952),
('\\phpbb\\db\\migration\\data\\v30x\\release_3_0_11_rc2', 'a:1:{i:0;s:48:\"\\phpbb\\db\\migration\\data\\v30x\\release_3_0_11_rc1\";}', 1, 1, '', 1527516952, 1527516952),
('\\phpbb\\db\\migration\\data\\v30x\\release_3_0_12', 'a:1:{i:0;s:48:\"\\phpbb\\db\\migration\\data\\v30x\\release_3_0_12_rc3\";}', 1, 1, '', 1527516952, 1527516952),
('\\phpbb\\db\\migration\\data\\v30x\\release_3_0_12_rc1', 'a:1:{i:0;s:44:\"\\phpbb\\db\\migration\\data\\v30x\\release_3_0_11\";}', 1, 1, '', 1527516952, 1527516952),
('\\phpbb\\db\\migration\\data\\v30x\\release_3_0_12_rc2', 'a:1:{i:0;s:48:\"\\phpbb\\db\\migration\\data\\v30x\\release_3_0_12_rc1\";}', 1, 1, '', 1527516952, 1527516952),
('\\phpbb\\db\\migration\\data\\v30x\\release_3_0_12_rc3', 'a:1:{i:0;s:48:\"\\phpbb\\db\\migration\\data\\v30x\\release_3_0_12_rc2\";}', 1, 1, '', 1527516952, 1527516952),
('\\phpbb\\db\\migration\\data\\v30x\\release_3_0_13', 'a:1:{i:0;s:48:\"\\phpbb\\db\\migration\\data\\v30x\\release_3_0_13_rc1\";}', 1, 1, '', 1527516952, 1527516952),
('\\phpbb\\db\\migration\\data\\v30x\\release_3_0_13_pl1', 'a:1:{i:0;s:44:\"\\phpbb\\db\\migration\\data\\v30x\\release_3_0_13\";}', 1, 1, '', 1527516952, 1527516952),
('\\phpbb\\db\\migration\\data\\v30x\\release_3_0_13_rc1', 'a:1:{i:0;s:44:\"\\phpbb\\db\\migration\\data\\v30x\\release_3_0_12\";}', 1, 1, '', 1527516952, 1527516952),
('\\phpbb\\db\\migration\\data\\v30x\\release_3_0_14', 'a:1:{i:0;s:48:\"\\phpbb\\db\\migration\\data\\v30x\\release_3_0_14_rc1\";}', 1, 1, '', 1527516952, 1527516952),
('\\phpbb\\db\\migration\\data\\v30x\\release_3_0_14_rc1', 'a:1:{i:0;s:44:\"\\phpbb\\db\\migration\\data\\v30x\\release_3_0_13\";}', 1, 1, '', 1527516952, 1527516952),
('\\phpbb\\db\\migration\\data\\v30x\\release_3_0_1_rc1', 'a:1:{i:0;s:43:\"\\phpbb\\db\\migration\\data\\v30x\\release_3_0_0\";}', 1, 1, '', 1527516952, 1527516952),
('\\phpbb\\db\\migration\\data\\v30x\\release_3_0_2', 'a:1:{i:0;s:47:\"\\phpbb\\db\\migration\\data\\v30x\\release_3_0_2_rc2\";}', 1, 1, '', 1527516952, 1527516952),
('\\phpbb\\db\\migration\\data\\v30x\\release_3_0_2_rc1', 'a:1:{i:0;s:43:\"\\phpbb\\db\\migration\\data\\v30x\\release_3_0_1\";}', 1, 1, '', 1527516952, 1527516952),
('\\phpbb\\db\\migration\\data\\v30x\\release_3_0_2_rc2', 'a:1:{i:0;s:47:\"\\phpbb\\db\\migration\\data\\v30x\\release_3_0_2_rc1\";}', 1, 1, '', 1527516952, 1527516952),
('\\phpbb\\db\\migration\\data\\v30x\\release_3_0_3', 'a:1:{i:0;s:47:\"\\phpbb\\db\\migration\\data\\v30x\\release_3_0_3_rc1\";}', 1, 1, '', 1527516952, 1527516952),
('\\phpbb\\db\\migration\\data\\v30x\\release_3_0_3_rc1', 'a:1:{i:0;s:43:\"\\phpbb\\db\\migration\\data\\v30x\\release_3_0_2\";}', 1, 1, '', 1527516952, 1527516952),
('\\phpbb\\db\\migration\\data\\v30x\\release_3_0_4', 'a:1:{i:0;s:47:\"\\phpbb\\db\\migration\\data\\v30x\\release_3_0_4_rc1\";}', 1, 1, '', 1527516952, 1527516952),
('\\phpbb\\db\\migration\\data\\v30x\\release_3_0_4_rc1', 'a:1:{i:0;s:43:\"\\phpbb\\db\\migration\\data\\v30x\\release_3_0_3\";}', 1, 1, '', 1527516952, 1527516952),
('\\phpbb\\db\\migration\\data\\v30x\\release_3_0_5', 'a:1:{i:0;s:52:\"\\phpbb\\db\\migration\\data\\v30x\\release_3_0_5_rc1part2\";}', 1, 1, '', 1527516952, 1527516952),
('\\phpbb\\db\\migration\\data\\v30x\\release_3_0_5_rc1', 'a:1:{i:0;s:43:\"\\phpbb\\db\\migration\\data\\v30x\\release_3_0_4\";}', 1, 1, '', 1527516952, 1527516952),
('\\phpbb\\db\\migration\\data\\v30x\\release_3_0_5_rc1part2', 'a:1:{i:0;s:47:\"\\phpbb\\db\\migration\\data\\v30x\\release_3_0_5_rc1\";}', 1, 1, '', 1527516952, 1527516952),
('\\phpbb\\db\\migration\\data\\v30x\\release_3_0_6', 'a:1:{i:0;s:47:\"\\phpbb\\db\\migration\\data\\v30x\\release_3_0_6_rc4\";}', 1, 1, '', 1527516952, 1527516952),
('\\phpbb\\db\\migration\\data\\v30x\\release_3_0_6_rc1', 'a:1:{i:0;s:43:\"\\phpbb\\db\\migration\\data\\v30x\\release_3_0_5\";}', 1, 1, '', 1527516952, 1527516952),
('\\phpbb\\db\\migration\\data\\v30x\\release_3_0_6_rc2', 'a:1:{i:0;s:47:\"\\phpbb\\db\\migration\\data\\v30x\\release_3_0_6_rc1\";}', 1, 1, '', 1527516952, 1527516952),
('\\phpbb\\db\\migration\\data\\v30x\\release_3_0_6_rc3', 'a:1:{i:0;s:47:\"\\phpbb\\db\\migration\\data\\v30x\\release_3_0_6_rc2\";}', 1, 1, '', 1527516952, 1527516952),
('\\phpbb\\db\\migration\\data\\v30x\\release_3_0_6_rc4', 'a:1:{i:0;s:47:\"\\phpbb\\db\\migration\\data\\v30x\\release_3_0_6_rc3\";}', 1, 1, '', 1527516952, 1527516952),
('\\phpbb\\db\\migration\\data\\v30x\\release_3_0_7', 'a:1:{i:0;s:47:\"\\phpbb\\db\\migration\\data\\v30x\\release_3_0_7_rc2\";}', 1, 1, '', 1527516952, 1527516952),
('\\phpbb\\db\\migration\\data\\v30x\\release_3_0_7_pl1', 'a:1:{i:0;s:43:\"\\phpbb\\db\\migration\\data\\v30x\\release_3_0_7\";}', 1, 1, '', 1527516952, 1527516952),
('\\phpbb\\db\\migration\\data\\v30x\\release_3_0_7_rc1', 'a:1:{i:0;s:43:\"\\phpbb\\db\\migration\\data\\v30x\\release_3_0_6\";}', 1, 1, '', 1527516952, 1527516952),
('\\phpbb\\db\\migration\\data\\v30x\\release_3_0_7_rc2', 'a:1:{i:0;s:47:\"\\phpbb\\db\\migration\\data\\v30x\\release_3_0_7_rc1\";}', 1, 1, '', 1527516952, 1527516952),
('\\phpbb\\db\\migration\\data\\v30x\\release_3_0_8', 'a:1:{i:0;s:47:\"\\phpbb\\db\\migration\\data\\v30x\\release_3_0_8_rc1\";}', 1, 1, '', 1527516952, 1527516952),
('\\phpbb\\db\\migration\\data\\v30x\\release_3_0_8_rc1', 'a:1:{i:0;s:47:\"\\phpbb\\db\\migration\\data\\v30x\\release_3_0_7_pl1\";}', 1, 1, '', 1527516952, 1527516952),
('\\phpbb\\db\\migration\\data\\v30x\\release_3_0_9', 'a:1:{i:0;s:47:\"\\phpbb\\db\\migration\\data\\v30x\\release_3_0_9_rc4\";}', 1, 1, '', 1527516952, 1527516952),
('\\phpbb\\db\\migration\\data\\v30x\\release_3_0_9_rc1', 'a:1:{i:0;s:43:\"\\phpbb\\db\\migration\\data\\v30x\\release_3_0_8\";}', 1, 1, '', 1527516952, 1527516952),
('\\phpbb\\db\\migration\\data\\v30x\\release_3_0_9_rc2', 'a:1:{i:0;s:47:\"\\phpbb\\db\\migration\\data\\v30x\\release_3_0_9_rc1\";}', 1, 1, '', 1527516952, 1527516952),
('\\phpbb\\db\\migration\\data\\v30x\\release_3_0_9_rc3', 'a:1:{i:0;s:47:\"\\phpbb\\db\\migration\\data\\v30x\\release_3_0_9_rc2\";}', 1, 1, '', 1527516952, 1527516952),
('\\phpbb\\db\\migration\\data\\v30x\\release_3_0_9_rc4', 'a:1:{i:0;s:47:\"\\phpbb\\db\\migration\\data\\v30x\\release_3_0_9_rc3\";}', 1, 1, '', 1527516952, 1527516952),
('\\phpbb\\db\\migration\\data\\v310\\acp_prune_users_module', 'a:1:{i:0;s:35:\"\\phpbb\\db\\migration\\data\\v310\\beta1\";}', 1, 1, '', 1527516952, 1527516952),
('\\phpbb\\db\\migration\\data\\v310\\acp_style_components_module', 'a:1:{i:0;s:33:\"\\phpbb\\db\\migration\\data\\v310\\dev\";}', 1, 1, '', 1527516952, 1527516952),
('\\phpbb\\db\\migration\\data\\v310\\allow_cdn', 'a:1:{i:0;s:43:\"\\phpbb\\db\\migration\\data\\v310\\jquery_update\";}', 1, 1, '', 1527516952, 1527516952),
('\\phpbb\\db\\migration\\data\\v310\\alpha1', 'a:18:{i:0;s:46:\"\\phpbb\\db\\migration\\data\\v30x\\local_url_bbcode\";i:1;s:44:\"\\phpbb\\db\\migration\\data\\v30x\\release_3_0_12\";i:2;s:57:\"\\phpbb\\db\\migration\\data\\v310\\acp_style_components_module\";i:3;s:39:\"\\phpbb\\db\\migration\\data\\v310\\allow_cdn\";i:4;s:49:\"\\phpbb\\db\\migration\\data\\v310\\auth_provider_oauth\";i:5;s:37:\"\\phpbb\\db\\migration\\data\\v310\\avatars\";i:6;s:40:\"\\phpbb\\db\\migration\\data\\v310\\boardindex\";i:7;s:44:\"\\phpbb\\db\\migration\\data\\v310\\config_db_text\";i:8;s:45:\"\\phpbb\\db\\migration\\data\\v310\\forgot_password\";i:9;s:41:\"\\phpbb\\db\\migration\\data\\v310\\mod_rewrite\";i:10;s:49:\"\\phpbb\\db\\migration\\data\\v310\\mysql_fulltext_drop\";i:11;s:40:\"\\phpbb\\db\\migration\\data\\v310\\namespaces\";i:12;s:48:\"\\phpbb\\db\\migration\\data\\v310\\notifications_cron\";i:13;s:60:\"\\phpbb\\db\\migration\\data\\v310\\notification_options_reconvert\";i:14;s:38:\"\\phpbb\\db\\migration\\data\\v310\\plupload\";i:15;s:51:\"\\phpbb\\db\\migration\\data\\v310\\signature_module_auth\";i:16;s:52:\"\\phpbb\\db\\migration\\data\\v310\\softdelete_mcp_modules\";i:17;s:38:\"\\phpbb\\db\\migration\\data\\v310\\teampage\";}', 1, 1, '', 1527516952, 1527516952),
('\\phpbb\\db\\migration\\data\\v310\\alpha2', 'a:2:{i:0;s:36:\"\\phpbb\\db\\migration\\data\\v310\\alpha1\";i:1;s:51:\"\\phpbb\\db\\migration\\data\\v310\\notifications_cron_p2\";}', 1, 1, '', 1527516952, 1527516952),
('\\phpbb\\db\\migration\\data\\v310\\alpha3', 'a:4:{i:0;s:36:\"\\phpbb\\db\\migration\\data\\v310\\alpha2\";i:1;s:42:\"\\phpbb\\db\\migration\\data\\v310\\avatar_types\";i:2;s:39:\"\\phpbb\\db\\migration\\data\\v310\\passwords\";i:3;s:48:\"\\phpbb\\db\\migration\\data\\v310\\profilefield_types\";}', 1, 1, '', 1527516952, 1527516952),
('\\phpbb\\db\\migration\\data\\v310\\auth_provider_oauth', 'a:0:{}', 1, 1, '', 1527516952, 1527516952),
('\\phpbb\\db\\migration\\data\\v310\\auth_provider_oauth2', 'a:1:{i:0;s:49:\"\\phpbb\\db\\migration\\data\\v310\\auth_provider_oauth\";}', 1, 1, '', 1527516952, 1527516952),
('\\phpbb\\db\\migration\\data\\v310\\avatar_types', 'a:2:{i:0;s:33:\"\\phpbb\\db\\migration\\data\\v310\\dev\";i:1;s:37:\"\\phpbb\\db\\migration\\data\\v310\\avatars\";}', 1, 1, '', 1527516952, 1527516952),
('\\phpbb\\db\\migration\\data\\v310\\avatars', 'a:1:{i:0;s:44:\"\\phpbb\\db\\migration\\data\\v30x\\release_3_0_11\";}', 1, 1, '', 1527516952, 1527516952),
('\\phpbb\\db\\migration\\data\\v310\\beta1', 'a:7:{i:0;s:36:\"\\phpbb\\db\\migration\\data\\v310\\alpha3\";i:1;s:42:\"\\phpbb\\db\\migration\\data\\v310\\passwords_p2\";i:2;s:52:\"\\phpbb\\db\\migration\\data\\v310\\postgres_fulltext_drop\";i:3;s:63:\"\\phpbb\\db\\migration\\data\\v310\\profilefield_change_load_settings\";i:4;s:51:\"\\phpbb\\db\\migration\\data\\v310\\profilefield_location\";i:5;s:54:\"\\phpbb\\db\\migration\\data\\v310\\soft_delete_mod_convert2\";i:6;s:48:\"\\phpbb\\db\\migration\\data\\v310\\ucp_popuppm_module\";}', 1, 1, '', 1527516952, 1527516952),
('\\phpbb\\db\\migration\\data\\v310\\beta2', 'a:3:{i:0;s:35:\"\\phpbb\\db\\migration\\data\\v310\\beta1\";i:1;s:52:\"\\phpbb\\db\\migration\\data\\v310\\acp_prune_users_module\";i:2;s:59:\"\\phpbb\\db\\migration\\data\\v310\\profilefield_location_cleanup\";}', 1, 1, '', 1527516952, 1527516952),
('\\phpbb\\db\\migration\\data\\v310\\beta3', 'a:6:{i:0;s:35:\"\\phpbb\\db\\migration\\data\\v310\\beta2\";i:1;s:50:\"\\phpbb\\db\\migration\\data\\v310\\auth_provider_oauth2\";i:2;s:48:\"\\phpbb\\db\\migration\\data\\v310\\board_contact_name\";i:3;s:44:\"\\phpbb\\db\\migration\\data\\v310\\jquery_update2\";i:4;s:50:\"\\phpbb\\db\\migration\\data\\v310\\live_searches_config\";i:5;s:49:\"\\phpbb\\db\\migration\\data\\v310\\prune_shadow_topics\";}', 1, 1, '', 1527516952, 1527516952),
('\\phpbb\\db\\migration\\data\\v310\\beta4', 'a:3:{i:0;s:35:\"\\phpbb\\db\\migration\\data\\v310\\beta3\";i:1;s:69:\"\\phpbb\\db\\migration\\data\\v310\\extensions_version_check_force_unstable\";i:2;s:58:\"\\phpbb\\db\\migration\\data\\v310\\reset_missing_captcha_plugin\";}', 1, 1, '', 1527516952, 1527516952),
('\\phpbb\\db\\migration\\data\\v310\\board_contact_name', 'a:1:{i:0;s:35:\"\\phpbb\\db\\migration\\data\\v310\\beta2\";}', 1, 1, '', 1527516952, 1527516952),
('\\phpbb\\db\\migration\\data\\v310\\boardindex', 'a:0:{}', 1, 1, '', 1527516952, 1527516952),
('\\phpbb\\db\\migration\\data\\v310\\bot_update', 'a:1:{i:0;s:33:\"\\phpbb\\db\\migration\\data\\v310\\rc6\";}', 1, 1, '', 1527516952, 1527516952),
('\\phpbb\\db\\migration\\data\\v310\\captcha_plugins', 'a:1:{i:0;s:33:\"\\phpbb\\db\\migration\\data\\v310\\rc2\";}', 1, 1, '', 1527516952, 1527516952),
('\\phpbb\\db\\migration\\data\\v310\\config_db_text', 'a:1:{i:0;s:44:\"\\phpbb\\db\\migration\\data\\v30x\\release_3_0_11\";}', 1, 1, '', 1527516952, 1527516952),
('\\phpbb\\db\\migration\\data\\v310\\contact_admin_acp_module', 'a:0:{}', 1, 1, '', 1527516952, 1527516952),
('\\phpbb\\db\\migration\\data\\v310\\contact_admin_form', 'a:1:{i:0;s:44:\"\\phpbb\\db\\migration\\data\\v310\\config_db_text\";}', 1, 1, '', 1527516952, 1527516952),
('\\phpbb\\db\\migration\\data\\v310\\dev', 'a:5:{i:0;s:40:\"\\phpbb\\db\\migration\\data\\v310\\extensions\";i:1;s:45:\"\\phpbb\\db\\migration\\data\\v310\\style_update_p2\";i:2;s:41:\"\\phpbb\\db\\migration\\data\\v310\\timezone_p2\";i:3;s:52:\"\\phpbb\\db\\migration\\data\\v310\\reported_posts_display\";i:4;s:46:\"\\phpbb\\db\\migration\\data\\v310\\migrations_table\";}', 1, 1, '', 1527516952, 1527516952),
('\\phpbb\\db\\migration\\data\\v310\\extensions', 'a:1:{i:0;s:44:\"\\phpbb\\db\\migration\\data\\v30x\\release_3_0_11\";}', 1, 1, '', 1527516952, 1527516952),
('\\phpbb\\db\\migration\\data\\v310\\extensions_version_check_force_unstable', 'a:1:{i:0;s:33:\"\\phpbb\\db\\migration\\data\\v310\\dev\";}', 1, 1, '', 1527516952, 1527516952),
('\\phpbb\\db\\migration\\data\\v310\\forgot_password', 'a:1:{i:0;s:44:\"\\phpbb\\db\\migration\\data\\v30x\\release_3_0_11\";}', 1, 1, '', 1527516952, 1527516952),
('\\phpbb\\db\\migration\\data\\v310\\gold', 'a:2:{i:0;s:33:\"\\phpbb\\db\\migration\\data\\v310\\rc6\";i:1;s:40:\"\\phpbb\\db\\migration\\data\\v310\\bot_update\";}', 1, 1, '', 1527516952, 1527516952),
('\\phpbb\\db\\migration\\data\\v310\\jquery_update', 'a:1:{i:0;s:33:\"\\phpbb\\db\\migration\\data\\v310\\dev\";}', 1, 1, '', 1527516952, 1527516952),
('\\phpbb\\db\\migration\\data\\v310\\jquery_update2', 'a:1:{i:0;s:43:\"\\phpbb\\db\\migration\\data\\v310\\jquery_update\";}', 1, 1, '', 1527516952, 1527516952),
('\\phpbb\\db\\migration\\data\\v310\\live_searches_config', 'a:0:{}', 1, 1, '', 1527516952, 1527516952),
('\\phpbb\\db\\migration\\data\\v310\\migrations_table', 'a:0:{}', 1, 1, '', 1527516952, 1527516952),
('\\phpbb\\db\\migration\\data\\v310\\mod_rewrite', 'a:1:{i:0;s:33:\"\\phpbb\\db\\migration\\data\\v310\\dev\";}', 1, 1, '', 1527516952, 1527516952),
('\\phpbb\\db\\migration\\data\\v310\\mysql_fulltext_drop', 'a:1:{i:0;s:33:\"\\phpbb\\db\\migration\\data\\v310\\dev\";}', 1, 1, '', 1527516952, 1527516952),
('\\phpbb\\db\\migration\\data\\v310\\namespaces', 'a:1:{i:0;s:33:\"\\phpbb\\db\\migration\\data\\v310\\dev\";}', 1, 1, '', 1527516952, 1527516952),
('\\phpbb\\db\\migration\\data\\v310\\notification_options_reconvert', 'a:1:{i:0;s:54:\"\\phpbb\\db\\migration\\data\\v310\\notifications_schema_fix\";}', 1, 1, '', 1527516952, 1527516952),
('\\phpbb\\db\\migration\\data\\v310\\notifications', 'a:1:{i:0;s:33:\"\\phpbb\\db\\migration\\data\\v310\\dev\";}', 1, 1, '', 1527516952, 1527516952),
('\\phpbb\\db\\migration\\data\\v310\\notifications_cron', 'a:1:{i:0;s:43:\"\\phpbb\\db\\migration\\data\\v310\\notifications\";}', 1, 1, '', 1527516952, 1527516952),
('\\phpbb\\db\\migration\\data\\v310\\notifications_cron_p2', 'a:1:{i:0;s:48:\"\\phpbb\\db\\migration\\data\\v310\\notifications_cron\";}', 1, 1, '', 1527516952, 1527516952),
('\\phpbb\\db\\migration\\data\\v310\\notifications_schema_fix', 'a:1:{i:0;s:43:\"\\phpbb\\db\\migration\\data\\v310\\notifications\";}', 1, 1, '', 1527516952, 1527516952),
('\\phpbb\\db\\migration\\data\\v310\\notifications_use_full_name', 'a:1:{i:0;s:33:\"\\phpbb\\db\\migration\\data\\v310\\rc3\";}', 1, 1, '', 1527516952, 1527516952),
('\\phpbb\\db\\migration\\data\\v310\\passwords', 'a:1:{i:0;s:44:\"\\phpbb\\db\\migration\\data\\v30x\\release_3_0_11\";}', 1, 1, '', 1527516952, 1527516952),
('\\phpbb\\db\\migration\\data\\v310\\passwords_convert_p1', 'a:1:{i:0;s:42:\"\\phpbb\\db\\migration\\data\\v310\\passwords_p2\";}', 1, 1, '', 1527516952, 1527516952),
('\\phpbb\\db\\migration\\data\\v310\\passwords_convert_p2', 'a:1:{i:0;s:50:\"\\phpbb\\db\\migration\\data\\v310\\passwords_convert_p1\";}', 1, 1, '', 1527516952, 1527516952),
('\\phpbb\\db\\migration\\data\\v310\\passwords_p2', 'a:1:{i:0;s:39:\"\\phpbb\\db\\migration\\data\\v310\\passwords\";}', 1, 1, '', 1527516952, 1527516952),
('\\phpbb\\db\\migration\\data\\v310\\plupload', 'a:1:{i:0;s:33:\"\\phpbb\\db\\migration\\data\\v310\\dev\";}', 1, 1, '', 1527516952, 1527516952),
('\\phpbb\\db\\migration\\data\\v310\\postgres_fulltext_drop', 'a:1:{i:0;s:33:\"\\phpbb\\db\\migration\\data\\v310\\dev\";}', 1, 1, '', 1527516952, 1527516952),
('\\phpbb\\db\\migration\\data\\v310\\profilefield_aol', 'a:1:{i:0;s:56:\"\\phpbb\\db\\migration\\data\\v310\\profilefield_yahoo_cleanup\";}', 1, 1, '', 1527516952, 1527516952),
('\\phpbb\\db\\migration\\data\\v310\\profilefield_aol_cleanup', 'a:1:{i:0;s:46:\"\\phpbb\\db\\migration\\data\\v310\\profilefield_aol\";}', 1, 1, '', 1527516952, 1527516952),
('\\phpbb\\db\\migration\\data\\v310\\profilefield_change_load_settings', 'a:1:{i:0;s:54:\"\\phpbb\\db\\migration\\data\\v310\\profilefield_aol_cleanup\";}', 1, 1, '', 1527516952, 1527516952),
('\\phpbb\\db\\migration\\data\\v310\\profilefield_cleanup', 'a:2:{i:0;s:52:\"\\phpbb\\db\\migration\\data\\v310\\profilefield_interests\";i:1;s:53:\"\\phpbb\\db\\migration\\data\\v310\\profilefield_occupation\";}', 1, 1, '', 1527516952, 1527516952),
('\\phpbb\\db\\migration\\data\\v310\\profilefield_contact_field', 'a:1:{i:0;s:56:\"\\phpbb\\db\\migration\\data\\v310\\profilefield_on_memberlist\";}', 1, 1, '', 1527516952, 1527516952),
('\\phpbb\\db\\migration\\data\\v310\\profilefield_facebook', 'a:3:{i:0;s:56:\"\\phpbb\\db\\migration\\data\\v310\\profilefield_contact_field\";i:1;s:55:\"\\phpbb\\db\\migration\\data\\v310\\profilefield_show_novalue\";i:2;s:48:\"\\phpbb\\db\\migration\\data\\v310\\profilefield_types\";}', 1, 1, '', 1527516952, 1527516952),
('\\phpbb\\db\\migration\\data\\v310\\profilefield_field_validation_length', 'a:1:{i:0;s:33:\"\\phpbb\\db\\migration\\data\\v310\\rc3\";}', 1, 1, '', 1527516952, 1527516952),
('\\phpbb\\db\\migration\\data\\v310\\profilefield_googleplus', 'a:3:{i:0;s:56:\"\\phpbb\\db\\migration\\data\\v310\\profilefield_contact_field\";i:1;s:55:\"\\phpbb\\db\\migration\\data\\v310\\profilefield_show_novalue\";i:2;s:48:\"\\phpbb\\db\\migration\\data\\v310\\profilefield_types\";}', 1, 1, '', 1527516952, 1527516952),
('\\phpbb\\db\\migration\\data\\v310\\profilefield_icq', 'a:1:{i:0;s:56:\"\\phpbb\\db\\migration\\data\\v310\\profilefield_contact_field\";}', 1, 1, '', 1527516952, 1527516952),
('\\phpbb\\db\\migration\\data\\v310\\profilefield_icq_cleanup', 'a:1:{i:0;s:46:\"\\phpbb\\db\\migration\\data\\v310\\profilefield_icq\";}', 1, 1, '', 1527516952, 1527516952),
('\\phpbb\\db\\migration\\data\\v310\\profilefield_interests', 'a:2:{i:0;s:48:\"\\phpbb\\db\\migration\\data\\v310\\profilefield_types\";i:1;s:55:\"\\phpbb\\db\\migration\\data\\v310\\profilefield_show_novalue\";}', 1, 1, '', 1527516952, 1527516952),
('\\phpbb\\db\\migration\\data\\v310\\profilefield_location', 'a:2:{i:0;s:48:\"\\phpbb\\db\\migration\\data\\v310\\profilefield_types\";i:1;s:56:\"\\phpbb\\db\\migration\\data\\v310\\profilefield_on_memberlist\";}', 1, 1, '', 1527516952, 1527516952),
('\\phpbb\\db\\migration\\data\\v310\\profilefield_location_cleanup', 'a:1:{i:0;s:51:\"\\phpbb\\db\\migration\\data\\v310\\profilefield_location\";}', 1, 1, '', 1527516952, 1527516952),
('\\phpbb\\db\\migration\\data\\v310\\profilefield_occupation', 'a:1:{i:0;s:52:\"\\phpbb\\db\\migration\\data\\v310\\profilefield_interests\";}', 1, 1, '', 1527516952, 1527516952),
('\\phpbb\\db\\migration\\data\\v310\\profilefield_on_memberlist', 'a:1:{i:0;s:50:\"\\phpbb\\db\\migration\\data\\v310\\profilefield_cleanup\";}', 1, 1, '', 1527516952, 1527516952),
('\\phpbb\\db\\migration\\data\\v310\\profilefield_show_novalue', 'a:1:{i:0;s:48:\"\\phpbb\\db\\migration\\data\\v310\\profilefield_types\";}', 1, 1, '', 1527516952, 1527516952),
('\\phpbb\\db\\migration\\data\\v310\\profilefield_skype', 'a:3:{i:0;s:56:\"\\phpbb\\db\\migration\\data\\v310\\profilefield_contact_field\";i:1;s:55:\"\\phpbb\\db\\migration\\data\\v310\\profilefield_show_novalue\";i:2;s:48:\"\\phpbb\\db\\migration\\data\\v310\\profilefield_types\";}', 1, 1, '', 1527516952, 1527516952),
('\\phpbb\\db\\migration\\data\\v310\\profilefield_twitter', 'a:3:{i:0;s:56:\"\\phpbb\\db\\migration\\data\\v310\\profilefield_contact_field\";i:1;s:55:\"\\phpbb\\db\\migration\\data\\v310\\profilefield_show_novalue\";i:2;s:48:\"\\phpbb\\db\\migration\\data\\v310\\profilefield_types\";}', 1, 1, '', 1527516952, 1527516952),
('\\phpbb\\db\\migration\\data\\v310\\profilefield_types', 'a:1:{i:0;s:36:\"\\phpbb\\db\\migration\\data\\v310\\alpha2\";}', 1, 1, '', 1527516952, 1527516952),
('\\phpbb\\db\\migration\\data\\v310\\profilefield_website', 'a:2:{i:0;s:56:\"\\phpbb\\db\\migration\\data\\v310\\profilefield_on_memberlist\";i:1;s:54:\"\\phpbb\\db\\migration\\data\\v310\\profilefield_icq_cleanup\";}', 1, 1, '', 1527516952, 1527516952),
('\\phpbb\\db\\migration\\data\\v310\\profilefield_website_cleanup', 'a:1:{i:0;s:50:\"\\phpbb\\db\\migration\\data\\v310\\profilefield_website\";}', 1, 1, '', 1527516952, 1527516952),
('\\phpbb\\db\\migration\\data\\v310\\profilefield_wlm', 'a:1:{i:0;s:58:\"\\phpbb\\db\\migration\\data\\v310\\profilefield_website_cleanup\";}', 1, 1, '', 1527516952, 1527516952),
('\\phpbb\\db\\migration\\data\\v310\\profilefield_wlm_cleanup', 'a:1:{i:0;s:46:\"\\phpbb\\db\\migration\\data\\v310\\profilefield_wlm\";}', 1, 1, '', 1527516952, 1527516952),
('\\phpbb\\db\\migration\\data\\v310\\profilefield_yahoo', 'a:1:{i:0;s:54:\"\\phpbb\\db\\migration\\data\\v310\\profilefield_wlm_cleanup\";}', 1, 1, '', 1527516952, 1527516952),
('\\phpbb\\db\\migration\\data\\v310\\profilefield_yahoo_cleanup', 'a:1:{i:0;s:48:\"\\phpbb\\db\\migration\\data\\v310\\profilefield_yahoo\";}', 1, 1, '', 1527516952, 1527516952),
('\\phpbb\\db\\migration\\data\\v310\\profilefield_youtube', 'a:3:{i:0;s:56:\"\\phpbb\\db\\migration\\data\\v310\\profilefield_contact_field\";i:1;s:55:\"\\phpbb\\db\\migration\\data\\v310\\profilefield_show_novalue\";i:2;s:48:\"\\phpbb\\db\\migration\\data\\v310\\profilefield_types\";}', 1, 1, '', 1527516952, 1527516952),
('\\phpbb\\db\\migration\\data\\v310\\prune_shadow_topics', 'a:1:{i:0;s:33:\"\\phpbb\\db\\migration\\data\\v310\\dev\";}', 1, 1, '', 1527516952, 1527516952),
('\\phpbb\\db\\migration\\data\\v310\\rc1', 'a:9:{i:0;s:35:\"\\phpbb\\db\\migration\\data\\v310\\beta4\";i:1;s:54:\"\\phpbb\\db\\migration\\data\\v310\\contact_admin_acp_module\";i:2;s:48:\"\\phpbb\\db\\migration\\data\\v310\\contact_admin_form\";i:3;s:50:\"\\phpbb\\db\\migration\\data\\v310\\passwords_convert_p2\";i:4;s:51:\"\\phpbb\\db\\migration\\data\\v310\\profilefield_facebook\";i:5;s:53:\"\\phpbb\\db\\migration\\data\\v310\\profilefield_googleplus\";i:6;s:48:\"\\phpbb\\db\\migration\\data\\v310\\profilefield_skype\";i:7;s:50:\"\\phpbb\\db\\migration\\data\\v310\\profilefield_twitter\";i:8;s:50:\"\\phpbb\\db\\migration\\data\\v310\\profilefield_youtube\";}', 1, 1, '', 1527516952, 1527516952),
('\\phpbb\\db\\migration\\data\\v310\\rc2', 'a:1:{i:0;s:33:\"\\phpbb\\db\\migration\\data\\v310\\rc1\";}', 1, 1, '', 1527516952, 1527516952),
('\\phpbb\\db\\migration\\data\\v310\\rc3', 'a:5:{i:0;s:33:\"\\phpbb\\db\\migration\\data\\v310\\rc2\";i:1;s:45:\"\\phpbb\\db\\migration\\data\\v310\\captcha_plugins\";i:2;s:53:\"\\phpbb\\db\\migration\\data\\v310\\rename_too_long_indexes\";i:3;s:41:\"\\phpbb\\db\\migration\\data\\v310\\search_type\";i:4;s:49:\"\\phpbb\\db\\migration\\data\\v310\\topic_sort_username\";}', 1, 1, '', 1527516952, 1527516952),
('\\phpbb\\db\\migration\\data\\v310\\rc4', 'a:2:{i:0;s:33:\"\\phpbb\\db\\migration\\data\\v310\\rc3\";i:1;s:57:\"\\phpbb\\db\\migration\\data\\v310\\notifications_use_full_name\";}', 1, 1, '', 1527516952, 1527516952),
('\\phpbb\\db\\migration\\data\\v310\\rc5', 'a:3:{i:0;s:33:\"\\phpbb\\db\\migration\\data\\v310\\rc4\";i:1;s:66:\"\\phpbb\\db\\migration\\data\\v310\\profilefield_field_validation_length\";i:2;s:53:\"\\phpbb\\db\\migration\\data\\v310\\remove_acp_styles_cache\";}', 1, 1, '', 1527516952, 1527516952),
('\\phpbb\\db\\migration\\data\\v310\\rc6', 'a:1:{i:0;s:33:\"\\phpbb\\db\\migration\\data\\v310\\rc5\";}', 1, 1, '', 1527516952, 1527516952),
('\\phpbb\\db\\migration\\data\\v310\\remove_acp_styles_cache', 'a:1:{i:0;s:33:\"\\phpbb\\db\\migration\\data\\v310\\rc4\";}', 1, 1, '', 1527516952, 1527516952),
('\\phpbb\\db\\migration\\data\\v310\\rename_too_long_indexes', 'a:1:{i:0;s:43:\"\\phpbb\\db\\migration\\data\\v30x\\release_3_0_0\";}', 1, 1, '', 1527516952, 1527516952),
('\\phpbb\\db\\migration\\data\\v310\\reported_posts_display', 'a:1:{i:0;s:44:\"\\phpbb\\db\\migration\\data\\v30x\\release_3_0_11\";}', 1, 1, '', 1527516952, 1527516952),
('\\phpbb\\db\\migration\\data\\v310\\reset_missing_captcha_plugin', 'a:1:{i:0;s:33:\"\\phpbb\\db\\migration\\data\\v310\\dev\";}', 1, 1, '', 1527516952, 1527516952),
('\\phpbb\\db\\migration\\data\\v310\\search_type', 'a:1:{i:0;s:33:\"\\phpbb\\db\\migration\\data\\v310\\dev\";}', 1, 1, '', 1527516952, 1527516952),
('\\phpbb\\db\\migration\\data\\v310\\signature_module_auth', 'a:1:{i:0;s:33:\"\\phpbb\\db\\migration\\data\\v310\\dev\";}', 1, 1, '', 1527516952, 1527516952),
('\\phpbb\\db\\migration\\data\\v310\\soft_delete_mod_convert', 'a:1:{i:0;s:36:\"\\phpbb\\db\\migration\\data\\v310\\alpha3\";}', 1, 1, '', 1527516952, 1527516952),
('\\phpbb\\db\\migration\\data\\v310\\soft_delete_mod_convert2', 'a:1:{i:0;s:53:\"\\phpbb\\db\\migration\\data\\v310\\soft_delete_mod_convert\";}', 1, 1, '', 1527516952, 1527516952),
('\\phpbb\\db\\migration\\data\\v310\\softdelete_mcp_modules', 'a:2:{i:0;s:33:\"\\phpbb\\db\\migration\\data\\v310\\dev\";i:1;s:43:\"\\phpbb\\db\\migration\\data\\v310\\softdelete_p2\";}', 1, 1, '', 1527516952, 1527516952),
('\\phpbb\\db\\migration\\data\\v310\\softdelete_p1', 'a:1:{i:0;s:33:\"\\phpbb\\db\\migration\\data\\v310\\dev\";}', 1, 1, '', 1527516952, 1527516952),
('\\phpbb\\db\\migration\\data\\v310\\softdelete_p2', 'a:2:{i:0;s:33:\"\\phpbb\\db\\migration\\data\\v310\\dev\";i:1;s:43:\"\\phpbb\\db\\migration\\data\\v310\\softdelete_p1\";}', 1, 1, '', 1527516952, 1527516952),
('\\phpbb\\db\\migration\\data\\v310\\style_update_p1', 'a:1:{i:0;s:44:\"\\phpbb\\db\\migration\\data\\v30x\\release_3_0_11\";}', 1, 1, '', 1527516952, 1527516952),
('\\phpbb\\db\\migration\\data\\v310\\style_update_p2', 'a:1:{i:0;s:45:\"\\phpbb\\db\\migration\\data\\v310\\style_update_p1\";}', 1, 1, '', 1527516952, 1527516952),
('\\phpbb\\db\\migration\\data\\v310\\teampage', 'a:1:{i:0;s:33:\"\\phpbb\\db\\migration\\data\\v310\\dev\";}', 1, 1, '', 1527516952, 1527516952),
('\\phpbb\\db\\migration\\data\\v310\\timezone', 'a:1:{i:0;s:44:\"\\phpbb\\db\\migration\\data\\v30x\\release_3_0_11\";}', 1, 1, '', 1527516952, 1527516952),
('\\phpbb\\db\\migration\\data\\v310\\timezone_p2', 'a:1:{i:0;s:38:\"\\phpbb\\db\\migration\\data\\v310\\timezone\";}', 1, 1, '', 1527516952, 1527516952),
('\\phpbb\\db\\migration\\data\\v310\\topic_sort_username', 'a:1:{i:0;s:33:\"\\phpbb\\db\\migration\\data\\v310\\dev\";}', 1, 1, '', 1527516952, 1527516952),
('\\phpbb\\db\\migration\\data\\v310\\ucp_popuppm_module', 'a:1:{i:0;s:33:\"\\phpbb\\db\\migration\\data\\v310\\dev\";}', 1, 1, '', 1527516952, 1527516952),
('\\phpbb\\db\\migration\\data\\v31x\\add_jabber_ssl_context_config_options', 'a:1:{i:0;s:35:\"\\phpbb\\db\\migration\\data\\v31x\\v3110\";}', 1, 1, '', 1527516952, 1527516952),
('\\phpbb\\db\\migration\\data\\v31x\\add_latest_topics_index', 'a:1:{i:0;s:35:\"\\phpbb\\db\\migration\\data\\v31x\\v3110\";}', 1, 1, '', 1527516952, 1527516952),
('\\phpbb\\db\\migration\\data\\v31x\\add_log_time_index', 'a:1:{i:0;s:34:\"\\phpbb\\db\\migration\\data\\v31x\\v319\";}', 1, 1, '', 1527516952, 1527516952),
('\\phpbb\\db\\migration\\data\\v31x\\add_smtp_ssl_context_config_options', 'a:1:{i:0;s:35:\"\\phpbb\\db\\migration\\data\\v31x\\v3110\";}', 1, 1, '', 1527516952, 1527516952),
('\\phpbb\\db\\migration\\data\\v31x\\increase_size_of_dateformat', 'a:1:{i:0;s:34:\"\\phpbb\\db\\migration\\data\\v31x\\v317\";}', 1, 1, '', 1527516952, 1527516952),
('\\phpbb\\db\\migration\\data\\v31x\\increase_size_of_emotion', 'a:1:{i:0;s:35:\"\\phpbb\\db\\migration\\data\\v31x\\v3110\";}', 1, 1, '', 1527516952, 1527516952),
('\\phpbb\\db\\migration\\data\\v31x\\m_pm_report', 'a:1:{i:0;s:37:\"\\phpbb\\db\\migration\\data\\v31x\\v316rc1\";}', 1, 1, '', 1527516952, 1527516952),
('\\phpbb\\db\\migration\\data\\v31x\\m_softdelete_global', 'a:1:{i:0;s:34:\"\\phpbb\\db\\migration\\data\\v31x\\v311\";}', 1, 1, '', 1527516952, 1527516952),
('\\phpbb\\db\\migration\\data\\v31x\\plupload_last_gc_dynamic', 'a:1:{i:0;s:34:\"\\phpbb\\db\\migration\\data\\v31x\\v312\";}', 1, 1, '', 1527516952, 1527516952),
('\\phpbb\\db\\migration\\data\\v31x\\profilefield_remove_underscore_from_alpha', 'a:1:{i:0;s:34:\"\\phpbb\\db\\migration\\data\\v31x\\v311\";}', 1, 1, '', 1527516952, 1527516952),
('\\phpbb\\db\\migration\\data\\v31x\\profilefield_yahoo_update_url', 'a:1:{i:0;s:34:\"\\phpbb\\db\\migration\\data\\v31x\\v312\";}', 1, 1, '', 1527516952, 1527516952),
('\\phpbb\\db\\migration\\data\\v31x\\remove_duplicate_migrations', 'a:1:{i:0;s:35:\"\\phpbb\\db\\migration\\data\\v31x\\v3110\";}', 1, 1, '', 1527516952, 1527516952),
('\\phpbb\\db\\migration\\data\\v31x\\style_update', 'a:1:{i:0;s:34:\"\\phpbb\\db\\migration\\data\\v310\\gold\";}', 1, 1, '', 1527516952, 1527516952),
('\\phpbb\\db\\migration\\data\\v31x\\update_custom_bbcodes_with_idn', 'a:1:{i:0;s:34:\"\\phpbb\\db\\migration\\data\\v31x\\v312\";}', 1, 1, '', 1527516952, 1527516952),
('\\phpbb\\db\\migration\\data\\v31x\\update_hashes', 'a:1:{i:0;s:35:\"\\phpbb\\db\\migration\\data\\v31x\\v3110\";}', 1, 1, '', 1527516952, 1527516952),
('\\phpbb\\db\\migration\\data\\v31x\\v311', 'a:2:{i:0;s:34:\"\\phpbb\\db\\migration\\data\\v310\\gold\";i:1;s:42:\"\\phpbb\\db\\migration\\data\\v31x\\style_update\";}', 1, 1, '', 1527516952, 1527516952),
('\\phpbb\\db\\migration\\data\\v31x\\v3110', 'a:1:{i:0;s:38:\"\\phpbb\\db\\migration\\data\\v31x\\v3110rc1\";}', 1, 1, '', 1527516952, 1527516952),
('\\phpbb\\db\\migration\\data\\v31x\\v3110rc1', 'a:1:{i:0;s:34:\"\\phpbb\\db\\migration\\data\\v31x\\v319\";}', 1, 1, '', 1527516952, 1527516952),
('\\phpbb\\db\\migration\\data\\v31x\\v3111', 'a:1:{i:0;s:38:\"\\phpbb\\db\\migration\\data\\v31x\\v3111rc1\";}', 1, 1, '', 1527516952, 1527516952),
('\\phpbb\\db\\migration\\data\\v31x\\v3111rc1', 'a:8:{i:0;s:35:\"\\phpbb\\db\\migration\\data\\v31x\\v3110\";i:1;s:48:\"\\phpbb\\db\\migration\\data\\v31x\\add_log_time_index\";i:2;s:54:\"\\phpbb\\db\\migration\\data\\v31x\\increase_size_of_emotion\";i:3;s:67:\"\\phpbb\\db\\migration\\data\\v31x\\add_jabber_ssl_context_config_options\";i:4;s:65:\"\\phpbb\\db\\migration\\data\\v31x\\add_smtp_ssl_context_config_options\";i:5;s:43:\"\\phpbb\\db\\migration\\data\\v31x\\update_hashes\";i:6;s:57:\"\\phpbb\\db\\migration\\data\\v31x\\remove_duplicate_migrations\";i:7;s:53:\"\\phpbb\\db\\migration\\data\\v31x\\add_latest_topics_index\";}', 1, 1, '', 1527516952, 1527516952),
('\\phpbb\\db\\migration\\data\\v31x\\v3112', 'a:1:{i:0;s:35:\"\\phpbb\\db\\migration\\data\\v31x\\v3111\";}', 1, 1, '', 1527516952, 1527516952),
('\\phpbb\\db\\migration\\data\\v31x\\v312', 'a:1:{i:0;s:37:\"\\phpbb\\db\\migration\\data\\v31x\\v312rc1\";}', 1, 1, '', 1527516952, 1527516952),
('\\phpbb\\db\\migration\\data\\v31x\\v312rc1', 'a:2:{i:0;s:34:\"\\phpbb\\db\\migration\\data\\v31x\\v311\";i:1;s:49:\"\\phpbb\\db\\migration\\data\\v31x\\m_softdelete_global\";}', 1, 1, '', 1527516952, 1527516952),
('\\phpbb\\db\\migration\\data\\v31x\\v313', 'a:1:{i:0;s:37:\"\\phpbb\\db\\migration\\data\\v31x\\v313rc2\";}', 1, 1, '', 1527516952, 1527516952),
('\\phpbb\\db\\migration\\data\\v31x\\v313rc1', 'a:5:{i:0;s:48:\"\\phpbb\\db\\migration\\data\\v30x\\release_3_0_13_rc1\";i:1;s:54:\"\\phpbb\\db\\migration\\data\\v31x\\plupload_last_gc_dynamic\";i:2;s:71:\"\\phpbb\\db\\migration\\data\\v31x\\profilefield_remove_underscore_from_alpha\";i:3;s:59:\"\\phpbb\\db\\migration\\data\\v31x\\profilefield_yahoo_update_url\";i:4;s:60:\"\\phpbb\\db\\migration\\data\\v31x\\update_custom_bbcodes_with_idn\";}', 1, 1, '', 1527516952, 1527516952),
('\\phpbb\\db\\migration\\data\\v31x\\v313rc2', 'a:2:{i:0;s:48:\"\\phpbb\\db\\migration\\data\\v30x\\release_3_0_13_pl1\";i:1;s:37:\"\\phpbb\\db\\migration\\data\\v31x\\v313rc1\";}', 1, 1, '', 1527516952, 1527516952),
('\\phpbb\\db\\migration\\data\\v31x\\v314', 'a:2:{i:0;s:44:\"\\phpbb\\db\\migration\\data\\v30x\\release_3_0_14\";i:1;s:37:\"\\phpbb\\db\\migration\\data\\v31x\\v314rc2\";}', 1, 1, '', 1527516952, 1527516952),
('\\phpbb\\db\\migration\\data\\v31x\\v314rc1', 'a:1:{i:0;s:34:\"\\phpbb\\db\\migration\\data\\v31x\\v313\";}', 1, 1, '', 1527516952, 1527516952),
('\\phpbb\\db\\migration\\data\\v31x\\v314rc2', 'a:2:{i:0;s:48:\"\\phpbb\\db\\migration\\data\\v30x\\release_3_0_14_rc1\";i:1;s:37:\"\\phpbb\\db\\migration\\data\\v31x\\v314rc1\";}', 1, 1, '', 1527516952, 1527516952),
('\\phpbb\\db\\migration\\data\\v31x\\v315', 'a:1:{i:0;s:37:\"\\phpbb\\db\\migration\\data\\v31x\\v315rc1\";}', 1, 1, '', 1527516952, 1527516952),
('\\phpbb\\db\\migration\\data\\v31x\\v315rc1', 'a:1:{i:0;s:34:\"\\phpbb\\db\\migration\\data\\v31x\\v314\";}', 1, 1, '', 1527516952, 1527516952),
('\\phpbb\\db\\migration\\data\\v31x\\v316', 'a:1:{i:0;s:37:\"\\phpbb\\db\\migration\\data\\v31x\\v316rc1\";}', 1, 1, '', 1527516952, 1527516952),
('\\phpbb\\db\\migration\\data\\v31x\\v316rc1', 'a:1:{i:0;s:34:\"\\phpbb\\db\\migration\\data\\v31x\\v315\";}', 1, 1, '', 1527516952, 1527516952),
('\\phpbb\\db\\migration\\data\\v31x\\v317', 'a:1:{i:0;s:37:\"\\phpbb\\db\\migration\\data\\v31x\\v317rc1\";}', 1, 1, '', 1527516952, 1527516952),
('\\phpbb\\db\\migration\\data\\v31x\\v317pl1', 'a:1:{i:0;s:34:\"\\phpbb\\db\\migration\\data\\v31x\\v317\";}', 1, 1, '', 1527516952, 1527516952),
('\\phpbb\\db\\migration\\data\\v31x\\v317rc1', 'a:2:{i:0;s:41:\"\\phpbb\\db\\migration\\data\\v31x\\m_pm_report\";i:1;s:34:\"\\phpbb\\db\\migration\\data\\v31x\\v316\";}', 1, 1, '', 1527516952, 1527516952),
('\\phpbb\\db\\migration\\data\\v31x\\v318', 'a:1:{i:0;s:37:\"\\phpbb\\db\\migration\\data\\v31x\\v318rc1\";}', 1, 1, '', 1527516952, 1527516952),
('\\phpbb\\db\\migration\\data\\v31x\\v318rc1', 'a:2:{i:0;s:57:\"\\phpbb\\db\\migration\\data\\v31x\\increase_size_of_dateformat\";i:1;s:37:\"\\phpbb\\db\\migration\\data\\v31x\\v317pl1\";}', 1, 1, '', 1527516952, 1527516952),
('\\phpbb\\db\\migration\\data\\v31x\\v319', 'a:1:{i:0;s:37:\"\\phpbb\\db\\migration\\data\\v31x\\v319rc1\";}', 1, 1, '', 1527516952, 1527516952),
('\\phpbb\\db\\migration\\data\\v31x\\v319rc1', 'a:1:{i:0;s:34:\"\\phpbb\\db\\migration\\data\\v31x\\v318\";}', 1, 1, '', 1527516952, 1527516952),
('\\phpbb\\db\\migration\\data\\v320\\add_help_phpbb', 'a:1:{i:0;s:37:\"\\phpbb\\db\\migration\\data\\v320\\v320rc1\";}', 1, 1, '', 1527516952, 1527516952),
('\\phpbb\\db\\migration\\data\\v320\\allowed_schemes_links', 'a:1:{i:0;s:33:\"\\phpbb\\db\\migration\\data\\v320\\dev\";}', 1, 1, '', 1527516952, 1527516952),
('\\phpbb\\db\\migration\\data\\v320\\announce_global_permission', 'a:1:{i:0;s:33:\"\\phpbb\\db\\migration\\data\\v320\\dev\";}', 1, 1, '', 1527516952, 1527516952),
('\\phpbb\\db\\migration\\data\\v320\\cookie_notice', 'a:1:{i:0;s:37:\"\\phpbb\\db\\migration\\data\\v320\\v320rc2\";}', 1, 1, '', 1527516952, 1527516952),
('\\phpbb\\db\\migration\\data\\v320\\default_data_type_ids', 'a:2:{i:0;s:36:\"\\phpbb\\db\\migration\\data\\v320\\v320a2\";i:1;s:42:\"\\phpbb\\db\\migration\\data\\v320\\oauth_states\";}', 1, 1, '', 1527516952, 1527516952),
('\\phpbb\\db\\migration\\data\\v320\\dev', 'a:1:{i:0;s:34:\"\\phpbb\\db\\migration\\data\\v31x\\v316\";}', 1, 1, '', 1527516952, 1527516952),
('\\phpbb\\db\\migration\\data\\v320\\font_awesome_update', 'a:1:{i:0;s:33:\"\\phpbb\\db\\migration\\data\\v320\\dev\";}', 1, 1, '', 1527516952, 1527516952),
('\\phpbb\\db\\migration\\data\\v320\\icons_alt', 'a:1:{i:0;s:33:\"\\phpbb\\db\\migration\\data\\v320\\dev\";}', 1, 1, '', 1527516952, 1527516952),
('\\phpbb\\db\\migration\\data\\v320\\log_post_id', 'a:1:{i:0;s:33:\"\\phpbb\\db\\migration\\data\\v320\\dev\";}', 1, 1, '', 1527516952, 1527516952),
('\\phpbb\\db\\migration\\data\\v320\\notifications_board', 'a:1:{i:0;s:33:\"\\phpbb\\db\\migration\\data\\v320\\dev\";}', 1, 1, '', 1527516952, 1527516952),
('\\phpbb\\db\\migration\\data\\v320\\oauth_states', 'a:1:{i:0;s:49:\"\\phpbb\\db\\migration\\data\\v310\\auth_provider_oauth\";}', 1, 1, '', 1527516952, 1527516952),
('\\phpbb\\db\\migration\\data\\v320\\remote_upload_validation', 'a:1:{i:0;s:36:\"\\phpbb\\db\\migration\\data\\v320\\v320a2\";}', 1, 1, '', 1527516952, 1527516952),
('\\phpbb\\db\\migration\\data\\v320\\remove_outdated_media', 'a:1:{i:0;s:33:\"\\phpbb\\db\\migration\\data\\v320\\dev\";}', 1, 1, '', 1527516952, 1527516952),
('\\phpbb\\db\\migration\\data\\v320\\remove_profilefield_wlm', 'a:1:{i:0;s:33:\"\\phpbb\\db\\migration\\data\\v320\\dev\";}', 1, 1, '', 1527516952, 1527516952),
('\\phpbb\\db\\migration\\data\\v320\\report_id_auto_increment', 'a:1:{i:0;s:51:\"\\phpbb\\db\\migration\\data\\v320\\default_data_type_ids\";}', 1, 1, '', 1527516952, 1527516952),
('\\phpbb\\db\\migration\\data\\v320\\text_reparser', 'a:2:{i:0;s:48:\"\\phpbb\\db\\migration\\data\\v310\\contact_admin_form\";i:1;s:51:\"\\phpbb\\db\\migration\\data\\v320\\allowed_schemes_links\";}', 1, 1, '', 1527516952, 1527516952),
('\\phpbb\\db\\migration\\data\\v320\\v320', 'a:2:{i:0;s:54:\"\\phpbb\\db\\migration\\data\\v31x\\increase_size_of_emotion\";i:1;s:43:\"\\phpbb\\db\\migration\\data\\v320\\cookie_notice\";}', 1, 1, '', 1527516952, 1527516952),
('\\phpbb\\db\\migration\\data\\v320\\v320a1', 'a:9:{i:0;s:33:\"\\phpbb\\db\\migration\\data\\v320\\dev\";i:1;s:51:\"\\phpbb\\db\\migration\\data\\v320\\allowed_schemes_links\";i:2;s:56:\"\\phpbb\\db\\migration\\data\\v320\\announce_global_permission\";i:3;s:53:\"\\phpbb\\db\\migration\\data\\v320\\remove_profilefield_wlm\";i:4;s:49:\"\\phpbb\\db\\migration\\data\\v320\\font_awesome_update\";i:5;s:39:\"\\phpbb\\db\\migration\\data\\v320\\icons_alt\";i:6;s:41:\"\\phpbb\\db\\migration\\data\\v320\\log_post_id\";i:7;s:51:\"\\phpbb\\db\\migration\\data\\v320\\remove_outdated_media\";i:8;s:49:\"\\phpbb\\db\\migration\\data\\v320\\notifications_board\";}', 1, 1, '', 1527516952, 1527516952),
('\\phpbb\\db\\migration\\data\\v320\\v320a2', 'a:3:{i:0;s:37:\"\\phpbb\\db\\migration\\data\\v31x\\v317rc1\";i:1;s:43:\"\\phpbb\\db\\migration\\data\\v320\\text_reparser\";i:2;s:36:\"\\phpbb\\db\\migration\\data\\v320\\v320a1\";}', 1, 1, '', 1527516952, 1527516952),
('\\phpbb\\db\\migration\\data\\v320\\v320b1', 'a:4:{i:0;s:37:\"\\phpbb\\db\\migration\\data\\v31x\\v317pl1\";i:1;s:36:\"\\phpbb\\db\\migration\\data\\v320\\v320a2\";i:2;s:57:\"\\phpbb\\db\\migration\\data\\v31x\\increase_size_of_dateformat\";i:3;s:51:\"\\phpbb\\db\\migration\\data\\v320\\default_data_type_ids\";}', 1, 1, '', 1527516952, 1527516952),
('\\phpbb\\db\\migration\\data\\v320\\v320b2', 'a:3:{i:0;s:34:\"\\phpbb\\db\\migration\\data\\v31x\\v318\";i:1;s:36:\"\\phpbb\\db\\migration\\data\\v320\\v320b1\";i:2;s:54:\"\\phpbb\\db\\migration\\data\\v320\\remote_upload_validation\";}', 1, 1, '', 1527516952, 1527516952),
('\\phpbb\\db\\migration\\data\\v320\\v320rc1', 'a:3:{i:0;s:34:\"\\phpbb\\db\\migration\\data\\v31x\\v319\";i:1;s:54:\"\\phpbb\\db\\migration\\data\\v320\\report_id_auto_increment\";i:2;s:36:\"\\phpbb\\db\\migration\\data\\v320\\v320b2\";}', 1, 1, '', 1527516952, 1527516952),
('\\phpbb\\db\\migration\\data\\v320\\v320rc2', 'a:3:{i:0;s:57:\"\\phpbb\\db\\migration\\data\\v31x\\remove_duplicate_migrations\";i:1;s:48:\"\\phpbb\\db\\migration\\data\\v31x\\add_log_time_index\";i:2;s:44:\"\\phpbb\\db\\migration\\data\\v320\\add_help_phpbb\";}', 1, 1, '', 1527516952, 1527516952),
('\\phpbb\\db\\migration\\data\\v32x\\cookie_notice_p2', 'a:1:{i:0;s:34:\"\\phpbb\\db\\migration\\data\\v320\\v320\";}', 1, 1, '', 1527516952, 1527516952),
('\\phpbb\\db\\migration\\data\\v32x\\email_force_sender', 'a:1:{i:0;s:34:\"\\phpbb\\db\\migration\\data\\v32x\\v321\";}', 1, 1, '', 1527516952, 1527516952),
('\\phpbb\\db\\migration\\data\\v32x\\f_list_topics_permission_add', 'a:1:{i:0;s:34:\"\\phpbb\\db\\migration\\data\\v32x\\v321\";}', 1, 1, '', 1527516952, 1527516952),
('\\phpbb\\db\\migration\\data\\v32x\\fix_user_styles', 'a:1:{i:0;s:34:\"\\phpbb\\db\\migration\\data\\v320\\v320\";}', 1, 1, '', 1527516952, 1527516952),
('\\phpbb\\db\\migration\\data\\v32x\\load_user_activity_limit', 'a:1:{i:0;s:34:\"\\phpbb\\db\\migration\\data\\v320\\v320\";}', 1, 1, '', 1527516952, 1527516952),
('\\phpbb\\db\\migration\\data\\v32x\\merge_duplicate_bbcodes', 'a:0:{}', 1, 1, '', 1527516952, 1527516952),
('\\phpbb\\db\\migration\\data\\v32x\\update_prosilver_bitfield', 'a:1:{i:0;s:34:\"\\phpbb\\db\\migration\\data\\v32x\\v321\";}', 1, 1, '', 1527516952, 1527516952),
('\\phpbb\\db\\migration\\data\\v32x\\user_notifications_table_index_p1', 'a:1:{i:0;s:46:\"\\phpbb\\db\\migration\\data\\v32x\\cookie_notice_p2\";}', 1, 1, '', 1527516952, 1527516952),
('\\phpbb\\db\\migration\\data\\v32x\\user_notifications_table_index_p2', 'a:1:{i:0;s:63:\"\\phpbb\\db\\migration\\data\\v32x\\user_notifications_table_index_p1\";}', 1, 1, '', 1527516952, 1527516952),
('\\phpbb\\db\\migration\\data\\v32x\\user_notifications_table_index_p3', 'a:1:{i:0;s:63:\"\\phpbb\\db\\migration\\data\\v32x\\user_notifications_table_index_p2\";}', 1, 1, '', 1527516952, 1527516952),
('\\phpbb\\db\\migration\\data\\v32x\\user_notifications_table_reduce_column_sizes', 'a:1:{i:0;s:63:\"\\phpbb\\db\\migration\\data\\v32x\\user_notifications_table_index_p3\";}', 1, 1, '', 1527516952, 1527516952),
('\\phpbb\\db\\migration\\data\\v32x\\user_notifications_table_remove_duplicates', 'a:1:{i:0;s:65:\"\\phpbb\\db\\migration\\data\\v32x\\user_notifications_table_temp_index\";}', 1, 1, '', 1527516952, 1527516952),
('\\phpbb\\db\\migration\\data\\v32x\\user_notifications_table_temp_index', 'a:1:{i:0;s:74:\"\\phpbb\\db\\migration\\data\\v32x\\user_notifications_table_reduce_column_sizes\";}', 1, 1, '', 1527516952, 1527516952),
('\\phpbb\\db\\migration\\data\\v32x\\user_notifications_table_unique_index', 'a:1:{i:0;s:72:\"\\phpbb\\db\\migration\\data\\v32x\\user_notifications_table_remove_duplicates\";}', 1, 1, '', 1527516952, 1527516952),
('\\phpbb\\db\\migration\\data\\v32x\\v321', 'a:2:{i:0;s:35:\"\\phpbb\\db\\migration\\data\\v31x\\v3111\";i:1;s:37:\"\\phpbb\\db\\migration\\data\\v32x\\v321rc1\";}', 1, 1, '', 1527516952, 1527516952),
('\\phpbb\\db\\migration\\data\\v32x\\v321rc1', 'a:4:{i:0;s:34:\"\\phpbb\\db\\migration\\data\\v320\\v320\";i:1;s:38:\"\\phpbb\\db\\migration\\data\\v31x\\v3111rc1\";i:2;s:54:\"\\phpbb\\db\\migration\\data\\v32x\\load_user_activity_limit\";i:3;s:67:\"\\phpbb\\db\\migration\\data\\v32x\\user_notifications_table_unique_index\";}', 1, 1, '', 1527516952, 1527516952),
('\\phpbb\\db\\migration\\data\\v32x\\v322', 'a:2:{i:0;s:35:\"\\phpbb\\db\\migration\\data\\v31x\\v3112\";i:1;s:37:\"\\phpbb\\db\\migration\\data\\v32x\\v322rc1\";}', 1, 1, '', 1527516952, 1527516952),
('\\phpbb\\db\\migration\\data\\v32x\\v322rc1', 'a:5:{i:0;s:45:\"\\phpbb\\db\\migration\\data\\v32x\\fix_user_styles\";i:1;s:55:\"\\phpbb\\db\\migration\\data\\v32x\\update_prosilver_bitfield\";i:2;s:48:\"\\phpbb\\db\\migration\\data\\v32x\\email_force_sender\";i:3;s:58:\"\\phpbb\\db\\migration\\data\\v32x\\f_list_topics_permission_add\";i:4;s:53:\"\\phpbb\\db\\migration\\data\\v32x\\merge_duplicate_bbcodes\";}', 1, 1, '', 1527516952, 1527516952),
('\\phpbb\\viglink\\migrations\\viglink_ask_admin', 'a:1:{i:0;s:41:\"\\phpbb\\viglink\\migrations\\viglink_data_v2\";}', 1, 1, '', 1527516954, 1527516954),
('\\phpbb\\viglink\\migrations\\viglink_ask_admin_wait', 'a:1:{i:0;s:43:\"\\phpbb\\viglink\\migrations\\viglink_ask_admin\";}', 1, 1, '', 1527516954, 1527516954),
('\\phpbb\\viglink\\migrations\\viglink_cron', 'a:1:{i:0;s:38:\"\\phpbb\\viglink\\migrations\\viglink_data\";}', 1, 1, '', 0, 0),
('\\phpbb\\viglink\\migrations\\viglink_data', 'a:1:{i:0;s:34:\"\\phpbb\\db\\migration\\data\\v31x\\v312\";}', 1, 1, '', 1527516953, 1527516954),
('\\phpbb\\viglink\\migrations\\viglink_data_v2', 'a:1:{i:0;s:38:\"\\phpbb\\viglink\\migrations\\viglink_data\";}', 1, 1, '', 1527516954, 1527516954);

-- --------------------------------------------------------

--
-- Структура таблиці `phpbb_moderator_cache`
--

CREATE TABLE `phpbb_moderator_cache` (
  `forum_id` mediumint(8) UNSIGNED NOT NULL DEFAULT '0',
  `user_id` int(10) UNSIGNED NOT NULL DEFAULT '0',
  `username` varchar(255) COLLATE utf8_bin NOT NULL DEFAULT '',
  `group_id` mediumint(8) UNSIGNED NOT NULL DEFAULT '0',
  `group_name` varchar(255) COLLATE utf8_bin NOT NULL DEFAULT '',
  `display_on_index` tinyint(1) UNSIGNED NOT NULL DEFAULT '1'
) ENGINE=InnoDB DEFAULT CHARSET=utf8 COLLATE=utf8_bin;

-- --------------------------------------------------------

--
-- Структура таблиці `phpbb_modules`
--

CREATE TABLE `phpbb_modules` (
  `module_id` mediumint(8) UNSIGNED NOT NULL,
  `module_enabled` tinyint(1) UNSIGNED NOT NULL DEFAULT '1',
  `module_display` tinyint(1) UNSIGNED NOT NULL DEFAULT '1',
  `module_basename` varchar(255) COLLATE utf8_bin NOT NULL DEFAULT '',
  `module_class` varchar(10) COLLATE utf8_bin NOT NULL DEFAULT '',
  `parent_id` mediumint(8) UNSIGNED NOT NULL DEFAULT '0',
  `left_id` mediumint(8) UNSIGNED NOT NULL DEFAULT '0',
  `right_id` mediumint(8) UNSIGNED NOT NULL DEFAULT '0',
  `module_langname` varchar(255) COLLATE utf8_bin NOT NULL DEFAULT '',
  `module_mode` varchar(255) COLLATE utf8_bin NOT NULL DEFAULT '',
  `module_auth` varchar(255) COLLATE utf8_bin NOT NULL DEFAULT ''
) ENGINE=InnoDB DEFAULT CHARSET=utf8 COLLATE=utf8_bin;

--
-- Дамп даних таблиці `phpbb_modules`
--

INSERT INTO `phpbb_modules` (`module_id`, `module_enabled`, `module_display`, `module_basename`, `module_class`, `parent_id`, `left_id`, `right_id`, `module_langname`, `module_mode`, `module_auth`) VALUES
(1, 1, 1, '', 'acp', 0, 1, 68, 'ACP_CAT_GENERAL', '', ''),
(2, 1, 1, '', 'acp', 1, 4, 17, 'ACP_QUICK_ACCESS', '', ''),
(3, 1, 1, '', 'acp', 1, 18, 45, 'ACP_BOARD_CONFIGURATION', '', ''),
(4, 1, 1, '', 'acp', 1, 46, 53, 'ACP_CLIENT_COMMUNICATION', '', ''),
(5, 1, 1, '', 'acp', 1, 54, 67, 'ACP_SERVER_CONFIGURATION', '', ''),
(6, 1, 1, '', 'acp', 0, 69, 88, 'ACP_CAT_FORUMS', '', ''),
(7, 1, 1, '', 'acp', 6, 70, 75, 'ACP_MANAGE_FORUMS', '', ''),
(8, 1, 1, '', 'acp', 6, 76, 87, 'ACP_FORUM_BASED_PERMISSIONS', '', ''),
(9, 1, 1, '', 'acp', 0, 89, 116, 'ACP_CAT_POSTING', '', ''),
(10, 1, 1, '', 'acp', 9, 90, 103, 'ACP_MESSAGES', '', ''),
(11, 1, 1, '', 'acp', 9, 104, 115, 'ACP_ATTACHMENTS', '', ''),
(12, 1, 1, '', 'acp', 0, 117, 174, 'ACP_CAT_USERGROUP', '', ''),
(13, 1, 1, '', 'acp', 12, 118, 153, 'ACP_CAT_USERS', '', ''),
(14, 1, 1, '', 'acp', 12, 154, 163, 'ACP_GROUPS', '', ''),
(15, 1, 1, '', 'acp', 12, 164, 173, 'ACP_USER_SECURITY', '', ''),
(16, 1, 1, '', 'acp', 0, 175, 224, 'ACP_CAT_PERMISSIONS', '', ''),
(17, 1, 1, '', 'acp', 16, 178, 187, 'ACP_GLOBAL_PERMISSIONS', '', ''),
(18, 1, 1, '', 'acp', 16, 188, 199, 'ACP_FORUM_BASED_PERMISSIONS', '', ''),
(19, 1, 1, '', 'acp', 16, 200, 209, 'ACP_PERMISSION_ROLES', '', ''),
(20, 1, 1, '', 'acp', 16, 210, 223, 'ACP_PERMISSION_MASKS', '', ''),
(21, 1, 1, '', 'acp', 0, 225, 240, 'ACP_CAT_CUSTOMISE', '', ''),
(22, 1, 1, '', 'acp', 21, 230, 235, 'ACP_STYLE_MANAGEMENT', '', ''),
(23, 1, 1, '', 'acp', 21, 226, 229, 'ACP_EXTENSION_MANAGEMENT', '', ''),
(24, 1, 1, '', 'acp', 21, 236, 239, 'ACP_LANGUAGE', '', ''),
(25, 1, 1, '', 'acp', 0, 241, 260, 'ACP_CAT_MAINTENANCE', '', ''),
(26, 1, 1, '', 'acp', 25, 242, 251, 'ACP_FORUM_LOGS', '', ''),
(27, 1, 1, '', 'acp', 25, 252, 259, 'ACP_CAT_DATABASE', '', ''),
(28, 1, 1, '', 'acp', 0, 261, 284, 'ACP_CAT_SYSTEM', '', ''),
(29, 1, 1, '', 'acp', 28, 262, 265, 'ACP_AUTOMATION', '', ''),
(30, 1, 1, '', 'acp', 28, 266, 275, 'ACP_GENERAL_TASKS', '', ''),
(31, 1, 1, '', 'acp', 28, 276, 283, 'ACP_MODULE_MANAGEMENT', '', ''),
(32, 1, 1, '', 'acp', 0, 285, 286, 'ACP_CAT_DOT_MODS', '', ''),
(33, 1, 1, 'acp_attachments', 'acp', 3, 19, 20, 'ACP_ATTACHMENT_SETTINGS', 'attach', 'acl_a_attach'),
(34, 1, 1, 'acp_attachments', 'acp', 11, 105, 106, 'ACP_ATTACHMENT_SETTINGS', 'attach', 'acl_a_attach'),
(35, 1, 1, 'acp_attachments', 'acp', 11, 107, 108, 'ACP_MANAGE_EXTENSIONS', 'extensions', 'acl_a_attach'),
(36, 1, 1, 'acp_attachments', 'acp', 11, 109, 110, 'ACP_EXTENSION_GROUPS', 'ext_groups', 'acl_a_attach'),
(37, 1, 1, 'acp_attachments', 'acp', 11, 111, 112, 'ACP_ORPHAN_ATTACHMENTS', 'orphan', 'acl_a_attach'),
(38, 1, 1, 'acp_attachments', 'acp', 11, 113, 114, 'ACP_MANAGE_ATTACHMENTS', 'manage', 'acl_a_attach'),
(39, 1, 1, 'acp_ban', 'acp', 15, 165, 166, 'ACP_BAN_EMAILS', 'email', 'acl_a_ban'),
(40, 1, 1, 'acp_ban', 'acp', 15, 167, 168, 'ACP_BAN_IPS', 'ip', 'acl_a_ban'),
(41, 1, 1, 'acp_ban', 'acp', 15, 169, 170, 'ACP_BAN_USERNAMES', 'user', 'acl_a_ban'),
(42, 1, 1, 'acp_bbcodes', 'acp', 10, 91, 92, 'ACP_BBCODES', 'bbcodes', 'acl_a_bbcode'),
(43, 1, 1, 'acp_board', 'acp', 3, 21, 22, 'ACP_BOARD_SETTINGS', 'settings', 'acl_a_board'),
(44, 1, 1, 'acp_board', 'acp', 3, 23, 24, 'ACP_BOARD_FEATURES', 'features', 'acl_a_board'),
(45, 1, 1, 'acp_board', 'acp', 3, 25, 26, 'ACP_AVATAR_SETTINGS', 'avatar', 'acl_a_board'),
(46, 1, 1, 'acp_board', 'acp', 3, 27, 28, 'ACP_MESSAGE_SETTINGS', 'message', 'acl_a_board'),
(47, 1, 1, 'acp_board', 'acp', 10, 93, 94, 'ACP_MESSAGE_SETTINGS', 'message', 'acl_a_board'),
(48, 1, 1, 'acp_board', 'acp', 3, 29, 30, 'ACP_POST_SETTINGS', 'post', 'acl_a_board'),
(49, 1, 1, 'acp_board', 'acp', 10, 95, 96, 'ACP_POST_SETTINGS', 'post', 'acl_a_board'),
(50, 1, 1, 'acp_board', 'acp', 3, 31, 32, 'ACP_SIGNATURE_SETTINGS', 'signature', 'acl_a_board'),
(51, 1, 1, 'acp_board', 'acp', 3, 33, 34, 'ACP_FEED_SETTINGS', 'feed', 'acl_a_board'),
(52, 1, 1, 'acp_board', 'acp', 3, 35, 36, 'ACP_REGISTER_SETTINGS', 'registration', 'acl_a_board'),
(53, 1, 1, 'acp_board', 'acp', 4, 47, 48, 'ACP_AUTH_SETTINGS', 'auth', 'acl_a_server'),
(54, 1, 1, 'acp_board', 'acp', 4, 49, 50, 'ACP_EMAIL_SETTINGS', 'email', 'acl_a_server'),
(55, 1, 1, 'acp_board', 'acp', 5, 55, 56, 'ACP_COOKIE_SETTINGS', 'cookie', 'acl_a_server'),
(56, 1, 1, 'acp_board', 'acp', 5, 57, 58, 'ACP_SERVER_SETTINGS', 'server', 'acl_a_server'),
(57, 1, 1, 'acp_board', 'acp', 5, 59, 60, 'ACP_SECURITY_SETTINGS', 'security', 'acl_a_server'),
(58, 1, 1, 'acp_board', 'acp', 5, 61, 62, 'ACP_LOAD_SETTINGS', 'load', 'acl_a_server'),
(59, 1, 1, 'acp_bots', 'acp', 30, 267, 268, 'ACP_BOTS', 'bots', 'acl_a_bots'),
(60, 1, 1, 'acp_captcha', 'acp', 3, 37, 38, 'ACP_VC_SETTINGS', 'visual', 'acl_a_board'),
(61, 1, 0, 'acp_captcha', 'acp', 3, 39, 40, 'ACP_VC_CAPTCHA_DISPLAY', 'img', 'acl_a_board'),
(62, 1, 1, 'acp_contact', 'acp', 3, 41, 42, 'ACP_CONTACT_SETTINGS', 'contact', 'acl_a_board'),
(63, 1, 1, 'acp_database', 'acp', 27, 253, 254, 'ACP_BACKUP', 'backup', 'acl_a_backup'),
(64, 1, 1, 'acp_database', 'acp', 27, 255, 256, 'ACP_RESTORE', 'restore', 'acl_a_backup'),
(65, 1, 1, 'acp_disallow', 'acp', 15, 171, 172, 'ACP_DISALLOW_USERNAMES', 'usernames', 'acl_a_names'),
(66, 1, 1, 'acp_email', 'acp', 30, 269, 270, 'ACP_MASS_EMAIL', 'email', 'acl_a_email && cfg_email_enable'),
(67, 1, 1, 'acp_extensions', 'acp', 23, 227, 228, 'ACP_EXTENSIONS', 'main', 'acl_a_extensions'),
(68, 1, 1, 'acp_forums', 'acp', 7, 71, 72, 'ACP_MANAGE_FORUMS', 'manage', 'acl_a_forum'),
(69, 1, 1, 'acp_groups', 'acp', 14, 155, 156, 'ACP_GROUPS_MANAGE', 'manage', 'acl_a_group'),
(70, 1, 1, 'acp_groups', 'acp', 14, 157, 158, 'ACP_GROUPS_POSITION', 'position', 'acl_a_group'),
(71, 1, 1, 'acp_help_phpbb', 'acp', 5, 63, 64, 'ACP_HELP_PHPBB', 'help_phpbb', 'acl_a_server'),
(72, 1, 1, 'acp_icons', 'acp', 10, 97, 98, 'ACP_ICONS', 'icons', 'acl_a_icons'),
(73, 1, 1, 'acp_icons', 'acp', 10, 99, 100, 'ACP_SMILIES', 'smilies', 'acl_a_icons'),
(74, 1, 1, 'acp_inactive', 'acp', 13, 119, 120, 'ACP_INACTIVE_USERS', 'list', 'acl_a_user'),
(75, 1, 1, 'acp_jabber', 'acp', 4, 51, 52, 'ACP_JABBER_SETTINGS', 'settings', 'acl_a_jabber'),
(76, 1, 1, 'acp_language', 'acp', 24, 237, 238, 'ACP_LANGUAGE_PACKS', 'lang_packs', 'acl_a_language'),
(77, 1, 1, 'acp_logs', 'acp', 26, 243, 244, 'ACP_ADMIN_LOGS', 'admin', 'acl_a_viewlogs'),
(78, 1, 1, 'acp_logs', 'acp', 26, 245, 246, 'ACP_MOD_LOGS', 'mod', 'acl_a_viewlogs'),
(79, 1, 1, 'acp_logs', 'acp', 26, 247, 248, 'ACP_USERS_LOGS', 'users', 'acl_a_viewlogs'),
(80, 1, 1, 'acp_logs', 'acp', 26, 249, 250, 'ACP_CRITICAL_LOGS', 'critical', 'acl_a_viewlogs'),
(81, 1, 1, 'acp_main', 'acp', 1, 2, 3, 'ACP_INDEX', 'main', ''),
(82, 1, 1, 'acp_modules', 'acp', 31, 277, 278, 'ACP', 'acp', 'acl_a_modules'),
(83, 1, 1, 'acp_modules', 'acp', 31, 279, 280, 'UCP', 'ucp', 'acl_a_modules'),
(84, 1, 1, 'acp_modules', 'acp', 31, 281, 282, 'MCP', 'mcp', 'acl_a_modules'),
(85, 1, 1, 'acp_permission_roles', 'acp', 19, 201, 202, 'ACP_ADMIN_ROLES', 'admin_roles', 'acl_a_roles && acl_a_aauth'),
(86, 1, 1, 'acp_permission_roles', 'acp', 19, 203, 204, 'ACP_USER_ROLES', 'user_roles', 'acl_a_roles && acl_a_uauth'),
(87, 1, 1, 'acp_permission_roles', 'acp', 19, 205, 206, 'ACP_MOD_ROLES', 'mod_roles', 'acl_a_roles && acl_a_mauth'),
(88, 1, 1, 'acp_permission_roles', 'acp', 19, 207, 208, 'ACP_FORUM_ROLES', 'forum_roles', 'acl_a_roles && acl_a_fauth'),
(89, 1, 1, 'acp_permissions', 'acp', 16, 176, 177, 'ACP_PERMISSIONS', 'intro', 'acl_a_authusers || acl_a_authgroups || acl_a_viewauth'),
(90, 1, 0, 'acp_permissions', 'acp', 20, 211, 212, 'ACP_PERMISSION_TRACE', 'trace', 'acl_a_viewauth'),
(91, 1, 1, 'acp_permissions', 'acp', 18, 189, 190, 'ACP_FORUM_PERMISSIONS', 'setting_forum_local', 'acl_a_fauth && (acl_a_authusers || acl_a_authgroups)'),
(92, 1, 1, 'acp_permissions', 'acp', 18, 191, 192, 'ACP_FORUM_PERMISSIONS_COPY', 'setting_forum_copy', 'acl_a_fauth && acl_a_authusers && acl_a_authgroups && acl_a_mauth'),
(93, 1, 1, 'acp_permissions', 'acp', 18, 193, 194, 'ACP_FORUM_MODERATORS', 'setting_mod_local', 'acl_a_mauth && (acl_a_authusers || acl_a_authgroups)'),
(94, 1, 1, 'acp_permissions', 'acp', 17, 179, 180, 'ACP_USERS_PERMISSIONS', 'setting_user_global', 'acl_a_authusers && (acl_a_aauth || acl_a_mauth || acl_a_uauth)'),
(95, 1, 1, 'acp_permissions', 'acp', 13, 123, 124, 'ACP_USERS_PERMISSIONS', 'setting_user_global', 'acl_a_authusers && (acl_a_aauth || acl_a_mauth || acl_a_uauth)'),
(96, 1, 1, 'acp_permissions', 'acp', 18, 195, 196, 'ACP_USERS_FORUM_PERMISSIONS', 'setting_user_local', 'acl_a_authusers && (acl_a_mauth || acl_a_fauth)'),
(97, 1, 1, 'acp_permissions', 'acp', 13, 125, 126, 'ACP_USERS_FORUM_PERMISSIONS', 'setting_user_local', 'acl_a_authusers && (acl_a_mauth || acl_a_fauth)'),
(98, 1, 1, 'acp_permissions', 'acp', 17, 181, 182, 'ACP_GROUPS_PERMISSIONS', 'setting_group_global', 'acl_a_authgroups && (acl_a_aauth || acl_a_mauth || acl_a_uauth)'),
(99, 1, 1, 'acp_permissions', 'acp', 14, 159, 160, 'ACP_GROUPS_PERMISSIONS', 'setting_group_global', 'acl_a_authgroups && (acl_a_aauth || acl_a_mauth || acl_a_uauth)'),
(100, 1, 1, 'acp_permissions', 'acp', 18, 197, 198, 'ACP_GROUPS_FORUM_PERMISSIONS', 'setting_group_local', 'acl_a_authgroups && (acl_a_mauth || acl_a_fauth)'),
(101, 1, 1, 'acp_permissions', 'acp', 14, 161, 162, 'ACP_GROUPS_FORUM_PERMISSIONS', 'setting_group_local', 'acl_a_authgroups && (acl_a_mauth || acl_a_fauth)'),
(102, 1, 1, 'acp_permissions', 'acp', 17, 183, 184, 'ACP_ADMINISTRATORS', 'setting_admin_global', 'acl_a_aauth && (acl_a_authusers || acl_a_authgroups)'),
(103, 1, 1, 'acp_permissions', 'acp', 17, 185, 186, 'ACP_GLOBAL_MODERATORS', 'setting_mod_global', 'acl_a_mauth && (acl_a_authusers || acl_a_authgroups)'),
(104, 1, 1, 'acp_permissions', 'acp', 20, 213, 214, 'ACP_VIEW_ADMIN_PERMISSIONS', 'view_admin_global', 'acl_a_viewauth'),
(105, 1, 1, 'acp_permissions', 'acp', 20, 215, 216, 'ACP_VIEW_USER_PERMISSIONS', 'view_user_global', 'acl_a_viewauth'),
(106, 1, 1, 'acp_permissions', 'acp', 20, 217, 218, 'ACP_VIEW_GLOBAL_MOD_PERMISSIONS', 'view_mod_global', 'acl_a_viewauth'),
(107, 1, 1, 'acp_permissions', 'acp', 20, 219, 220, 'ACP_VIEW_FORUM_MOD_PERMISSIONS', 'view_mod_local', 'acl_a_viewauth'),
(108, 1, 1, 'acp_permissions', 'acp', 20, 221, 222, 'ACP_VIEW_FORUM_PERMISSIONS', 'view_forum_local', 'acl_a_viewauth'),
(109, 1, 1, 'acp_php_info', 'acp', 30, 271, 272, 'ACP_PHP_INFO', 'info', 'acl_a_phpinfo'),
(110, 1, 1, 'acp_profile', 'acp', 13, 127, 128, 'ACP_CUSTOM_PROFILE_FIELDS', 'profile', 'acl_a_profile'),
(111, 1, 1, 'acp_prune', 'acp', 7, 73, 74, 'ACP_PRUNE_FORUMS', 'forums', 'acl_a_prune'),
(112, 1, 1, 'acp_prune', 'acp', 13, 129, 130, 'ACP_PRUNE_USERS', 'users', 'acl_a_userdel'),
(113, 1, 1, 'acp_ranks', 'acp', 13, 131, 132, 'ACP_MANAGE_RANKS', 'ranks', 'acl_a_ranks'),
(114, 1, 1, 'acp_reasons', 'acp', 30, 273, 274, 'ACP_MANAGE_REASONS', 'main', 'acl_a_reasons'),
(115, 1, 1, 'acp_search', 'acp', 5, 65, 66, 'ACP_SEARCH_SETTINGS', 'settings', 'acl_a_search'),
(116, 1, 1, 'acp_search', 'acp', 27, 257, 258, 'ACP_SEARCH_INDEX', 'index', 'acl_a_search'),
(117, 1, 1, 'acp_styles', 'acp', 22, 231, 232, 'ACP_STYLES', 'style', 'acl_a_styles'),
(118, 1, 1, 'acp_styles', 'acp', 22, 233, 234, 'ACP_STYLES_INSTALL', 'install', 'acl_a_styles'),
(119, 1, 1, 'acp_update', 'acp', 29, 263, 264, 'ACP_VERSION_CHECK', 'version_check', 'acl_a_board'),
(120, 1, 1, 'acp_users', 'acp', 13, 121, 122, 'ACP_MANAGE_USERS', 'overview', 'acl_a_user'),
(121, 1, 0, 'acp_users', 'acp', 13, 133, 134, 'ACP_USER_FEEDBACK', 'feedback', 'acl_a_user'),
(122, 1, 0, 'acp_users', 'acp', 13, 135, 136, 'ACP_USER_WARNINGS', 'warnings', 'acl_a_user'),
(123, 1, 0, 'acp_users', 'acp', 13, 137, 138, 'ACP_USER_PROFILE', 'profile', 'acl_a_user'),
(124, 1, 0, 'acp_users', 'acp', 13, 139, 140, 'ACP_USER_PREFS', 'prefs', 'acl_a_user'),
(125, 1, 0, 'acp_users', 'acp', 13, 141, 142, 'ACP_USER_AVATAR', 'avatar', 'acl_a_user'),
(126, 1, 0, 'acp_users', 'acp', 13, 143, 144, 'ACP_USER_RANK', 'rank', 'acl_a_user'),
(127, 1, 0, 'acp_users', 'acp', 13, 145, 146, 'ACP_USER_SIG', 'sig', 'acl_a_user'),
(128, 1, 0, 'acp_users', 'acp', 13, 147, 148, 'ACP_USER_GROUPS', 'groups', 'acl_a_user && acl_a_group'),
(129, 1, 0, 'acp_users', 'acp', 13, 149, 150, 'ACP_USER_PERM', 'perm', 'acl_a_user && acl_a_viewauth'),
(130, 1, 0, 'acp_users', 'acp', 13, 151, 152, 'ACP_USER_ATTACH', 'attach', 'acl_a_user'),
(131, 1, 1, 'acp_words', 'acp', 10, 101, 102, 'ACP_WORDS', 'words', 'acl_a_words'),
(132, 1, 1, 'acp_users', 'acp', 2, 5, 6, 'ACP_MANAGE_USERS', 'overview', 'acl_a_user'),
(133, 1, 1, 'acp_groups', 'acp', 2, 7, 8, 'ACP_GROUPS_MANAGE', 'manage', 'acl_a_group'),
(134, 1, 1, 'acp_forums', 'acp', 2, 9, 10, 'ACP_MANAGE_FORUMS', 'manage', 'acl_a_forum'),
(135, 1, 1, 'acp_logs', 'acp', 2, 11, 12, 'ACP_MOD_LOGS', 'mod', 'acl_a_viewlogs'),
(136, 1, 1, 'acp_bots', 'acp', 2, 13, 14, 'ACP_BOTS', 'bots', 'acl_a_bots'),
(137, 1, 1, 'acp_php_info', 'acp', 2, 15, 16, 'ACP_PHP_INFO', 'info', 'acl_a_phpinfo'),
(138, 1, 1, 'acp_permissions', 'acp', 8, 77, 78, 'ACP_FORUM_PERMISSIONS', 'setting_forum_local', 'acl_a_fauth && (acl_a_authusers || acl_a_authgroups)'),
(139, 1, 1, 'acp_permissions', 'acp', 8, 79, 80, 'ACP_FORUM_PERMISSIONS_COPY', 'setting_forum_copy', 'acl_a_fauth && acl_a_authusers && acl_a_authgroups && acl_a_mauth'),
(140, 1, 1, 'acp_permissions', 'acp', 8, 81, 82, 'ACP_FORUM_MODERATORS', 'setting_mod_local', 'acl_a_mauth && (acl_a_authusers || acl_a_authgroups)'),
(141, 1, 1, 'acp_permissions', 'acp', 8, 83, 84, 'ACP_USERS_FORUM_PERMISSIONS', 'setting_user_local', 'acl_a_authusers && (acl_a_mauth || acl_a_fauth)'),
(142, 1, 1, 'acp_permissions', 'acp', 8, 85, 86, 'ACP_GROUPS_FORUM_PERMISSIONS', 'setting_group_local', 'acl_a_authgroups && (acl_a_mauth || acl_a_fauth)'),
(143, 1, 1, '', 'mcp', 0, 1, 10, 'MCP_MAIN', '', ''),
(144, 1, 1, '', 'mcp', 0, 11, 22, 'MCP_QUEUE', '', ''),
(145, 1, 1, '', 'mcp', 0, 23, 36, 'MCP_REPORTS', '', ''),
(146, 1, 1, '', 'mcp', 0, 37, 42, 'MCP_NOTES', '', ''),
(147, 1, 1, '', 'mcp', 0, 43, 52, 'MCP_WARN', '', ''),
(148, 1, 1, '', 'mcp', 0, 53, 60, 'MCP_LOGS', '', ''),
(149, 1, 1, '', 'mcp', 0, 61, 68, 'MCP_BAN', '', ''),
(150, 1, 1, 'mcp_ban', 'mcp', 149, 62, 63, 'MCP_BAN_USERNAMES', 'user', 'acl_m_ban'),
(151, 1, 1, 'mcp_ban', 'mcp', 149, 64, 65, 'MCP_BAN_IPS', 'ip', 'acl_m_ban'),
(152, 1, 1, 'mcp_ban', 'mcp', 149, 66, 67, 'MCP_BAN_EMAILS', 'email', 'acl_m_ban'),
(153, 1, 1, 'mcp_logs', 'mcp', 148, 54, 55, 'MCP_LOGS_FRONT', 'front', 'acl_m_ || aclf_m_'),
(154, 1, 1, 'mcp_logs', 'mcp', 148, 56, 57, 'MCP_LOGS_FORUM_VIEW', 'forum_logs', 'acl_m_,$id'),
(155, 1, 1, 'mcp_logs', 'mcp', 148, 58, 59, 'MCP_LOGS_TOPIC_VIEW', 'topic_logs', 'acl_m_,$id'),
(156, 1, 1, 'mcp_main', 'mcp', 143, 2, 3, 'MCP_MAIN_FRONT', 'front', ''),
(157, 1, 1, 'mcp_main', 'mcp', 143, 4, 5, 'MCP_MAIN_FORUM_VIEW', 'forum_view', 'acl_m_,$id'),
(158, 1, 1, 'mcp_main', 'mcp', 143, 6, 7, 'MCP_MAIN_TOPIC_VIEW', 'topic_view', 'acl_m_,$id'),
(159, 1, 1, 'mcp_main', 'mcp', 143, 8, 9, 'MCP_MAIN_POST_DETAILS', 'post_details', 'acl_m_,$id || (!$id && aclf_m_)'),
(160, 1, 1, 'mcp_notes', 'mcp', 146, 38, 39, 'MCP_NOTES_FRONT', 'front', ''),
(161, 1, 1, 'mcp_notes', 'mcp', 146, 40, 41, 'MCP_NOTES_USER', 'user_notes', ''),
(162, 1, 1, 'mcp_pm_reports', 'mcp', 145, 30, 31, 'MCP_PM_REPORTS_OPEN', 'pm_reports', 'acl_m_pm_report'),
(163, 1, 1, 'mcp_pm_reports', 'mcp', 145, 32, 33, 'MCP_PM_REPORTS_CLOSED', 'pm_reports_closed', 'acl_m_pm_report'),
(164, 1, 1, 'mcp_pm_reports', 'mcp', 145, 34, 35, 'MCP_PM_REPORT_DETAILS', 'pm_report_details', 'acl_m_pm_report'),
(165, 1, 1, 'mcp_queue', 'mcp', 144, 12, 13, 'MCP_QUEUE_UNAPPROVED_TOPICS', 'unapproved_topics', 'aclf_m_approve'),
(166, 1, 1, 'mcp_queue', 'mcp', 144, 14, 15, 'MCP_QUEUE_UNAPPROVED_POSTS', 'unapproved_posts', 'aclf_m_approve'),
(167, 1, 1, 'mcp_queue', 'mcp', 144, 16, 17, 'MCP_QUEUE_DELETED_TOPICS', 'deleted_topics', 'aclf_m_approve'),
(168, 1, 1, 'mcp_queue', 'mcp', 144, 18, 19, 'MCP_QUEUE_DELETED_POSTS', 'deleted_posts', 'aclf_m_approve'),
(169, 1, 1, 'mcp_queue', 'mcp', 144, 20, 21, 'MCP_QUEUE_APPROVE_DETAILS', 'approve_details', 'acl_m_approve,$id || (!$id && aclf_m_approve)'),
(170, 1, 1, 'mcp_reports', 'mcp', 145, 24, 25, 'MCP_REPORTS_OPEN', 'reports', 'aclf_m_report'),
(171, 1, 1, 'mcp_reports', 'mcp', 145, 26, 27, 'MCP_REPORTS_CLOSED', 'reports_closed', 'aclf_m_report'),
(172, 1, 1, 'mcp_reports', 'mcp', 145, 28, 29, 'MCP_REPORT_DETAILS', 'report_details', 'acl_m_report,$id || (!$id && aclf_m_report)'),
(173, 1, 1, 'mcp_warn', 'mcp', 147, 44, 45, 'MCP_WARN_FRONT', 'front', 'aclf_m_warn'),
(174, 1, 1, 'mcp_warn', 'mcp', 147, 46, 47, 'MCP_WARN_LIST', 'list', 'aclf_m_warn'),
(175, 1, 1, 'mcp_warn', 'mcp', 147, 48, 49, 'MCP_WARN_USER', 'warn_user', 'aclf_m_warn'),
(176, 1, 1, 'mcp_warn', 'mcp', 147, 50, 51, 'MCP_WARN_POST', 'warn_post', 'acl_m_warn && acl_f_read,$id'),
(177, 1, 1, '', 'ucp', 0, 1, 14, 'UCP_MAIN', '', ''),
(178, 1, 1, '', 'ucp', 0, 15, 28, 'UCP_PROFILE', '', ''),
(179, 1, 1, '', 'ucp', 0, 29, 38, 'UCP_PREFS', '', ''),
(180, 1, 1, 'ucp_pm', 'ucp', 0, 39, 48, 'UCP_PM', '', ''),
(181, 1, 1, '', 'ucp', 0, 49, 54, 'UCP_USERGROUPS', '', ''),
(182, 1, 1, '', 'ucp', 0, 55, 60, 'UCP_ZEBRA', '', ''),
(183, 1, 1, 'ucp_attachments', 'ucp', 177, 10, 11, 'UCP_MAIN_ATTACHMENTS', 'attachments', 'acl_u_attach'),
(184, 1, 1, 'ucp_auth_link', 'ucp', 178, 26, 27, 'UCP_AUTH_LINK_MANAGE', 'auth_link', 'authmethod_oauth'),
(185, 1, 1, 'ucp_groups', 'ucp', 181, 50, 51, 'UCP_USERGROUPS_MEMBER', 'membership', ''),
(186, 1, 1, 'ucp_groups', 'ucp', 181, 52, 53, 'UCP_USERGROUPS_MANAGE', 'manage', ''),
(187, 1, 1, 'ucp_main', 'ucp', 177, 2, 3, 'UCP_MAIN_FRONT', 'front', ''),
(188, 1, 1, 'ucp_main', 'ucp', 177, 4, 5, 'UCP_MAIN_SUBSCRIBED', 'subscribed', ''),
(189, 1, 1, 'ucp_main', 'ucp', 177, 6, 7, 'UCP_MAIN_BOOKMARKS', 'bookmarks', 'cfg_allow_bookmarks'),
(190, 1, 1, 'ucp_main', 'ucp', 177, 8, 9, 'UCP_MAIN_DRAFTS', 'drafts', ''),
(191, 1, 1, 'ucp_notifications', 'ucp', 179, 36, 37, 'UCP_NOTIFICATION_OPTIONS', 'notification_options', ''),
(192, 1, 1, 'ucp_notifications', 'ucp', 177, 12, 13, 'UCP_NOTIFICATION_LIST', 'notification_list', 'cfg_allow_board_notifications'),
(193, 1, 0, 'ucp_pm', 'ucp', 180, 40, 41, 'UCP_PM_VIEW', 'view', 'cfg_allow_privmsg'),
(194, 1, 1, 'ucp_pm', 'ucp', 180, 42, 43, 'UCP_PM_COMPOSE', 'compose', 'cfg_allow_privmsg'),
(195, 1, 1, 'ucp_pm', 'ucp', 180, 44, 45, 'UCP_PM_DRAFTS', 'drafts', 'cfg_allow_privmsg'),
(196, 1, 1, 'ucp_pm', 'ucp', 180, 46, 47, 'UCP_PM_OPTIONS', 'options', 'cfg_allow_privmsg'),
(197, 1, 1, 'ucp_prefs', 'ucp', 179, 30, 31, 'UCP_PREFS_PERSONAL', 'personal', ''),
(198, 1, 1, 'ucp_prefs', 'ucp', 179, 32, 33, 'UCP_PREFS_POST', 'post', ''),
(199, 1, 1, 'ucp_prefs', 'ucp', 179, 34, 35, 'UCP_PREFS_VIEW', 'view', ''),
(200, 1, 1, 'ucp_profile', 'ucp', 178, 16, 17, 'UCP_PROFILE_PROFILE_INFO', 'profile_info', 'acl_u_chgprofileinfo'),
(201, 1, 1, 'ucp_profile', 'ucp', 178, 18, 19, 'UCP_PROFILE_SIGNATURE', 'signature', 'acl_u_sig'),
(202, 1, 1, 'ucp_profile', 'ucp', 178, 20, 21, 'UCP_PROFILE_AVATAR', 'avatar', 'cfg_allow_avatar'),
(203, 1, 1, 'ucp_profile', 'ucp', 178, 22, 23, 'UCP_PROFILE_REG_DETAILS', 'reg_details', ''),
(204, 1, 1, 'ucp_profile', 'ucp', 178, 24, 25, 'UCP_PROFILE_AUTOLOGIN_KEYS', 'autologin_keys', ''),
(205, 1, 1, 'ucp_zebra', 'ucp', 182, 56, 57, 'UCP_ZEBRA_FRIENDS', 'friends', ''),
(206, 1, 1, 'ucp_zebra', 'ucp', 182, 58, 59, 'UCP_ZEBRA_FOES', 'foes', ''),
(207, 1, 1, '\\phpbb\\viglink\\acp\\viglink_module', 'acp', 3, 43, 44, 'ACP_VIGLINK_SETTINGS', 'settings', 'ext_phpbb/viglink && acl_a_board');

-- --------------------------------------------------------

--
-- Структура таблиці `phpbb_notifications`
--

CREATE TABLE `phpbb_notifications` (
  `notification_id` int(10) UNSIGNED NOT NULL,
  `notification_type_id` smallint(4) UNSIGNED NOT NULL DEFAULT '0',
  `item_id` mediumint(8) UNSIGNED NOT NULL DEFAULT '0',
  `item_parent_id` mediumint(8) UNSIGNED NOT NULL DEFAULT '0',
  `user_id` int(10) UNSIGNED NOT NULL DEFAULT '0',
  `notification_read` tinyint(1) UNSIGNED NOT NULL DEFAULT '0',
  `notification_time` int(11) UNSIGNED NOT NULL DEFAULT '1',
  `notification_data` text COLLATE utf8_bin NOT NULL
) ENGINE=InnoDB DEFAULT CHARSET=utf8 COLLATE=utf8_bin;

-- --------------------------------------------------------

--
-- Структура таблиці `phpbb_notification_types`
--

CREATE TABLE `phpbb_notification_types` (
  `notification_type_id` smallint(4) UNSIGNED NOT NULL,
  `notification_type_name` varchar(255) COLLATE utf8_bin NOT NULL DEFAULT '',
  `notification_type_enabled` tinyint(1) UNSIGNED NOT NULL DEFAULT '1'
) ENGINE=InnoDB DEFAULT CHARSET=utf8 COLLATE=utf8_bin;

-- --------------------------------------------------------

--
-- Структура таблиці `phpbb_oauth_accounts`
--

CREATE TABLE `phpbb_oauth_accounts` (
  `user_id` int(10) UNSIGNED NOT NULL DEFAULT '0',
  `provider` varchar(255) COLLATE utf8_bin NOT NULL DEFAULT '',
  `oauth_provider_id` text COLLATE utf8_bin NOT NULL
) ENGINE=InnoDB DEFAULT CHARSET=utf8 COLLATE=utf8_bin;

-- --------------------------------------------------------

--
-- Структура таблиці `phpbb_oauth_states`
--

CREATE TABLE `phpbb_oauth_states` (
  `user_id` int(10) UNSIGNED NOT NULL DEFAULT '0',
  `session_id` char(32) COLLATE utf8_bin NOT NULL DEFAULT '',
  `provider` varchar(255) COLLATE utf8_bin NOT NULL DEFAULT '',
  `oauth_state` varchar(255) COLLATE utf8_bin NOT NULL DEFAULT ''
) ENGINE=InnoDB DEFAULT CHARSET=utf8 COLLATE=utf8_bin;

-- --------------------------------------------------------

--
-- Структура таблиці `phpbb_oauth_tokens`
--

CREATE TABLE `phpbb_oauth_tokens` (
  `user_id` int(10) UNSIGNED NOT NULL DEFAULT '0',
  `session_id` char(32) COLLATE utf8_bin NOT NULL DEFAULT '',
  `provider` varchar(255) COLLATE utf8_bin NOT NULL DEFAULT '',
  `oauth_token` mediumtext COLLATE utf8_bin NOT NULL
) ENGINE=InnoDB DEFAULT CHARSET=utf8 COLLATE=utf8_bin;

-- --------------------------------------------------------

--
-- Структура таблиці `phpbb_poll_options`
--

CREATE TABLE `phpbb_poll_options` (
  `poll_option_id` tinyint(4) NOT NULL DEFAULT '0',
  `topic_id` int(10) UNSIGNED NOT NULL DEFAULT '0',
  `poll_option_text` text COLLATE utf8_bin NOT NULL,
  `poll_option_total` mediumint(8) UNSIGNED NOT NULL DEFAULT '0'
) ENGINE=InnoDB DEFAULT CHARSET=utf8 COLLATE=utf8_bin;

-- --------------------------------------------------------

--
-- Структура таблиці `phpbb_poll_votes`
--

CREATE TABLE `phpbb_poll_votes` (
  `topic_id` int(10) UNSIGNED NOT NULL DEFAULT '0',
  `poll_option_id` tinyint(4) NOT NULL DEFAULT '0',
  `vote_user_id` int(10) UNSIGNED NOT NULL DEFAULT '0',
  `vote_user_ip` varchar(40) COLLATE utf8_bin NOT NULL DEFAULT ''
) ENGINE=InnoDB DEFAULT CHARSET=utf8 COLLATE=utf8_bin;

-- --------------------------------------------------------

--
-- Структура таблиці `phpbb_posts`
--

CREATE TABLE `phpbb_posts` (
  `post_id` int(10) UNSIGNED NOT NULL,
  `topic_id` int(10) UNSIGNED NOT NULL DEFAULT '0',
  `forum_id` mediumint(8) UNSIGNED NOT NULL DEFAULT '0',
  `poster_id` int(10) UNSIGNED NOT NULL DEFAULT '0',
  `icon_id` mediumint(8) UNSIGNED NOT NULL DEFAULT '0',
  `poster_ip` varchar(40) COLLATE utf8_bin NOT NULL DEFAULT '',
  `post_time` int(11) UNSIGNED NOT NULL DEFAULT '0',
  `post_reported` tinyint(1) UNSIGNED NOT NULL DEFAULT '0',
  `enable_bbcode` tinyint(1) UNSIGNED NOT NULL DEFAULT '1',
  `enable_smilies` tinyint(1) UNSIGNED NOT NULL DEFAULT '1',
  `enable_magic_url` tinyint(1) UNSIGNED NOT NULL DEFAULT '1',
  `enable_sig` tinyint(1) UNSIGNED NOT NULL DEFAULT '1',
  `post_username` varchar(255) COLLATE utf8_bin NOT NULL DEFAULT '',
  `post_subject` varchar(255) CHARACTER SET utf8 COLLATE utf8_unicode_ci NOT NULL DEFAULT '',
  `post_text` mediumtext COLLATE utf8_bin NOT NULL,
  `post_checksum` varchar(32) COLLATE utf8_bin NOT NULL DEFAULT '',
  `post_attachment` tinyint(1) UNSIGNED NOT NULL DEFAULT '0',
  `bbcode_bitfield` varchar(255) COLLATE utf8_bin NOT NULL DEFAULT '',
  `bbcode_uid` varchar(8) COLLATE utf8_bin NOT NULL DEFAULT '',
  `post_postcount` tinyint(1) UNSIGNED NOT NULL DEFAULT '1',
  `post_edit_time` int(11) UNSIGNED NOT NULL DEFAULT '0',
  `post_edit_reason` varchar(255) COLLATE utf8_bin NOT NULL DEFAULT '',
  `post_edit_user` int(10) UNSIGNED NOT NULL DEFAULT '0',
  `post_edit_count` smallint(4) UNSIGNED NOT NULL DEFAULT '0',
  `post_edit_locked` tinyint(1) UNSIGNED NOT NULL DEFAULT '0',
  `post_visibility` tinyint(3) NOT NULL DEFAULT '0',
  `post_delete_time` int(11) UNSIGNED NOT NULL DEFAULT '0',
  `post_delete_reason` varchar(255) COLLATE utf8_bin NOT NULL DEFAULT '',
  `post_delete_user` int(10) UNSIGNED NOT NULL DEFAULT '0'
) ENGINE=InnoDB DEFAULT CHARSET=utf8 COLLATE=utf8_bin;

--
-- Дамп даних таблиці `phpbb_posts`
--

INSERT INTO `phpbb_posts` (`post_id`, `topic_id`, `forum_id`, `poster_id`, `icon_id`, `poster_ip`, `post_time`, `post_reported`, `enable_bbcode`, `enable_smilies`, `enable_magic_url`, `enable_sig`, `post_username`, `post_subject`, `post_text`, `post_checksum`, `post_attachment`, `bbcode_bitfield`, `bbcode_uid`, `post_postcount`, `post_edit_time`, `post_edit_reason`, `post_edit_user`, `post_edit_count`, `post_edit_locked`, `post_visibility`, `post_delete_time`, `post_delete_reason`, `post_delete_user`) VALUES
(1, 1, 2, 2, 0, '127.0.0.1', 1527516950, 0, 1, 1, 1, 1, '', 'Welcome to phpBB3', 'This is an example post in your phpBB3 installation. Everything seems to be working. You may delete this post if you like and continue to set up your board. During the installation process your first category and your first forum are assigned an appropriate set of permissions for the predefined usergroups administrators, bots, global moderators, guests, registered users and registered COPPA users. If you also choose to delete your first category and your first forum, do not forget to assign permissions for all these usergroups for all new categories and forums you create. It is recommended to rename your first category and your first forum and copy permissions from these while creating new categories and forums. Have fun!', '5dd683b17f641daf84c040bfefc58ce9', 0, '', '', 1, 0, '', 0, 0, 0, 1, 0, '', 0);

-- --------------------------------------------------------

--
-- Структура таблиці `phpbb_privmsgs`
--

CREATE TABLE `phpbb_privmsgs` (
  `msg_id` int(10) UNSIGNED NOT NULL,
  `root_level` mediumint(8) UNSIGNED NOT NULL DEFAULT '0',
  `author_id` int(10) UNSIGNED NOT NULL DEFAULT '0',
  `icon_id` mediumint(8) UNSIGNED NOT NULL DEFAULT '0',
  `author_ip` varchar(40) COLLATE utf8_bin NOT NULL DEFAULT '',
  `message_time` int(11) UNSIGNED NOT NULL DEFAULT '0',
  `enable_bbcode` tinyint(1) UNSIGNED NOT NULL DEFAULT '1',
  `enable_smilies` tinyint(1) UNSIGNED NOT NULL DEFAULT '1',
  `enable_magic_url` tinyint(1) UNSIGNED NOT NULL DEFAULT '1',
  `enable_sig` tinyint(1) UNSIGNED NOT NULL DEFAULT '1',
  `message_subject` varchar(255) COLLATE utf8_bin NOT NULL DEFAULT '',
  `message_text` mediumtext COLLATE utf8_bin NOT NULL,
  `message_edit_reason` varchar(255) COLLATE utf8_bin NOT NULL DEFAULT '',
  `message_edit_user` int(10) UNSIGNED NOT NULL DEFAULT '0',
  `message_attachment` tinyint(1) UNSIGNED NOT NULL DEFAULT '0',
  `bbcode_bitfield` varchar(255) COLLATE utf8_bin NOT NULL DEFAULT '',
  `bbcode_uid` varchar(8) COLLATE utf8_bin NOT NULL DEFAULT '',
  `message_edit_time` int(11) UNSIGNED NOT NULL DEFAULT '0',
  `message_edit_count` smallint(4) UNSIGNED NOT NULL DEFAULT '0',
  `to_address` text COLLATE utf8_bin NOT NULL,
  `bcc_address` text COLLATE utf8_bin NOT NULL,
  `message_reported` tinyint(1) UNSIGNED NOT NULL DEFAULT '0'
) ENGINE=InnoDB DEFAULT CHARSET=utf8 COLLATE=utf8_bin;

-- --------------------------------------------------------

--
-- Структура таблиці `phpbb_privmsgs_folder`
--

CREATE TABLE `phpbb_privmsgs_folder` (
  `folder_id` mediumint(8) UNSIGNED NOT NULL,
  `user_id` int(10) UNSIGNED NOT NULL DEFAULT '0',
  `folder_name` varchar(255) COLLATE utf8_bin NOT NULL DEFAULT '',
  `pm_count` mediumint(8) UNSIGNED NOT NULL DEFAULT '0'
) ENGINE=InnoDB DEFAULT CHARSET=utf8 COLLATE=utf8_bin;

-- --------------------------------------------------------

--
-- Структура таблиці `phpbb_privmsgs_rules`
--

CREATE TABLE `phpbb_privmsgs_rules` (
  `rule_id` mediumint(8) UNSIGNED NOT NULL,
  `user_id` int(10) UNSIGNED NOT NULL DEFAULT '0',
  `rule_check` mediumint(8) UNSIGNED NOT NULL DEFAULT '0',
  `rule_connection` mediumint(8) UNSIGNED NOT NULL DEFAULT '0',
  `rule_string` varchar(255) COLLATE utf8_bin NOT NULL DEFAULT '',
  `rule_user_id` int(10) UNSIGNED NOT NULL DEFAULT '0',
  `rule_group_id` mediumint(8) UNSIGNED NOT NULL DEFAULT '0',
  `rule_action` mediumint(8) UNSIGNED NOT NULL DEFAULT '0',
  `rule_folder_id` int(11) NOT NULL DEFAULT '0'
) ENGINE=InnoDB DEFAULT CHARSET=utf8 COLLATE=utf8_bin;

-- --------------------------------------------------------

--
-- Структура таблиці `phpbb_privmsgs_to`
--

CREATE TABLE `phpbb_privmsgs_to` (
  `msg_id` int(10) UNSIGNED NOT NULL DEFAULT '0',
  `user_id` int(10) UNSIGNED NOT NULL DEFAULT '0',
  `author_id` int(10) UNSIGNED NOT NULL DEFAULT '0',
  `pm_deleted` tinyint(1) UNSIGNED NOT NULL DEFAULT '0',
  `pm_new` tinyint(1) UNSIGNED NOT NULL DEFAULT '1',
  `pm_unread` tinyint(1) UNSIGNED NOT NULL DEFAULT '1',
  `pm_replied` tinyint(1) UNSIGNED NOT NULL DEFAULT '0',
  `pm_marked` tinyint(1) UNSIGNED NOT NULL DEFAULT '0',
  `pm_forwarded` tinyint(1) UNSIGNED NOT NULL DEFAULT '0',
  `folder_id` int(11) NOT NULL DEFAULT '0'
) ENGINE=InnoDB DEFAULT CHARSET=utf8 COLLATE=utf8_bin;

-- --------------------------------------------------------

--
-- Структура таблиці `phpbb_profile_fields`
--

CREATE TABLE `phpbb_profile_fields` (
  `field_id` mediumint(8) UNSIGNED NOT NULL,
  `field_name` varchar(255) COLLATE utf8_bin NOT NULL DEFAULT '',
  `field_type` varchar(100) COLLATE utf8_bin NOT NULL DEFAULT '',
  `field_ident` varchar(20) COLLATE utf8_bin NOT NULL DEFAULT '',
  `field_length` varchar(20) COLLATE utf8_bin NOT NULL DEFAULT '',
  `field_minlen` varchar(255) COLLATE utf8_bin NOT NULL DEFAULT '',
  `field_maxlen` varchar(255) COLLATE utf8_bin NOT NULL DEFAULT '',
  `field_novalue` varchar(255) COLLATE utf8_bin NOT NULL DEFAULT '',
  `field_default_value` varchar(255) COLLATE utf8_bin NOT NULL DEFAULT '',
  `field_validation` varchar(64) COLLATE utf8_bin NOT NULL DEFAULT '',
  `field_required` tinyint(1) UNSIGNED NOT NULL DEFAULT '0',
  `field_show_on_reg` tinyint(1) UNSIGNED NOT NULL DEFAULT '0',
  `field_hide` tinyint(1) UNSIGNED NOT NULL DEFAULT '0',
  `field_no_view` tinyint(1) UNSIGNED NOT NULL DEFAULT '0',
  `field_active` tinyint(1) UNSIGNED NOT NULL DEFAULT '0',
  `field_order` mediumint(8) UNSIGNED NOT NULL DEFAULT '0',
  `field_show_profile` tinyint(1) UNSIGNED NOT NULL DEFAULT '0',
  `field_show_on_vt` tinyint(1) UNSIGNED NOT NULL DEFAULT '0',
  `field_show_novalue` tinyint(1) UNSIGNED NOT NULL DEFAULT '0',
  `field_show_on_pm` tinyint(1) UNSIGNED NOT NULL DEFAULT '0',
  `field_show_on_ml` tinyint(1) UNSIGNED NOT NULL DEFAULT '0',
  `field_is_contact` tinyint(1) UNSIGNED NOT NULL DEFAULT '0',
  `field_contact_desc` varchar(255) COLLATE utf8_bin NOT NULL DEFAULT '',
  `field_contact_url` varchar(255) COLLATE utf8_bin NOT NULL DEFAULT ''
) ENGINE=InnoDB DEFAULT CHARSET=utf8 COLLATE=utf8_bin;

--
-- Дамп даних таблиці `phpbb_profile_fields`
--

INSERT INTO `phpbb_profile_fields` (`field_id`, `field_name`, `field_type`, `field_ident`, `field_length`, `field_minlen`, `field_maxlen`, `field_novalue`, `field_default_value`, `field_validation`, `field_required`, `field_show_on_reg`, `field_hide`, `field_no_view`, `field_active`, `field_order`, `field_show_profile`, `field_show_on_vt`, `field_show_novalue`, `field_show_on_pm`, `field_show_on_ml`, `field_is_contact`, `field_contact_desc`, `field_contact_url`) VALUES
(1, 'phpbb_location', 'profilefields.type.string', 'phpbb_location', '20', '2', '100', '', '', '.*', 0, 0, 0, 0, 1, 1, 1, 1, 0, 1, 1, 0, '', ''),
(2, 'phpbb_website', 'profilefields.type.url', 'phpbb_website', '40', '12', '255', '', '', '', 0, 0, 0, 0, 1, 2, 1, 1, 0, 1, 1, 1, 'VISIT_WEBSITE', '%s'),
(3, 'phpbb_interests', 'profilefields.type.text', 'phpbb_interests', '3|30', '2', '500', '', '', '.*', 0, 0, 0, 0, 0, 3, 1, 0, 0, 0, 0, 0, '', ''),
(4, 'phpbb_occupation', 'profilefields.type.text', 'phpbb_occupation', '3|30', '2', '500', '', '', '.*', 0, 0, 0, 0, 0, 4, 1, 0, 0, 0, 0, 0, '', ''),
(5, 'phpbb_aol', 'profilefields.type.string', 'phpbb_aol', '40', '5', '255', '', '', '.*', 0, 0, 0, 0, 0, 5, 1, 1, 0, 1, 1, 1, '', ''),
(6, 'phpbb_icq', 'profilefields.type.string', 'phpbb_icq', '20', '3', '15', '', '', '[0-9]+', 0, 0, 0, 0, 0, 6, 1, 1, 0, 1, 1, 1, 'SEND_ICQ_MESSAGE', 'https://www.icq.com/people/%s/'),
(7, 'phpbb_yahoo', 'profilefields.type.string', 'phpbb_yahoo', '40', '5', '255', '', '', '.*', 0, 0, 0, 0, 0, 8, 1, 1, 0, 1, 1, 1, 'SEND_YIM_MESSAGE', 'ymsgr:sendim?%s'),
(8, 'phpbb_facebook', 'profilefields.type.string', 'phpbb_facebook', '20', '5', '50', '', '', '[\\w.]+', 0, 0, 0, 0, 1, 9, 1, 1, 0, 1, 1, 1, 'VIEW_FACEBOOK_PROFILE', 'http://facebook.com/%s/'),
(9, 'phpbb_twitter', 'profilefields.type.string', 'phpbb_twitter', '20', '1', '15', '', '', '[\\w_]+', 0, 0, 0, 0, 1, 10, 1, 1, 0, 1, 1, 1, 'VIEW_TWITTER_PROFILE', 'http://twitter.com/%s'),
(10, 'phpbb_skype', 'profilefields.type.string', 'phpbb_skype', '20', '6', '32', '', '', '[a-zA-Z][\\w\\.,\\-_]+', 0, 0, 0, 0, 1, 11, 1, 1, 0, 1, 1, 1, 'VIEW_SKYPE_PROFILE', 'skype:%s?userinfo'),
(11, 'phpbb_youtube', 'profilefields.type.string', 'phpbb_youtube', '20', '3', '60', '', '', '[a-zA-Z][\\w\\.,\\-_]+', 0, 0, 0, 0, 1, 12, 1, 1, 0, 1, 1, 1, 'VIEW_YOUTUBE_CHANNEL', 'http://youtube.com/user/%s'),
(12, 'phpbb_googleplus', 'profilefields.type.googleplus', 'phpbb_googleplus', '20', '3', '255', '', '', '[\\w]+', 0, 0, 0, 0, 1, 13, 1, 1, 0, 1, 1, 1, 'VIEW_GOOGLEPLUS_PROFILE', 'http://plus.google.com/%s');

-- --------------------------------------------------------

--
-- Структура таблиці `phpbb_profile_fields_data`
--

CREATE TABLE `phpbb_profile_fields_data` (
  `user_id` int(10) UNSIGNED NOT NULL DEFAULT '0',
  `pf_phpbb_interests` mediumtext COLLATE utf8_bin NOT NULL,
  `pf_phpbb_occupation` mediumtext COLLATE utf8_bin NOT NULL,
  `pf_phpbb_location` varchar(255) COLLATE utf8_bin NOT NULL DEFAULT '',
  `pf_phpbb_youtube` varchar(255) COLLATE utf8_bin NOT NULL DEFAULT '',
  `pf_phpbb_facebook` varchar(255) COLLATE utf8_bin NOT NULL DEFAULT '',
  `pf_phpbb_icq` varchar(255) COLLATE utf8_bin NOT NULL DEFAULT '',
  `pf_phpbb_skype` varchar(255) COLLATE utf8_bin NOT NULL DEFAULT '',
  `pf_phpbb_twitter` varchar(255) COLLATE utf8_bin NOT NULL DEFAULT '',
  `pf_phpbb_googleplus` varchar(255) COLLATE utf8_bin NOT NULL DEFAULT '',
  `pf_phpbb_website` varchar(255) COLLATE utf8_bin NOT NULL DEFAULT '',
  `pf_phpbb_yahoo` varchar(255) COLLATE utf8_bin NOT NULL DEFAULT '',
  `pf_phpbb_aol` varchar(255) COLLATE utf8_bin NOT NULL DEFAULT ''
) ENGINE=InnoDB DEFAULT CHARSET=utf8 COLLATE=utf8_bin;

-- --------------------------------------------------------

--
-- Структура таблиці `phpbb_profile_fields_lang`
--

CREATE TABLE `phpbb_profile_fields_lang` (
  `field_id` mediumint(8) UNSIGNED NOT NULL DEFAULT '0',
  `lang_id` mediumint(8) UNSIGNED NOT NULL DEFAULT '0',
  `option_id` mediumint(8) UNSIGNED NOT NULL DEFAULT '0',
  `field_type` varchar(100) COLLATE utf8_bin NOT NULL DEFAULT '',
  `lang_value` varchar(255) COLLATE utf8_bin NOT NULL DEFAULT ''
) ENGINE=InnoDB DEFAULT CHARSET=utf8 COLLATE=utf8_bin;

-- --------------------------------------------------------

--
-- Структура таблиці `phpbb_profile_lang`
--

CREATE TABLE `phpbb_profile_lang` (
  `field_id` mediumint(8) UNSIGNED NOT NULL DEFAULT '0',
  `lang_id` mediumint(8) UNSIGNED NOT NULL DEFAULT '0',
  `lang_name` varchar(255) COLLATE utf8_bin NOT NULL DEFAULT '',
  `lang_explain` text COLLATE utf8_bin NOT NULL,
  `lang_default_value` varchar(255) COLLATE utf8_bin NOT NULL DEFAULT ''
) ENGINE=InnoDB DEFAULT CHARSET=utf8 COLLATE=utf8_bin;

--
-- Дамп даних таблиці `phpbb_profile_lang`
--

INSERT INTO `phpbb_profile_lang` (`field_id`, `lang_id`, `lang_name`, `lang_explain`, `lang_default_value`) VALUES
(1, 1, 'LOCATION', '', ''),
(2, 1, 'WEBSITE', '', ''),
(3, 1, 'INTERESTS', '', ''),
(4, 1, 'OCCUPATION', '', ''),
(5, 1, 'AOL', '', ''),
(6, 1, 'ICQ', '', ''),
(7, 1, 'YAHOO', '', ''),
(8, 1, 'FACEBOOK', '', ''),
(9, 1, 'TWITTER', '', ''),
(10, 1, 'SKYPE', '', ''),
(11, 1, 'YOUTUBE', '', ''),
(12, 1, 'GOOGLEPLUS', '', '');

-- --------------------------------------------------------

--
-- Структура таблиці `phpbb_ranks`
--

CREATE TABLE `phpbb_ranks` (
  `rank_id` mediumint(8) UNSIGNED NOT NULL,
  `rank_title` varchar(255) COLLATE utf8_bin NOT NULL DEFAULT '',
  `rank_min` mediumint(8) UNSIGNED NOT NULL DEFAULT '0',
  `rank_special` tinyint(1) UNSIGNED NOT NULL DEFAULT '0',
  `rank_image` varchar(255) COLLATE utf8_bin NOT NULL DEFAULT ''
) ENGINE=InnoDB DEFAULT CHARSET=utf8 COLLATE=utf8_bin;

--
-- Дамп даних таблиці `phpbb_ranks`
--

INSERT INTO `phpbb_ranks` (`rank_id`, `rank_title`, `rank_min`, `rank_special`, `rank_image`) VALUES
(1, 'Site Admin', 0, 1, '');

-- --------------------------------------------------------

--
-- Структура таблиці `phpbb_reports`
--

CREATE TABLE `phpbb_reports` (
  `report_id` int(10) UNSIGNED NOT NULL,
  `reason_id` smallint(4) UNSIGNED NOT NULL DEFAULT '0',
  `post_id` int(10) UNSIGNED NOT NULL DEFAULT '0',
  `user_id` int(10) UNSIGNED NOT NULL DEFAULT '0',
  `user_notify` tinyint(1) UNSIGNED NOT NULL DEFAULT '0',
  `report_closed` tinyint(1) UNSIGNED NOT NULL DEFAULT '0',
  `report_time` int(11) UNSIGNED NOT NULL DEFAULT '0',
  `report_text` mediumtext COLLATE utf8_bin NOT NULL,
  `pm_id` int(10) UNSIGNED NOT NULL DEFAULT '0',
  `reported_post_enable_bbcode` tinyint(1) UNSIGNED NOT NULL DEFAULT '1',
  `reported_post_enable_smilies` tinyint(1) UNSIGNED NOT NULL DEFAULT '1',
  `reported_post_enable_magic_url` tinyint(1) UNSIGNED NOT NULL DEFAULT '1',
  `reported_post_text` mediumtext COLLATE utf8_bin NOT NULL,
  `reported_post_uid` varchar(8) COLLATE utf8_bin NOT NULL DEFAULT '',
  `reported_post_bitfield` varchar(255) COLLATE utf8_bin NOT NULL DEFAULT ''
) ENGINE=InnoDB DEFAULT CHARSET=utf8 COLLATE=utf8_bin;

-- --------------------------------------------------------

--
-- Структура таблиці `phpbb_reports_reasons`
--

CREATE TABLE `phpbb_reports_reasons` (
  `reason_id` smallint(4) UNSIGNED NOT NULL,
  `reason_title` varchar(255) COLLATE utf8_bin NOT NULL DEFAULT '',
  `reason_description` mediumtext COLLATE utf8_bin NOT NULL,
  `reason_order` smallint(4) UNSIGNED NOT NULL DEFAULT '0'
) ENGINE=InnoDB DEFAULT CHARSET=utf8 COLLATE=utf8_bin;

--
-- Дамп даних таблиці `phpbb_reports_reasons`
--

INSERT INTO `phpbb_reports_reasons` (`reason_id`, `reason_title`, `reason_description`, `reason_order`) VALUES
(1, 'warez', 'The post contains links to illegal or pirated software.', 1),
(2, 'spam', 'The reported post has the only purpose to advertise for a website or another product.', 2),
(3, 'off_topic', 'The reported post is off topic.', 3),
(4, 'other', 'The reported post does not fit into any other category, please use the further information field.', 4);

-- --------------------------------------------------------

--
-- Структура таблиці `phpbb_search_results`
--

CREATE TABLE `phpbb_search_results` (
  `search_key` varchar(32) COLLATE utf8_bin NOT NULL DEFAULT '',
  `search_time` int(11) UNSIGNED NOT NULL DEFAULT '0',
  `search_keywords` mediumtext COLLATE utf8_bin NOT NULL,
  `search_authors` mediumtext COLLATE utf8_bin NOT NULL
) ENGINE=InnoDB DEFAULT CHARSET=utf8 COLLATE=utf8_bin;

-- --------------------------------------------------------

--
-- Структура таблиці `phpbb_search_wordlist`
--

CREATE TABLE `phpbb_search_wordlist` (
  `word_id` int(10) UNSIGNED NOT NULL,
  `word_text` varchar(255) COLLATE utf8_bin NOT NULL DEFAULT '',
  `word_common` tinyint(1) UNSIGNED NOT NULL DEFAULT '0',
  `word_count` mediumint(8) UNSIGNED NOT NULL DEFAULT '0'
) ENGINE=InnoDB DEFAULT CHARSET=utf8 COLLATE=utf8_bin;

--
-- Дамп даних таблиці `phpbb_search_wordlist`
--

INSERT INTO `phpbb_search_wordlist` (`word_id`, `word_text`, `word_common`, `word_count`) VALUES
(1, 'this', 0, 1),
(2, 'is', 0, 1),
(3, 'an', 0, 1),
(4, 'example', 0, 1),
(5, 'post', 0, 1),
(6, 'in', 0, 1),
(7, 'your', 0, 1),
(8, 'phpbb3', 0, 2),
(9, 'installation', 0, 1),
(10, 'everything', 0, 1),
(11, 'seems', 0, 1),
(12, 'to', 0, 2),
(13, 'be', 0, 1),
(14, 'working', 0, 1),
(15, 'you', 0, 1),
(16, 'may', 0, 1),
(17, 'delete', 0, 1),
(18, 'if', 0, 1),
(19, 'like', 0, 1),
(20, 'and', 0, 1),
(21, 'continue', 0, 1),
(22, 'set', 0, 1),
(23, 'up', 0, 1),
(24, 'board', 0, 1),
(25, 'during', 0, 1),
(26, 'the', 0, 1),
(27, 'process', 0, 1),
(28, 'first', 0, 1),
(29, 'category', 0, 1),
(30, 'forum', 0, 1),
(31, 'are', 0, 1),
(32, 'assigned', 0, 1),
(33, 'appropriate', 0, 1),
(34, 'of', 0, 1),
(35, 'permissions', 0, 1),
(36, 'for', 0, 1),
(37, 'predefined', 0, 1),
(38, 'usergroups', 0, 1),
(39, 'administrators', 0, 1),
(40, 'bots', 0, 1),
(41, 'global', 0, 1),
(42, 'moderators', 0, 1),
(43, 'guests', 0, 1),
(44, 'registered', 0, 1),
(45, 'users', 0, 1),
(46, 'coppa', 0, 1),
(47, 'also', 0, 1),
(48, 'choose', 0, 1),
(49, 'do', 0, 1),
(50, 'not', 0, 1),
(51, 'forget', 0, 1),
(52, 'assign', 0, 1),
(53, 'all', 0, 1),
(54, 'these', 0, 1),
(55, 'new', 0, 1),
(56, 'categories', 0, 1),
(57, 'forums', 0, 1),
(58, 'create', 0, 1),
(59, 'it', 0, 1),
(60, 'recommended', 0, 1),
(61, 'rename', 0, 1),
(62, 'copy', 0, 1),
(63, 'from', 0, 1),
(64, 'while', 0, 1),
(65, 'creating', 0, 1),
(66, 'have', 0, 1),
(67, 'fun', 0, 1),
(68, 'welcome', 0, 1);

-- --------------------------------------------------------

--
-- Структура таблиці `phpbb_search_wordmatch`
--

CREATE TABLE `phpbb_search_wordmatch` (
  `post_id` int(10) UNSIGNED NOT NULL DEFAULT '0',
  `word_id` int(10) UNSIGNED NOT NULL DEFAULT '0',
  `title_match` tinyint(1) UNSIGNED NOT NULL DEFAULT '0'
) ENGINE=InnoDB DEFAULT CHARSET=utf8 COLLATE=utf8_bin;

--
-- Дамп даних таблиці `phpbb_search_wordmatch`
--

INSERT INTO `phpbb_search_wordmatch` (`post_id`, `word_id`, `title_match`) VALUES
(1, 1, 0),
(1, 2, 0),
(1, 3, 0),
(1, 4, 0),
(1, 5, 0),
(1, 6, 0),
(1, 7, 0),
(1, 8, 0),
(1, 8, 1),
(1, 9, 0),
(1, 10, 0),
(1, 11, 0),
(1, 12, 0),
(1, 12, 1),
(1, 13, 0),
(1, 14, 0),
(1, 15, 0),
(1, 16, 0),
(1, 17, 0),
(1, 18, 0),
(1, 19, 0),
(1, 20, 0),
(1, 21, 0),
(1, 22, 0),
(1, 23, 0),
(1, 24, 0),
(1, 25, 0),
(1, 26, 0),
(1, 27, 0),
(1, 28, 0),
(1, 29, 0),
(1, 30, 0),
(1, 31, 0),
(1, 32, 0),
(1, 33, 0),
(1, 34, 0),
(1, 35, 0),
(1, 36, 0),
(1, 37, 0),
(1, 38, 0),
(1, 39, 0),
(1, 40, 0),
(1, 41, 0),
(1, 42, 0),
(1, 43, 0),
(1, 44, 0),
(1, 45, 0),
(1, 46, 0),
(1, 47, 0),
(1, 48, 0),
(1, 49, 0),
(1, 50, 0),
(1, 51, 0),
(1, 52, 0),
(1, 53, 0),
(1, 54, 0),
(1, 55, 0),
(1, 56, 0),
(1, 57, 0),
(1, 58, 0),
(1, 59, 0),
(1, 60, 0),
(1, 61, 0),
(1, 62, 0),
(1, 63, 0),
(1, 64, 0),
(1, 65, 0),
(1, 66, 0),
(1, 67, 0),
(1, 68, 1);

-- --------------------------------------------------------

--
-- Структура таблиці `phpbb_sessions`
--

CREATE TABLE `phpbb_sessions` (
  `session_id` char(32) COLLATE utf8_bin NOT NULL DEFAULT '',
  `session_user_id` int(10) UNSIGNED NOT NULL DEFAULT '0',
  `session_last_visit` int(11) UNSIGNED NOT NULL DEFAULT '0',
  `session_start` int(11) UNSIGNED NOT NULL DEFAULT '0',
  `session_time` int(11) UNSIGNED NOT NULL DEFAULT '0',
  `session_ip` varchar(40) COLLATE utf8_bin NOT NULL DEFAULT '',
  `session_browser` varchar(150) COLLATE utf8_bin NOT NULL DEFAULT '',
  `session_forwarded_for` varchar(255) COLLATE utf8_bin NOT NULL DEFAULT '',
  `session_page` varchar(255) COLLATE utf8_bin NOT NULL DEFAULT '',
  `session_viewonline` tinyint(1) UNSIGNED NOT NULL DEFAULT '1',
  `session_autologin` tinyint(1) UNSIGNED NOT NULL DEFAULT '0',
  `session_admin` tinyint(1) UNSIGNED NOT NULL DEFAULT '0',
  `session_forum_id` mediumint(8) UNSIGNED NOT NULL DEFAULT '0'
) ENGINE=InnoDB DEFAULT CHARSET=utf8 COLLATE=utf8_bin;

--
-- Дамп даних таблиці `phpbb_sessions`
--

INSERT INTO `phpbb_sessions` (`session_id`, `session_user_id`, `session_last_visit`, `session_start`, `session_time`, `session_ip`, `session_browser`, `session_forwarded_for`, `session_page`, `session_viewonline`, `session_autologin`, `session_admin`, `session_forum_id`) VALUES
('44730228453c9ab463511eaea2b79a9e', 1, 1528394899, 1528394899, 1528394899, '127.0.0.1', 'Mozilla/5.0 (Windows NT 10.0; WOW64) AppleWebKit/537.36 (KHTML, like Gecko) Chrome/68.0.3400.0 Safari/537.36', '', 'index.php', 1, 0, 0, 0),
('51207c2c24dce2ab0004b463aedc2126', 1, 1527516954, 1527516954, 1527516954, '127.0.0.1', 'Mozilla/5.0 (Windows NT 10.0; Win64; x64) AppleWebKit/537.36 (KHTML, like Gecko) Chrome/66.0.3359.181 Safari/537.36', '', 'install/app.php/install', 1, 0, 0, 0),
('79d4b7d17bab872cb45400ac52fd35a6', 2, 1527516954, 1527516954, 1527520127, '127.0.0.1', 'Mozilla/5.0 (Windows NT 10.0; Win64; x64) AppleWebKit/537.36 (KHTML, like Gecko) Chrome/66.0.3359.181 Safari/537.36', '', 'index.php', 1, 0, 1, 0),
('d6e1d699a9f346dd0e2ef27a80480f4c', 1, 1527516952, 1527516952, 1527516952, '127.0.0.1', 'Mozilla/5.0 (Windows NT 10.0; Win64; x64) AppleWebKit/537.36 (KHTML, like Gecko) Chrome/66.0.3359.181 Safari/537.36', '', 'install/app.php/install', 1, 0, 0, 0);

-- --------------------------------------------------------

--
-- Структура таблиці `phpbb_sessions_keys`
--

CREATE TABLE `phpbb_sessions_keys` (
  `key_id` char(32) COLLATE utf8_bin NOT NULL DEFAULT '',
  `user_id` int(10) UNSIGNED NOT NULL DEFAULT '0',
  `last_ip` varchar(40) COLLATE utf8_bin NOT NULL DEFAULT '',
  `last_login` int(11) UNSIGNED NOT NULL DEFAULT '0'
) ENGINE=InnoDB DEFAULT CHARSET=utf8 COLLATE=utf8_bin;

-- --------------------------------------------------------

--
-- Структура таблиці `phpbb_sitelist`
--

CREATE TABLE `phpbb_sitelist` (
  `site_id` mediumint(8) UNSIGNED NOT NULL,
  `site_ip` varchar(40) COLLATE utf8_bin NOT NULL DEFAULT '',
  `site_hostname` varchar(255) COLLATE utf8_bin NOT NULL DEFAULT '',
  `ip_exclude` tinyint(1) UNSIGNED NOT NULL DEFAULT '0'
) ENGINE=InnoDB DEFAULT CHARSET=utf8 COLLATE=utf8_bin;

-- --------------------------------------------------------

--
-- Структура таблиці `phpbb_smilies`
--

CREATE TABLE `phpbb_smilies` (
  `smiley_id` mediumint(8) UNSIGNED NOT NULL,
  `code` varchar(50) COLLATE utf8_bin NOT NULL DEFAULT '',
  `emotion` varchar(255) COLLATE utf8_bin NOT NULL DEFAULT '',
  `smiley_url` varchar(50) COLLATE utf8_bin NOT NULL DEFAULT '',
  `smiley_width` smallint(4) UNSIGNED NOT NULL DEFAULT '0',
  `smiley_height` smallint(4) UNSIGNED NOT NULL DEFAULT '0',
  `smiley_order` mediumint(8) UNSIGNED NOT NULL DEFAULT '0',
  `display_on_posting` tinyint(1) UNSIGNED NOT NULL DEFAULT '1'
) ENGINE=InnoDB DEFAULT CHARSET=utf8 COLLATE=utf8_bin;

--
-- Дамп даних таблиці `phpbb_smilies`
--

INSERT INTO `phpbb_smilies` (`smiley_id`, `code`, `emotion`, `smiley_url`, `smiley_width`, `smiley_height`, `smiley_order`, `display_on_posting`) VALUES
(1, ':D', 'Very Happy', 'icon_e_biggrin.gif', 15, 17, 1, 1),
(2, ':-D', 'Very Happy', 'icon_e_biggrin.gif', 15, 17, 2, 1),
(3, ':grin:', 'Very Happy', 'icon_e_biggrin.gif', 15, 17, 3, 1),
(4, ':)', 'Smile', 'icon_e_smile.gif', 15, 17, 4, 1),
(5, ':-)', 'Smile', 'icon_e_smile.gif', 15, 17, 5, 1),
(6, ':smile:', 'Smile', 'icon_e_smile.gif', 15, 17, 6, 1),
(7, ';)', 'Wink', 'icon_e_wink.gif', 15, 17, 7, 1),
(8, ';-)', 'Wink', 'icon_e_wink.gif', 15, 17, 8, 1),
(9, ':wink:', 'Wink', 'icon_e_wink.gif', 15, 17, 9, 1),
(10, ':(', 'Sad', 'icon_e_sad.gif', 15, 17, 10, 1),
(11, ':-(', 'Sad', 'icon_e_sad.gif', 15, 17, 11, 1),
(12, ':sad:', 'Sad', 'icon_e_sad.gif', 15, 17, 12, 1),
(13, ':o', 'Surprised', 'icon_e_surprised.gif', 15, 17, 13, 1),
(14, ':-o', 'Surprised', 'icon_e_surprised.gif', 15, 17, 14, 1),
(15, ':eek:', 'Surprised', 'icon_e_surprised.gif', 15, 17, 15, 1),
(16, ':shock:', 'Shocked', 'icon_eek.gif', 15, 17, 16, 1),
(17, ':?', 'Confused', 'icon_e_confused.gif', 15, 17, 17, 1),
(18, ':-?', 'Confused', 'icon_e_confused.gif', 15, 17, 18, 1),
(19, ':???:', 'Confused', 'icon_e_confused.gif', 15, 17, 19, 1),
(20, '8-)', 'Cool', 'icon_cool.gif', 15, 17, 20, 1),
(21, ':cool:', 'Cool', 'icon_cool.gif', 15, 17, 21, 1),
(22, ':lol:', 'Laughing', 'icon_lol.gif', 15, 17, 22, 1),
(23, ':x', 'Mad', 'icon_mad.gif', 15, 17, 23, 1),
(24, ':-x', 'Mad', 'icon_mad.gif', 15, 17, 24, 1),
(25, ':mad:', 'Mad', 'icon_mad.gif', 15, 17, 25, 1),
(26, ':P', 'Razz', 'icon_razz.gif', 15, 17, 26, 1),
(27, ':-P', 'Razz', 'icon_razz.gif', 15, 17, 27, 1),
(28, ':razz:', 'Razz', 'icon_razz.gif', 15, 17, 28, 1),
(29, ':oops:', 'Embarrassed', 'icon_redface.gif', 15, 17, 29, 1),
(30, ':cry:', 'Crying or Very Sad', 'icon_cry.gif', 15, 17, 30, 1),
(31, ':evil:', 'Evil or Very Mad', 'icon_evil.gif', 15, 17, 31, 1),
(32, ':twisted:', 'Twisted Evil', 'icon_twisted.gif', 15, 17, 32, 1),
(33, ':roll:', 'Rolling Eyes', 'icon_rolleyes.gif', 15, 17, 33, 1),
(34, ':!:', 'Exclamation', 'icon_exclaim.gif', 15, 17, 34, 1),
(35, ':?:', 'Question', 'icon_question.gif', 15, 17, 35, 1),
(36, ':idea:', 'Idea', 'icon_idea.gif', 15, 17, 36, 1),
(37, ':arrow:', 'Arrow', 'icon_arrow.gif', 15, 17, 37, 1),
(38, ':|', 'Neutral', 'icon_neutral.gif', 15, 17, 38, 1),
(39, ':-|', 'Neutral', 'icon_neutral.gif', 15, 17, 39, 1),
(40, ':mrgreen:', 'Mr. Green', 'icon_mrgreen.gif', 15, 17, 40, 1),
(41, ':geek:', 'Geek', 'icon_e_geek.gif', 17, 17, 41, 1),
(42, ':ugeek:', 'Uber Geek', 'icon_e_ugeek.gif', 17, 18, 42, 1);

-- --------------------------------------------------------

--
-- Структура таблиці `phpbb_styles`
--

CREATE TABLE `phpbb_styles` (
  `style_id` mediumint(8) UNSIGNED NOT NULL,
  `style_name` varchar(255) COLLATE utf8_bin NOT NULL DEFAULT '',
  `style_copyright` varchar(255) COLLATE utf8_bin NOT NULL DEFAULT '',
  `style_active` tinyint(1) UNSIGNED NOT NULL DEFAULT '1',
  `style_path` varchar(100) COLLATE utf8_bin NOT NULL DEFAULT '',
  `bbcode_bitfield` varchar(255) COLLATE utf8_bin NOT NULL DEFAULT 'kNg=',
  `style_parent_id` int(4) UNSIGNED NOT NULL DEFAULT '0',
  `style_parent_tree` text COLLATE utf8_bin NOT NULL
) ENGINE=InnoDB DEFAULT CHARSET=utf8 COLLATE=utf8_bin;

--
-- Дамп даних таблиці `phpbb_styles`
--

INSERT INTO `phpbb_styles` (`style_id`, `style_name`, `style_copyright`, `style_active`, `style_path`, `bbcode_bitfield`, `style_parent_id`, `style_parent_tree`) VALUES
(1, 'prosilver', '&copy; phpBB Limited', 1, 'prosilver', '//g=', 0, '');

-- --------------------------------------------------------

--
-- Структура таблиці `phpbb_teampage`
--

CREATE TABLE `phpbb_teampage` (
  `teampage_id` mediumint(8) UNSIGNED NOT NULL,
  `group_id` mediumint(8) UNSIGNED NOT NULL DEFAULT '0',
  `teampage_name` varchar(255) COLLATE utf8_bin NOT NULL DEFAULT '',
  `teampage_position` mediumint(8) UNSIGNED NOT NULL DEFAULT '0',
  `teampage_parent` mediumint(8) UNSIGNED NOT NULL DEFAULT '0'
) ENGINE=InnoDB DEFAULT CHARSET=utf8 COLLATE=utf8_bin;

--
-- Дамп даних таблиці `phpbb_teampage`
--

INSERT INTO `phpbb_teampage` (`teampage_id`, `group_id`, `teampage_name`, `teampage_position`, `teampage_parent`) VALUES
(1, 5, '', 1, 0),
(2, 4, '', 2, 0);

-- --------------------------------------------------------

--
-- Структура таблиці `phpbb_topics`
--

CREATE TABLE `phpbb_topics` (
  `topic_id` int(10) UNSIGNED NOT NULL,
  `forum_id` mediumint(8) UNSIGNED NOT NULL DEFAULT '0',
  `icon_id` mediumint(8) UNSIGNED NOT NULL DEFAULT '0',
  `topic_attachment` tinyint(1) UNSIGNED NOT NULL DEFAULT '0',
  `topic_reported` tinyint(1) UNSIGNED NOT NULL DEFAULT '0',
  `topic_title` varchar(255) CHARACTER SET utf8 COLLATE utf8_unicode_ci NOT NULL DEFAULT '',
  `topic_poster` int(10) UNSIGNED NOT NULL DEFAULT '0',
  `topic_time` int(11) UNSIGNED NOT NULL DEFAULT '0',
  `topic_time_limit` int(11) UNSIGNED NOT NULL DEFAULT '0',
  `topic_views` mediumint(8) UNSIGNED NOT NULL DEFAULT '0',
  `topic_status` tinyint(3) NOT NULL DEFAULT '0',
  `topic_type` tinyint(3) NOT NULL DEFAULT '0',
  `topic_first_post_id` int(10) UNSIGNED NOT NULL DEFAULT '0',
  `topic_first_poster_name` varchar(255) CHARACTER SET utf8 COLLATE utf8_unicode_ci NOT NULL DEFAULT '',
  `topic_first_poster_colour` varchar(6) COLLATE utf8_bin NOT NULL DEFAULT '',
  `topic_last_post_id` int(10) UNSIGNED NOT NULL DEFAULT '0',
  `topic_last_poster_id` int(10) UNSIGNED NOT NULL DEFAULT '0',
  `topic_last_poster_name` varchar(255) COLLATE utf8_bin NOT NULL DEFAULT '',
  `topic_last_poster_colour` varchar(6) COLLATE utf8_bin NOT NULL DEFAULT '',
  `topic_last_post_subject` varchar(255) COLLATE utf8_bin NOT NULL DEFAULT '',
  `topic_last_post_time` int(11) UNSIGNED NOT NULL DEFAULT '0',
  `topic_last_view_time` int(11) UNSIGNED NOT NULL DEFAULT '0',
  `topic_moved_id` int(10) UNSIGNED NOT NULL DEFAULT '0',
  `topic_bumped` tinyint(1) UNSIGNED NOT NULL DEFAULT '0',
  `topic_bumper` mediumint(8) UNSIGNED NOT NULL DEFAULT '0',
  `poll_title` varchar(255) COLLATE utf8_bin NOT NULL DEFAULT '',
  `poll_start` int(11) UNSIGNED NOT NULL DEFAULT '0',
  `poll_length` int(11) UNSIGNED NOT NULL DEFAULT '0',
  `poll_max_options` tinyint(4) NOT NULL DEFAULT '1',
  `poll_last_vote` int(11) UNSIGNED NOT NULL DEFAULT '0',
  `poll_vote_change` tinyint(1) UNSIGNED NOT NULL DEFAULT '0',
  `topic_visibility` tinyint(3) NOT NULL DEFAULT '0',
  `topic_delete_time` int(11) UNSIGNED NOT NULL DEFAULT '0',
  `topic_delete_reason` varchar(255) COLLATE utf8_bin NOT NULL DEFAULT '',
  `topic_delete_user` int(10) UNSIGNED NOT NULL DEFAULT '0',
  `topic_posts_approved` mediumint(8) UNSIGNED NOT NULL DEFAULT '0',
  `topic_posts_unapproved` mediumint(8) UNSIGNED NOT NULL DEFAULT '0',
  `topic_posts_softdeleted` mediumint(8) UNSIGNED NOT NULL DEFAULT '0'
) ENGINE=InnoDB DEFAULT CHARSET=utf8 COLLATE=utf8_bin;

--
-- Дамп даних таблиці `phpbb_topics`
--

INSERT INTO `phpbb_topics` (`topic_id`, `forum_id`, `icon_id`, `topic_attachment`, `topic_reported`, `topic_title`, `topic_poster`, `topic_time`, `topic_time_limit`, `topic_views`, `topic_status`, `topic_type`, `topic_first_post_id`, `topic_first_poster_name`, `topic_first_poster_colour`, `topic_last_post_id`, `topic_last_poster_id`, `topic_last_poster_name`, `topic_last_poster_colour`, `topic_last_post_subject`, `topic_last_post_time`, `topic_last_view_time`, `topic_moved_id`, `topic_bumped`, `topic_bumper`, `poll_title`, `poll_start`, `poll_length`, `poll_max_options`, `poll_last_vote`, `poll_vote_change`, `topic_visibility`, `topic_delete_time`, `topic_delete_reason`, `topic_delete_user`, `topic_posts_approved`, `topic_posts_unapproved`, `topic_posts_softdeleted`) VALUES
(1, 2, 0, 0, 0, 'Welcome to phpBB3', 2, 1527516950, 0, 0, 0, 0, 1, 'admin', 'AA0000', 1, 2, 'admin', 'AA0000', 'Welcome to phpBB3', 1527516950, 972086460, 0, 0, 0, '', 0, 0, 1, 0, 0, 1, 0, '', 0, 1, 0, 0);

-- --------------------------------------------------------

--
-- Структура таблиці `phpbb_topics_posted`
--

CREATE TABLE `phpbb_topics_posted` (
  `user_id` int(10) UNSIGNED NOT NULL DEFAULT '0',
  `topic_id` int(10) UNSIGNED NOT NULL DEFAULT '0',
  `topic_posted` tinyint(1) UNSIGNED NOT NULL DEFAULT '0'
) ENGINE=InnoDB DEFAULT CHARSET=utf8 COLLATE=utf8_bin;

--
-- Дамп даних таблиці `phpbb_topics_posted`
--

INSERT INTO `phpbb_topics_posted` (`user_id`, `topic_id`, `topic_posted`) VALUES
(2, 1, 1);

-- --------------------------------------------------------

--
-- Структура таблиці `phpbb_topics_track`
--

CREATE TABLE `phpbb_topics_track` (
  `user_id` int(10) UNSIGNED NOT NULL DEFAULT '0',
  `topic_id` int(10) UNSIGNED NOT NULL DEFAULT '0',
  `forum_id` mediumint(8) UNSIGNED NOT NULL DEFAULT '0',
  `mark_time` int(11) UNSIGNED NOT NULL DEFAULT '0'
) ENGINE=InnoDB DEFAULT CHARSET=utf8 COLLATE=utf8_bin;

-- --------------------------------------------------------

--
-- Структура таблиці `phpbb_topics_watch`
--

CREATE TABLE `phpbb_topics_watch` (
  `topic_id` int(10) UNSIGNED NOT NULL DEFAULT '0',
  `user_id` int(10) UNSIGNED NOT NULL DEFAULT '0',
  `notify_status` tinyint(1) UNSIGNED NOT NULL DEFAULT '0'
) ENGINE=InnoDB DEFAULT CHARSET=utf8 COLLATE=utf8_bin;

-- --------------------------------------------------------

--
-- Структура таблиці `phpbb_users`
--

CREATE TABLE `phpbb_users` (
  `user_id` int(10) UNSIGNED NOT NULL,
  `user_type` tinyint(2) NOT NULL DEFAULT '0',
  `group_id` mediumint(8) UNSIGNED NOT NULL DEFAULT '3',
  `user_permissions` mediumtext COLLATE utf8_bin NOT NULL,
  `user_perm_from` mediumint(8) UNSIGNED NOT NULL DEFAULT '0',
  `user_ip` varchar(40) COLLATE utf8_bin NOT NULL DEFAULT '',
  `user_regdate` int(11) UNSIGNED NOT NULL DEFAULT '0',
  `username` varchar(255) COLLATE utf8_bin NOT NULL DEFAULT '',
  `username_clean` varchar(255) COLLATE utf8_bin NOT NULL DEFAULT '',
  `user_password` varchar(255) COLLATE utf8_bin NOT NULL DEFAULT '',
  `user_passchg` int(11) UNSIGNED NOT NULL DEFAULT '0',
  `user_email` varchar(100) COLLATE utf8_bin NOT NULL DEFAULT '',
  `user_email_hash` bigint(20) NOT NULL DEFAULT '0',
  `user_birthday` varchar(10) COLLATE utf8_bin NOT NULL DEFAULT '',
  `user_lastvisit` int(11) UNSIGNED NOT NULL DEFAULT '0',
  `user_lastmark` int(11) UNSIGNED NOT NULL DEFAULT '0',
  `user_lastpost_time` int(11) UNSIGNED NOT NULL DEFAULT '0',
  `user_lastpage` varchar(200) COLLATE utf8_bin NOT NULL DEFAULT '',
  `user_last_confirm_key` varchar(10) COLLATE utf8_bin NOT NULL DEFAULT '',
  `user_last_search` int(11) UNSIGNED NOT NULL DEFAULT '0',
  `user_warnings` tinyint(4) NOT NULL DEFAULT '0',
  `user_last_warning` int(11) UNSIGNED NOT NULL DEFAULT '0',
  `user_login_attempts` tinyint(4) NOT NULL DEFAULT '0',
  `user_inactive_reason` tinyint(2) NOT NULL DEFAULT '0',
  `user_inactive_time` int(11) UNSIGNED NOT NULL DEFAULT '0',
  `user_posts` mediumint(8) UNSIGNED NOT NULL DEFAULT '0',
  `user_lang` varchar(30) COLLATE utf8_bin NOT NULL DEFAULT '',
  `user_timezone` varchar(100) COLLATE utf8_bin NOT NULL DEFAULT '',
  `user_dateformat` varchar(64) COLLATE utf8_bin NOT NULL DEFAULT 'd M Y H:i',
  `user_style` mediumint(8) UNSIGNED NOT NULL DEFAULT '0',
  `user_rank` mediumint(8) UNSIGNED NOT NULL DEFAULT '0',
  `user_colour` varchar(6) COLLATE utf8_bin NOT NULL DEFAULT '',
  `user_new_privmsg` int(4) NOT NULL DEFAULT '0',
  `user_unread_privmsg` int(4) NOT NULL DEFAULT '0',
  `user_last_privmsg` int(11) UNSIGNED NOT NULL DEFAULT '0',
  `user_message_rules` tinyint(1) UNSIGNED NOT NULL DEFAULT '0',
  `user_full_folder` int(11) NOT NULL DEFAULT '-3',
  `user_emailtime` int(11) UNSIGNED NOT NULL DEFAULT '0',
  `user_topic_show_days` smallint(4) UNSIGNED NOT NULL DEFAULT '0',
  `user_topic_sortby_type` varchar(1) COLLATE utf8_bin NOT NULL DEFAULT 't',
  `user_topic_sortby_dir` varchar(1) COLLATE utf8_bin NOT NULL DEFAULT 'd',
  `user_post_show_days` smallint(4) UNSIGNED NOT NULL DEFAULT '0',
  `user_post_sortby_type` varchar(1) COLLATE utf8_bin NOT NULL DEFAULT 't',
  `user_post_sortby_dir` varchar(1) COLLATE utf8_bin NOT NULL DEFAULT 'a',
  `user_notify` tinyint(1) UNSIGNED NOT NULL DEFAULT '0',
  `user_notify_pm` tinyint(1) UNSIGNED NOT NULL DEFAULT '1',
  `user_notify_type` tinyint(4) NOT NULL DEFAULT '0',
  `user_allow_pm` tinyint(1) UNSIGNED NOT NULL DEFAULT '1',
  `user_allow_viewonline` tinyint(1) UNSIGNED NOT NULL DEFAULT '1',
  `user_allow_viewemail` tinyint(1) UNSIGNED NOT NULL DEFAULT '1',
  `user_allow_massemail` tinyint(1) UNSIGNED NOT NULL DEFAULT '1',
  `user_options` int(11) UNSIGNED NOT NULL DEFAULT '230271',
  `user_avatar` varchar(255) COLLATE utf8_bin NOT NULL DEFAULT '',
  `user_avatar_type` varchar(255) COLLATE utf8_bin NOT NULL DEFAULT '',
  `user_avatar_width` smallint(4) UNSIGNED NOT NULL DEFAULT '0',
  `user_avatar_height` smallint(4) UNSIGNED NOT NULL DEFAULT '0',
  `user_sig` mediumtext COLLATE utf8_bin NOT NULL,
  `user_sig_bbcode_uid` varchar(8) COLLATE utf8_bin NOT NULL DEFAULT '',
  `user_sig_bbcode_bitfield` varchar(255) COLLATE utf8_bin NOT NULL DEFAULT '',
  `user_jabber` varchar(255) COLLATE utf8_bin NOT NULL DEFAULT '',
  `user_actkey` varchar(32) COLLATE utf8_bin NOT NULL DEFAULT '',
  `user_newpasswd` varchar(255) COLLATE utf8_bin NOT NULL DEFAULT '',
  `user_form_salt` varchar(32) COLLATE utf8_bin NOT NULL DEFAULT '',
  `user_new` tinyint(1) UNSIGNED NOT NULL DEFAULT '1',
  `user_reminded` tinyint(4) NOT NULL DEFAULT '0',
  `user_reminded_time` int(11) UNSIGNED NOT NULL DEFAULT '0'
) ENGINE=InnoDB DEFAULT CHARSET=utf8 COLLATE=utf8_bin;

--
-- Дамп даних таблиці `phpbb_users`
--

INSERT INTO `phpbb_users` (`user_id`, `user_type`, `group_id`, `user_permissions`, `user_perm_from`, `user_ip`, `user_regdate`, `username`, `username_clean`, `user_password`, `user_passchg`, `user_email`, `user_email_hash`, `user_birthday`, `user_lastvisit`, `user_lastmark`, `user_lastpost_time`, `user_lastpage`, `user_last_confirm_key`, `user_last_search`, `user_warnings`, `user_last_warning`, `user_login_attempts`, `user_inactive_reason`, `user_inactive_time`, `user_posts`, `user_lang`, `user_timezone`, `user_dateformat`, `user_style`, `user_rank`, `user_colour`, `user_new_privmsg`, `user_unread_privmsg`, `user_last_privmsg`, `user_message_rules`, `user_full_folder`, `user_emailtime`, `user_topic_show_days`, `user_topic_sortby_type`, `user_topic_sortby_dir`, `user_post_show_days`, `user_post_sortby_type`, `user_post_sortby_dir`, `user_notify`, `user_notify_pm`, `user_notify_type`, `user_allow_pm`, `user_allow_viewonline`, `user_allow_viewemail`, `user_allow_massemail`, `user_options`, `user_avatar`, `user_avatar_type`, `user_avatar_width`, `user_avatar_height`, `user_sig`, `user_sig_bbcode_uid`, `user_sig_bbcode_bitfield`, `user_jabber`, `user_actkey`, `user_newpasswd`, `user_form_salt`, `user_new`, `user_reminded`, `user_reminded_time`) VALUES
(1, 2, 1, '00000000000g13ydq8\nhwby9w000000\nhwby9w000000', 0, '', 1527516950, 'Anonymous', 'anonymous', '', 0, '', 0, '', 0, 0, 0, '', '', 0, 0, 0, 0, 0, 0, 0, 'en', '', 'd M Y H:i', 1, 0, '', 0, 0, 0, 0, -3, 0, 0, 't', 'd', 0, 't', 'a', 0, 1, 0, 1, 1, 1, 0, 230271, '', '', 0, 0, '', '', '', '', '', '', 'af6e23a903beda7e', 1, 0, 0),
(2, 3, 5, 'zik0zjzik0zjzik0zg\nhwby9w000000\nzik0zjzih7uo', 0, '127.0.0.1', 1527516950, 'admin', 'admin', '$2y$10$9rlRClvMkZGQF40KBc9gseXVO4uz3vfMDhb/XwxJ2fgU/KB46oPwG', 0, 'rodnyk@ukr.net', 89019176114, '', 0, 0, 0, '', '', 0, 0, 0, 0, 0, 0, 1, 'en', '', 'D M d, Y g:i a', 1, 1, 'AA0000', 0, 0, 0, 0, -3, 0, 0, 't', 'd', 0, 't', 'a', 0, 1, 0, 1, 1, 1, 1, 230271, '', '', 0, 0, '', '', '', '', '', '', '4e26874821fcbd42', 1, 0, 0),
(3, 2, 6, '', 0, '', 1527516951, 'AdsBot [Google]', 'adsbot [google]', '', 1527516951, '', 0, '', 0, 1527516951, 0, '', '', 0, 0, 0, 0, 0, 0, 0, 'en', 'UTC', 'D M d, Y g:i a', 1, 0, '9E8DA7', 0, 0, 0, 0, -3, 0, 0, 't', 'd', 0, 't', 'a', 0, 1, 0, 0, 1, 1, 0, 230271, '', '', 0, 0, '', '', '', '', '', '', '4a7b59df14219fed', 0, 0, 0),
(4, 2, 6, '', 0, '', 1527516951, 'Alexa [Bot]', 'alexa [bot]', '', 1527516951, '', 0, '', 0, 1527516951, 0, '', '', 0, 0, 0, 0, 0, 0, 0, 'en', 'UTC', 'D M d, Y g:i a', 1, 0, '9E8DA7', 0, 0, 0, 0, -3, 0, 0, 't', 'd', 0, 't', 'a', 0, 1, 0, 0, 1, 1, 0, 230271, '', '', 0, 0, '', '', '', '', '', '', 'cd77d1a459dd7429', 0, 0, 0),
(5, 2, 6, '', 0, '', 1527516951, 'Alta Vista [Bot]', 'alta vista [bot]', '', 1527516951, '', 0, '', 0, 1527516951, 0, '', '', 0, 0, 0, 0, 0, 0, 0, 'en', 'UTC', 'D M d, Y g:i a', 1, 0, '9E8DA7', 0, 0, 0, 0, -3, 0, 0, 't', 'd', 0, 't', 'a', 0, 1, 0, 0, 1, 1, 0, 230271, '', '', 0, 0, '', '', '', '', '', '', 'ac150f74a6c9edfd', 0, 0, 0),
(6, 2, 6, '', 0, '', 1527516951, 'Ask Jeeves [Bot]', 'ask jeeves [bot]', '', 1527516951, '', 0, '', 0, 1527516951, 0, '', '', 0, 0, 0, 0, 0, 0, 0, 'en', 'UTC', 'D M d, Y g:i a', 1, 0, '9E8DA7', 0, 0, 0, 0, -3, 0, 0, 't', 'd', 0, 't', 'a', 0, 1, 0, 0, 1, 1, 0, 230271, '', '', 0, 0, '', '', '', '', '', '', 'e95128d8a9036729', 0, 0, 0),
(7, 2, 6, '', 0, '', 1527516951, 'Baidu [Spider]', 'baidu [spider]', '', 1527516951, '', 0, '', 0, 1527516951, 0, '', '', 0, 0, 0, 0, 0, 0, 0, 'en', 'UTC', 'D M d, Y g:i a', 1, 0, '9E8DA7', 0, 0, 0, 0, -3, 0, 0, 't', 'd', 0, 't', 'a', 0, 1, 0, 0, 1, 1, 0, 230271, '', '', 0, 0, '', '', '', '', '', '', '23999126bf91dc33', 0, 0, 0),
(8, 2, 6, '', 0, '', 1527516951, 'Bing [Bot]', 'bing [bot]', '', 1527516951, '', 0, '', 0, 1527516951, 0, '', '', 0, 0, 0, 0, 0, 0, 0, 'en', 'UTC', 'D M d, Y g:i a', 1, 0, '9E8DA7', 0, 0, 0, 0, -3, 0, 0, 't', 'd', 0, 't', 'a', 0, 1, 0, 0, 1, 1, 0, 230271, '', '', 0, 0, '', '', '', '', '', '', '77cfc56094159fb4', 0, 0, 0),
(9, 2, 6, '', 0, '', 1527516951, 'Exabot [Bot]', 'exabot [bot]', '', 1527516951, '', 0, '', 0, 1527516951, 0, '', '', 0, 0, 0, 0, 0, 0, 0, 'en', 'UTC', 'D M d, Y g:i a', 1, 0, '9E8DA7', 0, 0, 0, 0, -3, 0, 0, 't', 'd', 0, 't', 'a', 0, 1, 0, 0, 1, 1, 0, 230271, '', '', 0, 0, '', '', '', '', '', '', 'bb6ef42c4c3fb15a', 0, 0, 0),
(10, 2, 6, '', 0, '', 1527516951, 'FAST Enterprise [Crawler]', 'fast enterprise [crawler]', '', 1527516951, '', 0, '', 0, 1527516951, 0, '', '', 0, 0, 0, 0, 0, 0, 0, 'en', 'UTC', 'D M d, Y g:i a', 1, 0, '9E8DA7', 0, 0, 0, 0, -3, 0, 0, 't', 'd', 0, 't', 'a', 0, 1, 0, 0, 1, 1, 0, 230271, '', '', 0, 0, '', '', '', '', '', '', '83f45fa0e42256f7', 0, 0, 0),
(11, 2, 6, '', 0, '', 1527516951, 'FAST WebCrawler [Crawler]', 'fast webcrawler [crawler]', '', 1527516951, '', 0, '', 0, 1527516951, 0, '', '', 0, 0, 0, 0, 0, 0, 0, 'en', 'UTC', 'D M d, Y g:i a', 1, 0, '9E8DA7', 0, 0, 0, 0, -3, 0, 0, 't', 'd', 0, 't', 'a', 0, 1, 0, 0, 1, 1, 0, 230271, '', '', 0, 0, '', '', '', '', '', '', 'a9e7ac4c4c8c1001', 0, 0, 0),
(12, 2, 6, '', 0, '', 1527516951, 'Francis [Bot]', 'francis [bot]', '', 1527516951, '', 0, '', 0, 1527516951, 0, '', '', 0, 0, 0, 0, 0, 0, 0, 'en', 'UTC', 'D M d, Y g:i a', 1, 0, '9E8DA7', 0, 0, 0, 0, -3, 0, 0, 't', 'd', 0, 't', 'a', 0, 1, 0, 0, 1, 1, 0, 230271, '', '', 0, 0, '', '', '', '', '', '', 'b1f9b21e6ea42e5c', 0, 0, 0),
(13, 2, 6, '', 0, '', 1527516951, 'Gigabot [Bot]', 'gigabot [bot]', '', 1527516951, '', 0, '', 0, 1527516951, 0, '', '', 0, 0, 0, 0, 0, 0, 0, 'en', 'UTC', 'D M d, Y g:i a', 1, 0, '9E8DA7', 0, 0, 0, 0, -3, 0, 0, 't', 'd', 0, 't', 'a', 0, 1, 0, 0, 1, 1, 0, 230271, '', '', 0, 0, '', '', '', '', '', '', '7f397a6cb0690ba5', 0, 0, 0),
(14, 2, 6, '', 0, '', 1527516951, 'Google Adsense [Bot]', 'google adsense [bot]', '', 1527516951, '', 0, '', 0, 1527516951, 0, '', '', 0, 0, 0, 0, 0, 0, 0, 'en', 'UTC', 'D M d, Y g:i a', 1, 0, '9E8DA7', 0, 0, 0, 0, -3, 0, 0, 't', 'd', 0, 't', 'a', 0, 1, 0, 0, 1, 1, 0, 230271, '', '', 0, 0, '', '', '', '', '', '', 'ebfc2ab66267578e', 0, 0, 0),
(15, 2, 6, '', 0, '', 1527516951, 'Google Desktop', 'google desktop', '', 1527516951, '', 0, '', 0, 1527516951, 0, '', '', 0, 0, 0, 0, 0, 0, 0, 'en', 'UTC', 'D M d, Y g:i a', 1, 0, '9E8DA7', 0, 0, 0, 0, -3, 0, 0, 't', 'd', 0, 't', 'a', 0, 1, 0, 0, 1, 1, 0, 230271, '', '', 0, 0, '', '', '', '', '', '', '3fe37c845882c538', 0, 0, 0),
(16, 2, 6, '', 0, '', 1527516951, 'Google Feedfetcher', 'google feedfetcher', '', 1527516951, '', 0, '', 0, 1527516951, 0, '', '', 0, 0, 0, 0, 0, 0, 0, 'en', 'UTC', 'D M d, Y g:i a', 1, 0, '9E8DA7', 0, 0, 0, 0, -3, 0, 0, 't', 'd', 0, 't', 'a', 0, 1, 0, 0, 1, 1, 0, 230271, '', '', 0, 0, '', '', '', '', '', '', '048e82b8c4c7558e', 0, 0, 0),
(17, 2, 6, '', 0, '', 1527516951, 'Google [Bot]', 'google [bot]', '', 1527516951, '', 0, '', 0, 1527516951, 0, '', '', 0, 0, 0, 0, 0, 0, 0, 'en', 'UTC', 'D M d, Y g:i a', 1, 0, '9E8DA7', 0, 0, 0, 0, -3, 0, 0, 't', 'd', 0, 't', 'a', 0, 1, 0, 0, 1, 1, 0, 230271, '', '', 0, 0, '', '', '', '', '', '', 'a2a28e8b9bcd859c', 0, 0, 0),
(18, 2, 6, '', 0, '', 1527516951, 'Heise IT-Markt [Crawler]', 'heise it-markt [crawler]', '', 1527516951, '', 0, '', 0, 1527516951, 0, '', '', 0, 0, 0, 0, 0, 0, 0, 'en', 'UTC', 'D M d, Y g:i a', 1, 0, '9E8DA7', 0, 0, 0, 0, -3, 0, 0, 't', 'd', 0, 't', 'a', 0, 1, 0, 0, 1, 1, 0, 230271, '', '', 0, 0, '', '', '', '', '', '', '91aa3156dca602be', 0, 0, 0),
(19, 2, 6, '', 0, '', 1527516951, 'Heritrix [Crawler]', 'heritrix [crawler]', '', 1527516951, '', 0, '', 0, 1527516951, 0, '', '', 0, 0, 0, 0, 0, 0, 0, 'en', 'UTC', 'D M d, Y g:i a', 1, 0, '9E8DA7', 0, 0, 0, 0, -3, 0, 0, 't', 'd', 0, 't', 'a', 0, 1, 0, 0, 1, 1, 0, 230271, '', '', 0, 0, '', '', '', '', '', '', 'b859c9083cfa4086', 0, 0, 0),
(20, 2, 6, '', 0, '', 1527516951, 'IBM Research [Bot]', 'ibm research [bot]', '', 1527516951, '', 0, '', 0, 1527516951, 0, '', '', 0, 0, 0, 0, 0, 0, 0, 'en', 'UTC', 'D M d, Y g:i a', 1, 0, '9E8DA7', 0, 0, 0, 0, -3, 0, 0, 't', 'd', 0, 't', 'a', 0, 1, 0, 0, 1, 1, 0, 230271, '', '', 0, 0, '', '', '', '', '', '', '94c3401c1de28221', 0, 0, 0),
(21, 2, 6, '', 0, '', 1527516951, 'ICCrawler - ICjobs', 'iccrawler - icjobs', '', 1527516951, '', 0, '', 0, 1527516951, 0, '', '', 0, 0, 0, 0, 0, 0, 0, 'en', 'UTC', 'D M d, Y g:i a', 1, 0, '9E8DA7', 0, 0, 0, 0, -3, 0, 0, 't', 'd', 0, 't', 'a', 0, 1, 0, 0, 1, 1, 0, 230271, '', '', 0, 0, '', '', '', '', '', '', '987689983149f7fc', 0, 0, 0),
(22, 2, 6, '', 0, '', 1527516951, 'ichiro [Crawler]', 'ichiro [crawler]', '', 1527516951, '', 0, '', 0, 1527516951, 0, '', '', 0, 0, 0, 0, 0, 0, 0, 'en', 'UTC', 'D M d, Y g:i a', 1, 0, '9E8DA7', 0, 0, 0, 0, -3, 0, 0, 't', 'd', 0, 't', 'a', 0, 1, 0, 0, 1, 1, 0, 230271, '', '', 0, 0, '', '', '', '', '', '', 'c42b644332ae123e', 0, 0, 0),
(23, 2, 6, '', 0, '', 1527516951, 'Majestic-12 [Bot]', 'majestic-12 [bot]', '', 1527516951, '', 0, '', 0, 1527516951, 0, '', '', 0, 0, 0, 0, 0, 0, 0, 'en', 'UTC', 'D M d, Y g:i a', 1, 0, '9E8DA7', 0, 0, 0, 0, -3, 0, 0, 't', 'd', 0, 't', 'a', 0, 1, 0, 0, 1, 1, 0, 230271, '', '', 0, 0, '', '', '', '', '', '', '82528923ab2a4303', 0, 0, 0),
(24, 2, 6, '', 0, '', 1527516951, 'Metager [Bot]', 'metager [bot]', '', 1527516951, '', 0, '', 0, 1527516951, 0, '', '', 0, 0, 0, 0, 0, 0, 0, 'en', 'UTC', 'D M d, Y g:i a', 1, 0, '9E8DA7', 0, 0, 0, 0, -3, 0, 0, 't', 'd', 0, 't', 'a', 0, 1, 0, 0, 1, 1, 0, 230271, '', '', 0, 0, '', '', '', '', '', '', 'd4fa78a28584a814', 0, 0, 0),
(25, 2, 6, '', 0, '', 1527516951, 'MSN NewsBlogs', 'msn newsblogs', '', 1527516951, '', 0, '', 0, 1527516951, 0, '', '', 0, 0, 0, 0, 0, 0, 0, 'en', 'UTC', 'D M d, Y g:i a', 1, 0, '9E8DA7', 0, 0, 0, 0, -3, 0, 0, 't', 'd', 0, 't', 'a', 0, 1, 0, 0, 1, 1, 0, 230271, '', '', 0, 0, '', '', '', '', '', '', 'cf7a499b2b2ab2c0', 0, 0, 0),
(26, 2, 6, '', 0, '', 1527516951, 'MSN [Bot]', 'msn [bot]', '', 1527516951, '', 0, '', 0, 1527516951, 0, '', '', 0, 0, 0, 0, 0, 0, 0, 'en', 'UTC', 'D M d, Y g:i a', 1, 0, '9E8DA7', 0, 0, 0, 0, -3, 0, 0, 't', 'd', 0, 't', 'a', 0, 1, 0, 0, 1, 1, 0, 230271, '', '', 0, 0, '', '', '', '', '', '', '926a0cfec01ff8c0', 0, 0, 0),
(27, 2, 6, '', 0, '', 1527516951, 'MSNbot Media', 'msnbot media', '', 1527516951, '', 0, '', 0, 1527516951, 0, '', '', 0, 0, 0, 0, 0, 0, 0, 'en', 'UTC', 'D M d, Y g:i a', 1, 0, '9E8DA7', 0, 0, 0, 0, -3, 0, 0, 't', 'd', 0, 't', 'a', 0, 1, 0, 0, 1, 1, 0, 230271, '', '', 0, 0, '', '', '', '', '', '', '24fead7f41422f86', 0, 0, 0),
(28, 2, 6, '', 0, '', 1527516951, 'Nutch [Bot]', 'nutch [bot]', '', 1527516951, '', 0, '', 0, 1527516951, 0, '', '', 0, 0, 0, 0, 0, 0, 0, 'en', 'UTC', 'D M d, Y g:i a', 1, 0, '9E8DA7', 0, 0, 0, 0, -3, 0, 0, 't', 'd', 0, 't', 'a', 0, 1, 0, 0, 1, 1, 0, 230271, '', '', 0, 0, '', '', '', '', '', '', '81d6780ac6242a30', 0, 0, 0),
(29, 2, 6, '', 0, '', 1527516951, 'Online link [Validator]', 'online link [validator]', '', 1527516951, '', 0, '', 0, 1527516951, 0, '', '', 0, 0, 0, 0, 0, 0, 0, 'en', 'UTC', 'D M d, Y g:i a', 1, 0, '9E8DA7', 0, 0, 0, 0, -3, 0, 0, 't', 'd', 0, 't', 'a', 0, 1, 0, 0, 1, 1, 0, 230271, '', '', 0, 0, '', '', '', '', '', '', 'e76ad817ae324097', 0, 0, 0),
(30, 2, 6, '', 0, '', 1527516951, 'psbot [Picsearch]', 'psbot [picsearch]', '', 1527516951, '', 0, '', 0, 1527516951, 0, '', '', 0, 0, 0, 0, 0, 0, 0, 'en', 'UTC', 'D M d, Y g:i a', 1, 0, '9E8DA7', 0, 0, 0, 0, -3, 0, 0, 't', 'd', 0, 't', 'a', 0, 1, 0, 0, 1, 1, 0, 230271, '', '', 0, 0, '', '', '', '', '', '', 'a064ff097a3ccce6', 0, 0, 0),
(31, 2, 6, '', 0, '', 1527516951, 'Sensis [Crawler]', 'sensis [crawler]', '', 1527516951, '', 0, '', 0, 1527516951, 0, '', '', 0, 0, 0, 0, 0, 0, 0, 'en', 'UTC', 'D M d, Y g:i a', 1, 0, '9E8DA7', 0, 0, 0, 0, -3, 0, 0, 't', 'd', 0, 't', 'a', 0, 1, 0, 0, 1, 1, 0, 230271, '', '', 0, 0, '', '', '', '', '', '', '96d7db2c01f7a8ec', 0, 0, 0),
(32, 2, 6, '', 0, '', 1527516951, 'SEO Crawler', 'seo crawler', '', 1527516951, '', 0, '', 0, 1527516951, 0, '', '', 0, 0, 0, 0, 0, 0, 0, 'en', 'UTC', 'D M d, Y g:i a', 1, 0, '9E8DA7', 0, 0, 0, 0, -3, 0, 0, 't', 'd', 0, 't', 'a', 0, 1, 0, 0, 1, 1, 0, 230271, '', '', 0, 0, '', '', '', '', '', '', 'a962f4e5a11eaa44', 0, 0, 0),
(33, 2, 6, '', 0, '', 1527516951, 'Seoma [Crawler]', 'seoma [crawler]', '', 1527516951, '', 0, '', 0, 1527516951, 0, '', '', 0, 0, 0, 0, 0, 0, 0, 'en', 'UTC', 'D M d, Y g:i a', 1, 0, '9E8DA7', 0, 0, 0, 0, -3, 0, 0, 't', 'd', 0, 't', 'a', 0, 1, 0, 0, 1, 1, 0, 230271, '', '', 0, 0, '', '', '', '', '', '', 'aa31d04ad9bfc5ee', 0, 0, 0),
(34, 2, 6, '', 0, '', 1527516951, 'SEOSearch [Crawler]', 'seosearch [crawler]', '', 1527516951, '', 0, '', 0, 1527516951, 0, '', '', 0, 0, 0, 0, 0, 0, 0, 'en', 'UTC', 'D M d, Y g:i a', 1, 0, '9E8DA7', 0, 0, 0, 0, -3, 0, 0, 't', 'd', 0, 't', 'a', 0, 1, 0, 0, 1, 1, 0, 230271, '', '', 0, 0, '', '', '', '', '', '', '50c826b026202f10', 0, 0, 0),
(35, 2, 6, '', 0, '', 1527516951, 'Snappy [Bot]', 'snappy [bot]', '', 1527516951, '', 0, '', 0, 1527516951, 0, '', '', 0, 0, 0, 0, 0, 0, 0, 'en', 'UTC', 'D M d, Y g:i a', 1, 0, '9E8DA7', 0, 0, 0, 0, -3, 0, 0, 't', 'd', 0, 't', 'a', 0, 1, 0, 0, 1, 1, 0, 230271, '', '', 0, 0, '', '', '', '', '', '', 'ee31dfa32614e3dc', 0, 0, 0),
(36, 2, 6, '', 0, '', 1527516951, 'Steeler [Crawler]', 'steeler [crawler]', '', 1527516951, '', 0, '', 0, 1527516951, 0, '', '', 0, 0, 0, 0, 0, 0, 0, 'en', 'UTC', 'D M d, Y g:i a', 1, 0, '9E8DA7', 0, 0, 0, 0, -3, 0, 0, 't', 'd', 0, 't', 'a', 0, 1, 0, 0, 1, 1, 0, 230271, '', '', 0, 0, '', '', '', '', '', '', '59d690efaebe394a', 0, 0, 0),
(37, 2, 6, '', 0, '', 1527516951, 'Telekom [Bot]', 'telekom [bot]', '', 1527516951, '', 0, '', 0, 1527516951, 0, '', '', 0, 0, 0, 0, 0, 0, 0, 'en', 'UTC', 'D M d, Y g:i a', 1, 0, '9E8DA7', 0, 0, 0, 0, -3, 0, 0, 't', 'd', 0, 't', 'a', 0, 1, 0, 0, 1, 1, 0, 230271, '', '', 0, 0, '', '', '', '', '', '', 'e3989d1ac512a081', 0, 0, 0),
(38, 2, 6, '', 0, '', 1527516951, 'TurnitinBot [Bot]', 'turnitinbot [bot]', '', 1527516951, '', 0, '', 0, 1527516951, 0, '', '', 0, 0, 0, 0, 0, 0, 0, 'en', 'UTC', 'D M d, Y g:i a', 1, 0, '9E8DA7', 0, 0, 0, 0, -3, 0, 0, 't', 'd', 0, 't', 'a', 0, 1, 0, 0, 1, 1, 0, 230271, '', '', 0, 0, '', '', '', '', '', '', '58dadaaa9c4fc0ae', 0, 0, 0),
(39, 2, 6, '', 0, '', 1527516951, 'Voyager [Bot]', 'voyager [bot]', '', 1527516951, '', 0, '', 0, 1527516951, 0, '', '', 0, 0, 0, 0, 0, 0, 0, 'en', 'UTC', 'D M d, Y g:i a', 1, 0, '9E8DA7', 0, 0, 0, 0, -3, 0, 0, 't', 'd', 0, 't', 'a', 0, 1, 0, 0, 1, 1, 0, 230271, '', '', 0, 0, '', '', '', '', '', '', '03bd0826313c586e', 0, 0, 0),
(40, 2, 6, '', 0, '', 1527516951, 'W3 [Sitesearch]', 'w3 [sitesearch]', '', 1527516951, '', 0, '', 0, 1527516951, 0, '', '', 0, 0, 0, 0, 0, 0, 0, 'en', 'UTC', 'D M d, Y g:i a', 1, 0, '9E8DA7', 0, 0, 0, 0, -3, 0, 0, 't', 'd', 0, 't', 'a', 0, 1, 0, 0, 1, 1, 0, 230271, '', '', 0, 0, '', '', '', '', '', '', 'd1ae73f6be5b34ac', 0, 0, 0),
(41, 2, 6, '', 0, '', 1527516951, 'W3C [Linkcheck]', 'w3c [linkcheck]', '', 1527516951, '', 0, '', 0, 1527516951, 0, '', '', 0, 0, 0, 0, 0, 0, 0, 'en', 'UTC', 'D M d, Y g:i a', 1, 0, '9E8DA7', 0, 0, 0, 0, -3, 0, 0, 't', 'd', 0, 't', 'a', 0, 1, 0, 0, 1, 1, 0, 230271, '', '', 0, 0, '', '', '', '', '', '', '2e01e36eec280067', 0, 0, 0),
(42, 2, 6, '', 0, '', 1527516951, 'W3C [Validator]', 'w3c [validator]', '', 1527516951, '', 0, '', 0, 1527516951, 0, '', '', 0, 0, 0, 0, 0, 0, 0, 'en', 'UTC', 'D M d, Y g:i a', 1, 0, '9E8DA7', 0, 0, 0, 0, -3, 0, 0, 't', 'd', 0, 't', 'a', 0, 1, 0, 0, 1, 1, 0, 230271, '', '', 0, 0, '', '', '', '', '', '', '3297502dabe2f58c', 0, 0, 0),
(43, 2, 6, '', 0, '', 1527516951, 'YaCy [Bot]', 'yacy [bot]', '', 1527516951, '', 0, '', 0, 1527516951, 0, '', '', 0, 0, 0, 0, 0, 0, 0, 'en', 'UTC', 'D M d, Y g:i a', 1, 0, '9E8DA7', 0, 0, 0, 0, -3, 0, 0, 't', 'd', 0, 't', 'a', 0, 1, 0, 0, 1, 1, 0, 230271, '', '', 0, 0, '', '', '', '', '', '', 'de716cd173adba7b', 0, 0, 0),
(44, 2, 6, '', 0, '', 1527516951, 'Yahoo MMCrawler [Bot]', 'yahoo mmcrawler [bot]', '', 1527516951, '', 0, '', 0, 1527516951, 0, '', '', 0, 0, 0, 0, 0, 0, 0, 'en', 'UTC', 'D M d, Y g:i a', 1, 0, '9E8DA7', 0, 0, 0, 0, -3, 0, 0, 't', 'd', 0, 't', 'a', 0, 1, 0, 0, 1, 1, 0, 230271, '', '', 0, 0, '', '', '', '', '', '', 'e8fd7e61687b2c38', 0, 0, 0),
(45, 2, 6, '', 0, '', 1527516951, 'Yahoo Slurp [Bot]', 'yahoo slurp [bot]', '', 1527516951, '', 0, '', 0, 1527516951, 0, '', '', 0, 0, 0, 0, 0, 0, 0, 'en', 'UTC', 'D M d, Y g:i a', 1, 0, '9E8DA7', 0, 0, 0, 0, -3, 0, 0, 't', 'd', 0, 't', 'a', 0, 1, 0, 0, 1, 1, 0, 230271, '', '', 0, 0, '', '', '', '', '', '', 'eba7554150c2ff75', 0, 0, 0),
(46, 2, 6, '', 0, '', 1527516951, 'Yahoo [Bot]', 'yahoo [bot]', '', 1527516951, '', 0, '', 0, 1527516951, 0, '', '', 0, 0, 0, 0, 0, 0, 0, 'en', 'UTC', 'D M d, Y g:i a', 1, 0, '9E8DA7', 0, 0, 0, 0, -3, 0, 0, 't', 'd', 0, 't', 'a', 0, 1, 0, 0, 1, 1, 0, 230271, '', '', 0, 0, '', '', '', '', '', '', 'f6918398e2afafd9', 0, 0, 0),
(47, 2, 6, '', 0, '', 1527516951, 'YahooSeeker [Bot]', 'yahooseeker [bot]', '', 1527516951, '', 0, '', 0, 1527516951, 0, '', '', 0, 0, 0, 0, 0, 0, 0, 'en', 'UTC', 'D M d, Y g:i a', 1, 0, '9E8DA7', 0, 0, 0, 0, -3, 0, 0, 't', 'd', 0, 't', 'a', 0, 1, 0, 0, 1, 1, 0, 230271, '', '', 0, 0, '', '', '', '', '', '', '34de2877ec540510', 0, 0, 0);

-- --------------------------------------------------------

--
-- Структура таблиці `phpbb_user_group`
--

CREATE TABLE `phpbb_user_group` (
  `group_id` mediumint(8) UNSIGNED NOT NULL DEFAULT '0',
  `user_id` int(10) UNSIGNED NOT NULL DEFAULT '0',
  `group_leader` tinyint(1) UNSIGNED NOT NULL DEFAULT '0',
  `user_pending` tinyint(1) UNSIGNED NOT NULL DEFAULT '1'
) ENGINE=InnoDB DEFAULT CHARSET=utf8 COLLATE=utf8_bin;

--
-- Дамп даних таблиці `phpbb_user_group`
--

INSERT INTO `phpbb_user_group` (`group_id`, `user_id`, `group_leader`, `user_pending`) VALUES
(1, 1, 0, 0),
(2, 2, 0, 0),
(4, 2, 0, 0),
(5, 2, 1, 0),
(6, 3, 0, 0),
(6, 4, 0, 0),
(6, 5, 0, 0),
(6, 6, 0, 0),
(6, 7, 0, 0),
(6, 8, 0, 0),
(6, 9, 0, 0),
(6, 10, 0, 0),
(6, 11, 0, 0),
(6, 12, 0, 0),
(6, 13, 0, 0),
(6, 14, 0, 0),
(6, 15, 0, 0),
(6, 16, 0, 0),
(6, 17, 0, 0),
(6, 18, 0, 0),
(6, 19, 0, 0),
(6, 20, 0, 0),
(6, 21, 0, 0),
(6, 22, 0, 0),
(6, 23, 0, 0),
(6, 24, 0, 0),
(6, 25, 0, 0),
(6, 26, 0, 0),
(6, 27, 0, 0),
(6, 28, 0, 0),
(6, 29, 0, 0),
(6, 30, 0, 0),
(6, 31, 0, 0),
(6, 32, 0, 0),
(6, 33, 0, 0),
(6, 34, 0, 0),
(6, 35, 0, 0),
(6, 36, 0, 0),
(6, 37, 0, 0),
(6, 38, 0, 0),
(6, 39, 0, 0),
(6, 40, 0, 0),
(6, 41, 0, 0),
(6, 42, 0, 0),
(6, 43, 0, 0),
(6, 44, 0, 0),
(6, 45, 0, 0),
(6, 46, 0, 0),
(6, 47, 0, 0);

-- --------------------------------------------------------

--
-- Структура таблиці `phpbb_user_notifications`
--

CREATE TABLE `phpbb_user_notifications` (
  `item_type` varchar(165) COLLATE utf8_bin NOT NULL DEFAULT '',
  `item_id` int(10) UNSIGNED NOT NULL DEFAULT '0',
  `user_id` int(10) UNSIGNED NOT NULL DEFAULT '0',
  `method` varchar(165) COLLATE utf8_bin NOT NULL DEFAULT '',
  `notify` tinyint(1) UNSIGNED NOT NULL DEFAULT '1'
) ENGINE=InnoDB DEFAULT CHARSET=utf8 COLLATE=utf8_bin;

--
-- Дамп даних таблиці `phpbb_user_notifications`
--

INSERT INTO `phpbb_user_notifications` (`item_type`, `item_id`, `user_id`, `method`, `notify`) VALUES
('notification.type.post', 0, 2, 'notification.method.board', 1),
('notification.type.post', 0, 2, 'notification.method.email', 1),
('notification.type.post', 0, 3, 'notification.method.email', 1),
('notification.type.post', 0, 4, 'notification.method.email', 1),
('notification.type.post', 0, 5, 'notification.method.email', 1),
('notification.type.post', 0, 6, 'notification.method.email', 1),
('notification.type.post', 0, 7, 'notification.method.email', 1),
('notification.type.post', 0, 8, 'notification.method.email', 1),
('notification.type.post', 0, 9, 'notification.method.email', 1),
('notification.type.post', 0, 10, 'notification.method.email', 1),
('notification.type.post', 0, 11, 'notification.method.email', 1),
('notification.type.post', 0, 12, 'notification.method.email', 1),
('notification.type.post', 0, 13, 'notification.method.email', 1),
('notification.type.post', 0, 14, 'notification.method.email', 1),
('notification.type.post', 0, 15, 'notification.method.email', 1),
('notification.type.post', 0, 16, 'notification.method.email', 1),
('notification.type.post', 0, 17, 'notification.method.email', 1),
('notification.type.post', 0, 18, 'notification.method.email', 1),
('notification.type.post', 0, 19, 'notification.method.email', 1),
('notification.type.post', 0, 20, 'notification.method.email', 1),
('notification.type.post', 0, 21, 'notification.method.email', 1),
('notification.type.post', 0, 22, 'notification.method.email', 1),
('notification.type.post', 0, 23, 'notification.method.email', 1),
('notification.type.post', 0, 24, 'notification.method.email', 1),
('notification.type.post', 0, 25, 'notification.method.email', 1),
('notification.type.post', 0, 26, 'notification.method.email', 1),
('notification.type.post', 0, 27, 'notification.method.email', 1),
('notification.type.post', 0, 28, 'notification.method.email', 1),
('notification.type.post', 0, 29, 'notification.method.email', 1),
('notification.type.post', 0, 30, 'notification.method.email', 1),
('notification.type.post', 0, 31, 'notification.method.email', 1),
('notification.type.post', 0, 32, 'notification.method.email', 1),
('notification.type.post', 0, 33, 'notification.method.email', 1),
('notification.type.post', 0, 34, 'notification.method.email', 1),
('notification.type.post', 0, 35, 'notification.method.email', 1),
('notification.type.post', 0, 36, 'notification.method.email', 1),
('notification.type.post', 0, 37, 'notification.method.email', 1),
('notification.type.post', 0, 38, 'notification.method.email', 1),
('notification.type.post', 0, 39, 'notification.method.email', 1),
('notification.type.post', 0, 40, 'notification.method.email', 1),
('notification.type.post', 0, 41, 'notification.method.email', 1),
('notification.type.post', 0, 42, 'notification.method.email', 1),
('notification.type.post', 0, 43, 'notification.method.email', 1),
('notification.type.post', 0, 44, 'notification.method.email', 1),
('notification.type.post', 0, 45, 'notification.method.email', 1),
('notification.type.post', 0, 46, 'notification.method.email', 1),
('notification.type.post', 0, 47, 'notification.method.email', 1),
('notification.type.topic', 0, 2, 'notification.method.board', 1),
('notification.type.topic', 0, 2, 'notification.method.email', 1),
('notification.type.topic', 0, 3, 'notification.method.email', 1),
('notification.type.topic', 0, 4, 'notification.method.email', 1),
('notification.type.topic', 0, 5, 'notification.method.email', 1),
('notification.type.topic', 0, 6, 'notification.method.email', 1),
('notification.type.topic', 0, 7, 'notification.method.email', 1),
('notification.type.topic', 0, 8, 'notification.method.email', 1),
('notification.type.topic', 0, 9, 'notification.method.email', 1),
('notification.type.topic', 0, 10, 'notification.method.email', 1),
('notification.type.topic', 0, 11, 'notification.method.email', 1),
('notification.type.topic', 0, 12, 'notification.method.email', 1),
('notification.type.topic', 0, 13, 'notification.method.email', 1),
('notification.type.topic', 0, 14, 'notification.method.email', 1),
('notification.type.topic', 0, 15, 'notification.method.email', 1),
('notification.type.topic', 0, 16, 'notification.method.email', 1),
('notification.type.topic', 0, 17, 'notification.method.email', 1),
('notification.type.topic', 0, 18, 'notification.method.email', 1),
('notification.type.topic', 0, 19, 'notification.method.email', 1),
('notification.type.topic', 0, 20, 'notification.method.email', 1),
('notification.type.topic', 0, 21, 'notification.method.email', 1),
('notification.type.topic', 0, 22, 'notification.method.email', 1),
('notification.type.topic', 0, 23, 'notification.method.email', 1),
('notification.type.topic', 0, 24, 'notification.method.email', 1),
('notification.type.topic', 0, 25, 'notification.method.email', 1),
('notification.type.topic', 0, 26, 'notification.method.email', 1),
('notification.type.topic', 0, 27, 'notification.method.email', 1),
('notification.type.topic', 0, 28, 'notification.method.email', 1),
('notification.type.topic', 0, 29, 'notification.method.email', 1),
('notification.type.topic', 0, 30, 'notification.method.email', 1),
('notification.type.topic', 0, 31, 'notification.method.email', 1),
('notification.type.topic', 0, 32, 'notification.method.email', 1),
('notification.type.topic', 0, 33, 'notification.method.email', 1),
('notification.type.topic', 0, 34, 'notification.method.email', 1),
('notification.type.topic', 0, 35, 'notification.method.email', 1),
('notification.type.topic', 0, 36, 'notification.method.email', 1),
('notification.type.topic', 0, 37, 'notification.method.email', 1),
('notification.type.topic', 0, 38, 'notification.method.email', 1),
('notification.type.topic', 0, 39, 'notification.method.email', 1),
('notification.type.topic', 0, 40, 'notification.method.email', 1),
('notification.type.topic', 0, 41, 'notification.method.email', 1),
('notification.type.topic', 0, 42, 'notification.method.email', 1),
('notification.type.topic', 0, 43, 'notification.method.email', 1),
('notification.type.topic', 0, 44, 'notification.method.email', 1),
('notification.type.topic', 0, 45, 'notification.method.email', 1),
('notification.type.topic', 0, 46, 'notification.method.email', 1),
('notification.type.topic', 0, 47, 'notification.method.email', 1);

-- --------------------------------------------------------

--
-- Структура таблиці `phpbb_warnings`
--

CREATE TABLE `phpbb_warnings` (
  `warning_id` mediumint(8) UNSIGNED NOT NULL,
  `user_id` int(10) UNSIGNED NOT NULL DEFAULT '0',
  `post_id` int(10) UNSIGNED NOT NULL DEFAULT '0',
  `log_id` int(10) UNSIGNED NOT NULL DEFAULT '0',
  `warning_time` int(11) UNSIGNED NOT NULL DEFAULT '0'
) ENGINE=InnoDB DEFAULT CHARSET=utf8 COLLATE=utf8_bin;

-- --------------------------------------------------------

--
-- Структура таблиці `phpbb_words`
--

CREATE TABLE `phpbb_words` (
  `word_id` int(10) UNSIGNED NOT NULL,
  `word` varchar(255) COLLATE utf8_bin NOT NULL DEFAULT '',
  `replacement` varchar(255) COLLATE utf8_bin NOT NULL DEFAULT ''
) ENGINE=InnoDB DEFAULT CHARSET=utf8 COLLATE=utf8_bin;

-- --------------------------------------------------------

--
-- Структура таблиці `phpbb_zebra`
--

CREATE TABLE `phpbb_zebra` (
  `user_id` int(10) UNSIGNED NOT NULL DEFAULT '0',
  `zebra_id` int(10) UNSIGNED NOT NULL DEFAULT '0',
  `friend` tinyint(1) UNSIGNED NOT NULL DEFAULT '0',
  `foe` tinyint(1) UNSIGNED NOT NULL DEFAULT '0'
) ENGINE=InnoDB DEFAULT CHARSET=utf8 COLLATE=utf8_bin;

-- --------------------------------------------------------

--
-- Структура таблиці `region`
--

CREATE TABLE `region` (
  `id` int(11) NOT NULL,
  `name` varchar(100) CHARACTER SET utf8 COLLATE utf8_unicode_ci NOT NULL
) ENGINE=InnoDB DEFAULT CHARSET=utf8 ROW_FORMAT=COMPACT;

--
-- Дамп даних таблиці `region`
--

INSERT INTO `region` (`id`, `name`) VALUES
(1, 'АР Крым'),
(2, 'Винницкая область'),
(3, 'Волынская область'),
(4, 'Днепропетровская область'),
(5, 'Донецкая область'),
(6, 'Житомирская область'),
(7, 'Закарпатская область'),
(8, 'Запорожская область'),
(9, 'Ивано-Франковская область'),
(10, 'Киевская область'),
(11, 'Кировоградская область'),
(12, 'Луганская область'),
(13, 'Львовская область'),
(14, 'Николаевская область'),
(15, 'Одесская область'),
(16, 'Полтавская область'),
(17, 'Ровенская область'),
(18, 'Сумская область'),
(19, 'Тернопольская область'),
(20, 'Харьковская область'),
(21, 'Херсонская область'),
(22, 'Хмельницкая область'),
(23, 'Черкасская область'),
(24, 'Черниговская область'),
(25, 'Черновицкая область');

-- --------------------------------------------------------

--
-- Структура таблиці `roles`
--

CREATE TABLE `roles` (
  `id` int(11) NOT NULL,
  `name` varchar(255) CHARACTER SET utf8 NOT NULL
) ENGINE=InnoDB DEFAULT CHARSET=utf8mb4 COMMENT='Ролі користувачів';

--
-- Дамп даних таблиці `roles`
--

INSERT INTO `roles` (`id`, `name`) VALUES
(1, 'Користувач'),
(2, 'Модератор'),
(3, 'Адміністратор');

-- --------------------------------------------------------

--
-- Структура таблиці `sessions`
--

CREATE TABLE `sessions` (
  `id_session` int(11) NOT NULL,
  `id_user` int(11) NOT NULL,
  `sid` varchar(50) NOT NULL,
  `time_start` datetime NOT NULL,
  `time_last` datetime NOT NULL
) ENGINE=InnoDB DEFAULT CHARSET=utf8;

--
-- Дамп даних таблиці `sessions`
--

INSERT INTO `sessions` (`id_session`, `id_user`, `sid`, `time_start`, `time_last`) VALUES
(0, 23, 'Ftdqc0riTS', '2018-06-07 12:36:54', '2018-06-07 13:08:51'),
(0, 23, 'lux45q4tpV', '2018-06-07 21:07:26', '2018-06-08 07:25:17'),
(0, 23, 'H5JyAnyaQn', '2018-06-09 02:49:12', '2018-06-09 02:49:32');

-- --------------------------------------------------------

--
-- Структура таблиці `templates`
--

CREATE TABLE `templates` (
  `id` int(11) NOT NULL,
  `name` varchar(255) CHARACTER SET utf8 NOT NULL
) ENGINE=InnoDB DEFAULT CHARSET=utf8mb4;

--
-- Дамп даних таблиці `templates`
--

INSERT INTO `templates` (`id`, `name`) VALUES
(1, 'Податкова декларація платника єдиного податку-фізичної особи-підприємця');

-- --------------------------------------------------------

--
-- Структура таблиці `templates_fields`
--

CREATE TABLE `templates_fields` (
  `id` int(11) NOT NULL,
  `id_templates` int(11) NOT NULL,
  `id_fields` int(11) NOT NULL,
  `group` int(10) NOT NULL,
  `sort` int(10) NOT NULL
) ENGINE=InnoDB DEFAULT CHARSET=utf8mb4;

--
-- Дамп даних таблиці `templates_fields`
--

INSERT INTO `templates_fields` (`id`, `id_templates`, `id_fields`, `group`, `sort`) VALUES
(1, 1, 1, 1, 1),
(2, 1, 2, 1, 2),
(3, 1, 5, 2, 1),
(4, 1, 4, 1, 4),
(5, 1, 3, 1, 3),
(6, 1, 6, 2, 2),
(8, 1, 7, 2, 3),
(9, 1, 8, 2, 4),
(10, 1, 9, 2, 5);

-- --------------------------------------------------------

--
-- Структура таблиці `upload`
--

CREATE TABLE `upload` (
  `id` int(11) NOT NULL,
  `file_name` varchar(255) CHARACTER SET utf8 NOT NULL,
  `id_user` int(11) NOT NULL
) ENGINE=InnoDB DEFAULT CHARSET=utf8mb4;

--
-- Дамп даних таблиці `upload`
--

INSERT INTO `upload` (`id`, `file_name`, `id_user`) VALUES
(1, 'soi_2012_1_4_5.pdf', 1),
(2, 'борковська.txt', 1),
(3, 'борковська.txt', 1),
(4, 'борковська.txt', 1),
(5, 'git.txt', 1),
(6, 'борковська.txt', 23),
(7, 'Завдання на роботу.docx', 23),
(8, 'Рецензія з попереднього захисту.doc', 23),
(9, 'бакалаврат_ZRAZOK (2) (15).doc', 23),
(10, 'Євдоченко.docx', 23),
(11, 'tablitsya-1_500x413.jpg', 23);

-- --------------------------------------------------------

--
-- Структура таблиці `users`
--

CREATE TABLE `users` (
  `id` int(11) NOT NULL,
  `login` varchar(30) NOT NULL,
  `fam` varchar(30) NOT NULL,
  `name` varchar(30) NOT NULL,
  `otch` varchar(30) NOT NULL,
  `kod` bigint(20) NOT NULL,
  `address` varchar(250) NOT NULL,
  `password` varchar(50) NOT NULL,
  `mail` varchar(50) NOT NULL,
  `hash` varchar(50) NOT NULL,
  `id_role` int(11) NOT NULL,
  `city` int(30) NOT NULL
) ENGINE=InnoDB DEFAULT CHARSET=utf8;

--
-- Дамп даних таблиці `users`
--

INSERT INTO `users` (`id`, `login`, `fam`, `name`, `otch`, `kod`, `address`, `password`, `mail`, `hash`, `id_role`, `city`) VALUES
(19, 'baxus', 'imya', 'Рожков', 'bat', 0, 'Раменская 32а', 'de10baf8a1c426e7531248a2c12f7358', 'obruchka@gmail.com', '16838ad78c01771e79c21dc448308b97', 1, 78),
(20, '111333', 'dsa', '', '', 0, '', '8ed358a7da3cc760364909d4aaf7321e', 'a@ww.ua', '16838ad78c01771e79c21dc448308b97', 1, 0),
(21, 'asdasdasd', '', 'dsa', '', 3333, '', '8ed358a7da3cc760364909d4aaf7321e', 'asd2@ww.ua', '16838ad78c01771e79c21dc448308b97', 1, 1),
(23, 'Valerii', 'Євдоченко', 'Валерій', 'Миколайович', 3040303696, '', 'd3dc9593542cbec50bda4ab6be88cc64', 'rodnyk@ukr.net', '16838ad78c01771e79c21dc448308b97', 3, 1),
(24, 'vvvvvvvv', 'Івасенко', 'Ернесто', 'Іванович', 5987451624, '', '8a774cf686985e26c297972b7f13da11', 'vvvvvv@1.ua', '16838ad78c01771e79c21dc448308b97', 1, 1),
(25, 'tttttttttt', 'Петренко', 'Микола', 'Іванович', 1651956465464, '', '58b7af37bd73c8fb4218147af1799426', 'ttttttt@ukr.net', '16838ad78c01771e79c21dc448308b97', 1, 1),
(26, 'ghjkirwf', 'zdgsdgdg', 'zxdgzdxfzgdzrf', 'zdfdzfh', 0, '', '2b0be6128561b3dfd5fb6a740dfde45d', 'rtygzdfh@mail.ua', '16838ad78c01771e79c21dc448308b97', 1, 1),
(27, 'user111', 'User_surname', 'User_name', 'User', 9876543211, '', '3ee87283fb443966d0442f62de331c95', 'user@ukr.net', '16838ad78c01771e79c21dc448308b97', 1, 1);

--
-- Індекси збережених таблиць
--

--
-- Індекси таблиці `blank`
--
ALTER TABLE `blank`
  ADD PRIMARY KEY (`id`);

--
-- Індекси таблиці `faq`
--
ALTER TABLE `faq`
  ADD PRIMARY KEY (`id`);

--
-- Індекси таблиці `fields`
--
ALTER TABLE `fields`
  ADD PRIMARY KEY (`id`);

--
-- Індекси таблиці `group`
--
ALTER TABLE `group`
  ADD PRIMARY KEY (`id`);

--
-- Індекси таблиці `news`
--
ALTER TABLE `news`
  ADD PRIMARY KEY (`id`);

--
-- Індекси таблиці `orders`
--
ALTER TABLE `orders`
  ADD PRIMARY KEY (`id`);

--
-- Індекси таблиці `phpbb_acl_groups`
--
ALTER TABLE `phpbb_acl_groups`
  ADD KEY `group_id` (`group_id`),
  ADD KEY `auth_opt_id` (`auth_option_id`),
  ADD KEY `auth_role_id` (`auth_role_id`);

--
-- Індекси таблиці `phpbb_acl_options`
--
ALTER TABLE `phpbb_acl_options`
  ADD PRIMARY KEY (`auth_option_id`),
  ADD UNIQUE KEY `auth_option` (`auth_option`);

--
-- Індекси таблиці `phpbb_acl_roles`
--
ALTER TABLE `phpbb_acl_roles`
  ADD PRIMARY KEY (`role_id`),
  ADD KEY `role_type` (`role_type`),
  ADD KEY `role_order` (`role_order`);

--
-- Індекси таблиці `phpbb_acl_roles_data`
--
ALTER TABLE `phpbb_acl_roles_data`
  ADD PRIMARY KEY (`role_id`,`auth_option_id`),
  ADD KEY `ath_op_id` (`auth_option_id`);

--
-- Індекси таблиці `phpbb_acl_users`
--
ALTER TABLE `phpbb_acl_users`
  ADD KEY `user_id` (`user_id`),
  ADD KEY `auth_option_id` (`auth_option_id`),
  ADD KEY `auth_role_id` (`auth_role_id`);

--
-- Індекси таблиці `phpbb_attachments`
--
ALTER TABLE `phpbb_attachments`
  ADD PRIMARY KEY (`attach_id`),
  ADD KEY `filetime` (`filetime`),
  ADD KEY `post_msg_id` (`post_msg_id`),
  ADD KEY `topic_id` (`topic_id`),
  ADD KEY `poster_id` (`poster_id`),
  ADD KEY `is_orphan` (`is_orphan`);

--
-- Індекси таблиці `phpbb_banlist`
--
ALTER TABLE `phpbb_banlist`
  ADD PRIMARY KEY (`ban_id`),
  ADD KEY `ban_end` (`ban_end`),
  ADD KEY `ban_user` (`ban_userid`,`ban_exclude`),
  ADD KEY `ban_email` (`ban_email`,`ban_exclude`),
  ADD KEY `ban_ip` (`ban_ip`,`ban_exclude`);

--
-- Індекси таблиці `phpbb_bbcodes`
--
ALTER TABLE `phpbb_bbcodes`
  ADD PRIMARY KEY (`bbcode_id`),
  ADD KEY `display_on_post` (`display_on_posting`);

--
-- Індекси таблиці `phpbb_bookmarks`
--
ALTER TABLE `phpbb_bookmarks`
  ADD PRIMARY KEY (`topic_id`,`user_id`);

--
-- Індекси таблиці `phpbb_bots`
--
ALTER TABLE `phpbb_bots`
  ADD PRIMARY KEY (`bot_id`),
  ADD KEY `bot_active` (`bot_active`);

--
-- Індекси таблиці `phpbb_config`
--
ALTER TABLE `phpbb_config`
  ADD PRIMARY KEY (`config_name`),
  ADD KEY `is_dynamic` (`is_dynamic`);

--
-- Індекси таблиці `phpbb_config_text`
--
ALTER TABLE `phpbb_config_text`
  ADD PRIMARY KEY (`config_name`);

--
-- Індекси таблиці `phpbb_confirm`
--
ALTER TABLE `phpbb_confirm`
  ADD PRIMARY KEY (`session_id`,`confirm_id`),
  ADD KEY `confirm_type` (`confirm_type`);

--
-- Індекси таблиці `phpbb_disallow`
--
ALTER TABLE `phpbb_disallow`
  ADD PRIMARY KEY (`disallow_id`);

--
-- Індекси таблиці `phpbb_drafts`
--
ALTER TABLE `phpbb_drafts`
  ADD PRIMARY KEY (`draft_id`),
  ADD KEY `save_time` (`save_time`);

--
-- Індекси таблиці `phpbb_ext`
--
ALTER TABLE `phpbb_ext`
  ADD UNIQUE KEY `ext_name` (`ext_name`);

--
-- Індекси таблиці `phpbb_extensions`
--
ALTER TABLE `phpbb_extensions`
  ADD PRIMARY KEY (`extension_id`);

--
-- Індекси таблиці `phpbb_extension_groups`
--
ALTER TABLE `phpbb_extension_groups`
  ADD PRIMARY KEY (`group_id`);

--
-- Індекси таблиці `phpbb_forums`
--
ALTER TABLE `phpbb_forums`
  ADD PRIMARY KEY (`forum_id`),
  ADD KEY `left_right_id` (`left_id`,`right_id`),
  ADD KEY `forum_lastpost_id` (`forum_last_post_id`);

--
-- Індекси таблиці `phpbb_forums_access`
--
ALTER TABLE `phpbb_forums_access`
  ADD PRIMARY KEY (`forum_id`,`user_id`,`session_id`);

--
-- Індекси таблиці `phpbb_forums_track`
--
ALTER TABLE `phpbb_forums_track`
  ADD PRIMARY KEY (`user_id`,`forum_id`);

--
-- Індекси таблиці `phpbb_forums_watch`
--
ALTER TABLE `phpbb_forums_watch`
  ADD KEY `forum_id` (`forum_id`),
  ADD KEY `user_id` (`user_id`),
  ADD KEY `notify_stat` (`notify_status`);

--
-- Індекси таблиці `phpbb_groups`
--
ALTER TABLE `phpbb_groups`
  ADD PRIMARY KEY (`group_id`),
  ADD KEY `group_legend_name` (`group_legend`,`group_name`);

--
-- Індекси таблиці `phpbb_icons`
--
ALTER TABLE `phpbb_icons`
  ADD PRIMARY KEY (`icons_id`),
  ADD KEY `display_on_posting` (`display_on_posting`);

--
-- Індекси таблиці `phpbb_lang`
--
ALTER TABLE `phpbb_lang`
  ADD PRIMARY KEY (`lang_id`),
  ADD KEY `lang_iso` (`lang_iso`);

--
-- Індекси таблиці `phpbb_log`
--
ALTER TABLE `phpbb_log`
  ADD PRIMARY KEY (`log_id`),
  ADD KEY `log_type` (`log_type`),
  ADD KEY `forum_id` (`forum_id`),
  ADD KEY `topic_id` (`topic_id`),
  ADD KEY `reportee_id` (`reportee_id`),
  ADD KEY `user_id` (`user_id`),
  ADD KEY `log_time` (`log_time`);

--
-- Індекси таблиці `phpbb_login_attempts`
--
ALTER TABLE `phpbb_login_attempts`
  ADD KEY `att_ip` (`attempt_ip`,`attempt_time`),
  ADD KEY `att_for` (`attempt_forwarded_for`,`attempt_time`),
  ADD KEY `att_time` (`attempt_time`),
  ADD KEY `user_id` (`user_id`);

--
-- Індекси таблиці `phpbb_migrations`
--
ALTER TABLE `phpbb_migrations`
  ADD PRIMARY KEY (`migration_name`);

--
-- Індекси таблиці `phpbb_moderator_cache`
--
ALTER TABLE `phpbb_moderator_cache`
  ADD KEY `disp_idx` (`display_on_index`),
  ADD KEY `forum_id` (`forum_id`);

--
-- Індекси таблиці `phpbb_modules`
--
ALTER TABLE `phpbb_modules`
  ADD PRIMARY KEY (`module_id`),
  ADD KEY `left_right_id` (`left_id`,`right_id`),
  ADD KEY `module_enabled` (`module_enabled`),
  ADD KEY `class_left_id` (`module_class`,`left_id`);

--
-- Індекси таблиці `phpbb_notifications`
--
ALTER TABLE `phpbb_notifications`
  ADD PRIMARY KEY (`notification_id`),
  ADD KEY `item_ident` (`notification_type_id`,`item_id`),
  ADD KEY `user` (`user_id`,`notification_read`);

--
-- Індекси таблиці `phpbb_notification_types`
--
ALTER TABLE `phpbb_notification_types`
  ADD PRIMARY KEY (`notification_type_id`),
  ADD UNIQUE KEY `type` (`notification_type_name`);

--
-- Індекси таблиці `phpbb_oauth_accounts`
--
ALTER TABLE `phpbb_oauth_accounts`
  ADD PRIMARY KEY (`user_id`,`provider`);

--
-- Індекси таблиці `phpbb_oauth_states`
--
ALTER TABLE `phpbb_oauth_states`
  ADD KEY `user_id` (`user_id`),
  ADD KEY `provider` (`provider`);

--
-- Індекси таблиці `phpbb_oauth_tokens`
--
ALTER TABLE `phpbb_oauth_tokens`
  ADD KEY `user_id` (`user_id`),
  ADD KEY `provider` (`provider`);

--
-- Індекси таблиці `phpbb_poll_options`
--
ALTER TABLE `phpbb_poll_options`
  ADD KEY `poll_opt_id` (`poll_option_id`),
  ADD KEY `topic_id` (`topic_id`);

--
-- Індекси таблиці `phpbb_poll_votes`
--
ALTER TABLE `phpbb_poll_votes`
  ADD KEY `topic_id` (`topic_id`),
  ADD KEY `vote_user_id` (`vote_user_id`),
  ADD KEY `vote_user_ip` (`vote_user_ip`);

--
-- Індекси таблиці `phpbb_posts`
--
ALTER TABLE `phpbb_posts`
  ADD PRIMARY KEY (`post_id`),
  ADD KEY `forum_id` (`forum_id`),
  ADD KEY `topic_id` (`topic_id`),
  ADD KEY `poster_ip` (`poster_ip`),
  ADD KEY `poster_id` (`poster_id`),
  ADD KEY `tid_post_time` (`topic_id`,`post_time`),
  ADD KEY `post_username` (`post_username`),
  ADD KEY `post_visibility` (`post_visibility`);

--
-- Індекси таблиці `phpbb_privmsgs`
--
ALTER TABLE `phpbb_privmsgs`
  ADD PRIMARY KEY (`msg_id`),
  ADD KEY `author_ip` (`author_ip`),
  ADD KEY `message_time` (`message_time`),
  ADD KEY `author_id` (`author_id`),
  ADD KEY `root_level` (`root_level`);

--
-- Індекси таблиці `phpbb_privmsgs_folder`
--
ALTER TABLE `phpbb_privmsgs_folder`
  ADD PRIMARY KEY (`folder_id`),
  ADD KEY `user_id` (`user_id`);

--
-- Індекси таблиці `phpbb_privmsgs_rules`
--
ALTER TABLE `phpbb_privmsgs_rules`
  ADD PRIMARY KEY (`rule_id`),
  ADD KEY `user_id` (`user_id`);

--
-- Індекси таблиці `phpbb_privmsgs_to`
--
ALTER TABLE `phpbb_privmsgs_to`
  ADD KEY `msg_id` (`msg_id`),
  ADD KEY `author_id` (`author_id`),
  ADD KEY `usr_flder_id` (`user_id`,`folder_id`);

--
-- Індекси таблиці `phpbb_profile_fields`
--
ALTER TABLE `phpbb_profile_fields`
  ADD PRIMARY KEY (`field_id`),
  ADD KEY `fld_type` (`field_type`),
  ADD KEY `fld_ordr` (`field_order`);

--
-- Індекси таблиці `phpbb_profile_fields_data`
--
ALTER TABLE `phpbb_profile_fields_data`
  ADD PRIMARY KEY (`user_id`);

--
-- Індекси таблиці `phpbb_profile_fields_lang`
--
ALTER TABLE `phpbb_profile_fields_lang`
  ADD PRIMARY KEY (`field_id`,`lang_id`,`option_id`);

--
-- Індекси таблиці `phpbb_profile_lang`
--
ALTER TABLE `phpbb_profile_lang`
  ADD PRIMARY KEY (`field_id`,`lang_id`);

--
-- Індекси таблиці `phpbb_ranks`
--
ALTER TABLE `phpbb_ranks`
  ADD PRIMARY KEY (`rank_id`);

--
-- Індекси таблиці `phpbb_reports`
--
ALTER TABLE `phpbb_reports`
  ADD PRIMARY KEY (`report_id`),
  ADD KEY `post_id` (`post_id`),
  ADD KEY `pm_id` (`pm_id`);

--
-- Індекси таблиці `phpbb_reports_reasons`
--
ALTER TABLE `phpbb_reports_reasons`
  ADD PRIMARY KEY (`reason_id`);

--
-- Індекси таблиці `phpbb_search_results`
--
ALTER TABLE `phpbb_search_results`
  ADD PRIMARY KEY (`search_key`);

--
-- Індекси таблиці `phpbb_search_wordlist`
--
ALTER TABLE `phpbb_search_wordlist`
  ADD PRIMARY KEY (`word_id`),
  ADD UNIQUE KEY `wrd_txt` (`word_text`),
  ADD KEY `wrd_cnt` (`word_count`);

--
-- Індекси таблиці `phpbb_search_wordmatch`
--
ALTER TABLE `phpbb_search_wordmatch`
  ADD UNIQUE KEY `un_mtch` (`word_id`,`post_id`,`title_match`),
  ADD KEY `word_id` (`word_id`),
  ADD KEY `post_id` (`post_id`);

--
-- Індекси таблиці `phpbb_sessions`
--
ALTER TABLE `phpbb_sessions`
  ADD PRIMARY KEY (`session_id`),
  ADD KEY `session_time` (`session_time`),
  ADD KEY `session_user_id` (`session_user_id`),
  ADD KEY `session_fid` (`session_forum_id`);

--
-- Індекси таблиці `phpbb_sessions_keys`
--
ALTER TABLE `phpbb_sessions_keys`
  ADD PRIMARY KEY (`key_id`,`user_id`),
  ADD KEY `last_login` (`last_login`);

--
-- Індекси таблиці `phpbb_sitelist`
--
ALTER TABLE `phpbb_sitelist`
  ADD PRIMARY KEY (`site_id`);

--
-- Індекси таблиці `phpbb_smilies`
--
ALTER TABLE `phpbb_smilies`
  ADD PRIMARY KEY (`smiley_id`),
  ADD KEY `display_on_post` (`display_on_posting`);

--
-- Індекси таблиці `phpbb_styles`
--
ALTER TABLE `phpbb_styles`
  ADD PRIMARY KEY (`style_id`),
  ADD UNIQUE KEY `style_name` (`style_name`);

--
-- Індекси таблиці `phpbb_teampage`
--
ALTER TABLE `phpbb_teampage`
  ADD PRIMARY KEY (`teampage_id`);

--
-- Індекси таблиці `phpbb_topics`
--
ALTER TABLE `phpbb_topics`
  ADD PRIMARY KEY (`topic_id`),
  ADD KEY `forum_id` (`forum_id`),
  ADD KEY `forum_id_type` (`forum_id`,`topic_type`),
  ADD KEY `last_post_time` (`topic_last_post_time`),
  ADD KEY `fid_time_moved` (`forum_id`,`topic_last_post_time`,`topic_moved_id`),
  ADD KEY `topic_visibility` (`topic_visibility`),
  ADD KEY `forum_vis_last` (`forum_id`,`topic_visibility`,`topic_last_post_id`),
  ADD KEY `latest_topics` (`forum_id`,`topic_last_post_time`,`topic_last_post_id`,`topic_moved_id`);

--
-- Індекси таблиці `phpbb_topics_posted`
--
ALTER TABLE `phpbb_topics_posted`
  ADD PRIMARY KEY (`user_id`,`topic_id`);

--
-- Індекси таблиці `phpbb_topics_track`
--
ALTER TABLE `phpbb_topics_track`
  ADD PRIMARY KEY (`user_id`,`topic_id`),
  ADD KEY `forum_id` (`forum_id`),
  ADD KEY `topic_id` (`topic_id`);

--
-- Індекси таблиці `phpbb_topics_watch`
--
ALTER TABLE `phpbb_topics_watch`
  ADD KEY `topic_id` (`topic_id`),
  ADD KEY `user_id` (`user_id`),
  ADD KEY `notify_stat` (`notify_status`);

--
-- Індекси таблиці `phpbb_users`
--
ALTER TABLE `phpbb_users`
  ADD PRIMARY KEY (`user_id`),
  ADD UNIQUE KEY `username_clean` (`username_clean`),
  ADD KEY `user_birthday` (`user_birthday`),
  ADD KEY `user_email_hash` (`user_email_hash`),
  ADD KEY `user_type` (`user_type`);

--
-- Індекси таблиці `phpbb_user_group`
--
ALTER TABLE `phpbb_user_group`
  ADD KEY `group_id` (`group_id`),
  ADD KEY `user_id` (`user_id`),
  ADD KEY `group_leader` (`group_leader`);

--
-- Індекси таблиці `phpbb_user_notifications`
--
ALTER TABLE `phpbb_user_notifications`
  ADD UNIQUE KEY `itm_usr_mthd` (`item_type`,`item_id`,`user_id`,`method`),
  ADD KEY `user_id` (`user_id`),
  ADD KEY `uid_itm_id` (`user_id`,`item_id`),
  ADD KEY `usr_itm_tpe` (`user_id`,`item_type`,`item_id`);

--
-- Індекси таблиці `phpbb_warnings`
--
ALTER TABLE `phpbb_warnings`
  ADD PRIMARY KEY (`warning_id`);

--
-- Індекси таблиці `phpbb_words`
--
ALTER TABLE `phpbb_words`
  ADD PRIMARY KEY (`word_id`);

--
-- Індекси таблиці `phpbb_zebra`
--
ALTER TABLE `phpbb_zebra`
  ADD PRIMARY KEY (`user_id`,`zebra_id`);

--
-- Індекси таблиці `roles`
--
ALTER TABLE `roles`
  ADD PRIMARY KEY (`id`);

--
-- Індекси таблиці `sessions`
--
ALTER TABLE `sessions`
  ADD KEY `FK_sessions` (`id_user`);

--
-- Індекси таблиці `templates`
--
ALTER TABLE `templates`
  ADD PRIMARY KEY (`id`);

--
-- Індекси таблиці `templates_fields`
--
ALTER TABLE `templates_fields`
  ADD PRIMARY KEY (`id`);

--
-- Індекси таблиці `upload`
--
ALTER TABLE `upload`
  ADD PRIMARY KEY (`id`);

--
-- Індекси таблиці `users`
--
ALTER TABLE `users`
  ADD PRIMARY KEY (`id`),
  ADD UNIQUE KEY `login` (`login`,`mail`),
  ADD KEY `city` (`city`),
  ADD KEY `FK_users_roles_id` (`id_role`);

--
-- AUTO_INCREMENT для збережених таблиць
--

--
-- AUTO_INCREMENT для таблиці `blank`
--
ALTER TABLE `blank`
  MODIFY `id` int(11) NOT NULL AUTO_INCREMENT, AUTO_INCREMENT=10;

--
-- AUTO_INCREMENT для таблиці `faq`
--
ALTER TABLE `faq`
  MODIFY `id` int(11) NOT NULL AUTO_INCREMENT, AUTO_INCREMENT=5;

--
-- AUTO_INCREMENT для таблиці `fields`
--
ALTER TABLE `fields`
  MODIFY `id` int(11) NOT NULL AUTO_INCREMENT, AUTO_INCREMENT=10;

--
-- AUTO_INCREMENT для таблиці `group`
--
ALTER TABLE `group`
  MODIFY `id` int(11) NOT NULL AUTO_INCREMENT;

--
-- AUTO_INCREMENT для таблиці `news`
--
ALTER TABLE `news`
  MODIFY `id` int(11) NOT NULL AUTO_INCREMENT, AUTO_INCREMENT=5;

--
-- AUTO_INCREMENT для таблиці `orders`
--
ALTER TABLE `orders`
  MODIFY `id` int(11) NOT NULL AUTO_INCREMENT, AUTO_INCREMENT=3;

--
-- AUTO_INCREMENT для таблиці `phpbb_acl_options`
--
ALTER TABLE `phpbb_acl_options`
  MODIFY `auth_option_id` mediumint(8) UNSIGNED NOT NULL AUTO_INCREMENT, AUTO_INCREMENT=125;

--
-- AUTO_INCREMENT для таблиці `phpbb_acl_roles`
--
ALTER TABLE `phpbb_acl_roles`
  MODIFY `role_id` mediumint(8) UNSIGNED NOT NULL AUTO_INCREMENT, AUTO_INCREMENT=25;

--
-- AUTO_INCREMENT для таблиці `phpbb_attachments`
--
ALTER TABLE `phpbb_attachments`
  MODIFY `attach_id` int(10) UNSIGNED NOT NULL AUTO_INCREMENT;

--
-- AUTO_INCREMENT для таблиці `phpbb_banlist`
--
ALTER TABLE `phpbb_banlist`
  MODIFY `ban_id` int(10) UNSIGNED NOT NULL AUTO_INCREMENT;

--
-- AUTO_INCREMENT для таблиці `phpbb_bots`
--
ALTER TABLE `phpbb_bots`
  MODIFY `bot_id` int(10) UNSIGNED NOT NULL AUTO_INCREMENT, AUTO_INCREMENT=46;

--
-- AUTO_INCREMENT для таблиці `phpbb_disallow`
--
ALTER TABLE `phpbb_disallow`
  MODIFY `disallow_id` mediumint(8) UNSIGNED NOT NULL AUTO_INCREMENT;

--
-- AUTO_INCREMENT для таблиці `phpbb_drafts`
--
ALTER TABLE `phpbb_drafts`
  MODIFY `draft_id` int(10) UNSIGNED NOT NULL AUTO_INCREMENT;

--
-- AUTO_INCREMENT для таблиці `phpbb_extensions`
--
ALTER TABLE `phpbb_extensions`
  MODIFY `extension_id` mediumint(8) UNSIGNED NOT NULL AUTO_INCREMENT, AUTO_INCREMENT=56;

--
-- AUTO_INCREMENT для таблиці `phpbb_extension_groups`
--
ALTER TABLE `phpbb_extension_groups`
  MODIFY `group_id` mediumint(8) UNSIGNED NOT NULL AUTO_INCREMENT, AUTO_INCREMENT=7;

--
-- AUTO_INCREMENT для таблиці `phpbb_forums`
--
ALTER TABLE `phpbb_forums`
  MODIFY `forum_id` mediumint(8) UNSIGNED NOT NULL AUTO_INCREMENT, AUTO_INCREMENT=3;

--
-- AUTO_INCREMENT для таблиці `phpbb_groups`
--
ALTER TABLE `phpbb_groups`
  MODIFY `group_id` mediumint(8) UNSIGNED NOT NULL AUTO_INCREMENT, AUTO_INCREMENT=8;

--
-- AUTO_INCREMENT для таблиці `phpbb_icons`
--
ALTER TABLE `phpbb_icons`
  MODIFY `icons_id` mediumint(8) UNSIGNED NOT NULL AUTO_INCREMENT, AUTO_INCREMENT=11;

--
-- AUTO_INCREMENT для таблиці `phpbb_lang`
--
ALTER TABLE `phpbb_lang`
  MODIFY `lang_id` tinyint(4) NOT NULL AUTO_INCREMENT, AUTO_INCREMENT=2;

--
-- AUTO_INCREMENT для таблиці `phpbb_log`
--
ALTER TABLE `phpbb_log`
  MODIFY `log_id` int(10) UNSIGNED NOT NULL AUTO_INCREMENT, AUTO_INCREMENT=4;

--
-- AUTO_INCREMENT для таблиці `phpbb_modules`
--
ALTER TABLE `phpbb_modules`
  MODIFY `module_id` mediumint(8) UNSIGNED NOT NULL AUTO_INCREMENT, AUTO_INCREMENT=208;

--
-- AUTO_INCREMENT для таблиці `phpbb_notifications`
--
ALTER TABLE `phpbb_notifications`
  MODIFY `notification_id` int(10) UNSIGNED NOT NULL AUTO_INCREMENT;

--
-- AUTO_INCREMENT для таблиці `phpbb_notification_types`
--
ALTER TABLE `phpbb_notification_types`
  MODIFY `notification_type_id` smallint(4) UNSIGNED NOT NULL AUTO_INCREMENT;

--
-- AUTO_INCREMENT для таблиці `phpbb_posts`
--
ALTER TABLE `phpbb_posts`
  MODIFY `post_id` int(10) UNSIGNED NOT NULL AUTO_INCREMENT, AUTO_INCREMENT=2;

--
-- AUTO_INCREMENT для таблиці `phpbb_privmsgs`
--
ALTER TABLE `phpbb_privmsgs`
  MODIFY `msg_id` int(10) UNSIGNED NOT NULL AUTO_INCREMENT;

--
-- AUTO_INCREMENT для таблиці `phpbb_privmsgs_folder`
--
ALTER TABLE `phpbb_privmsgs_folder`
  MODIFY `folder_id` mediumint(8) UNSIGNED NOT NULL AUTO_INCREMENT;

--
-- AUTO_INCREMENT для таблиці `phpbb_privmsgs_rules`
--
ALTER TABLE `phpbb_privmsgs_rules`
  MODIFY `rule_id` mediumint(8) UNSIGNED NOT NULL AUTO_INCREMENT;

--
-- AUTO_INCREMENT для таблиці `phpbb_profile_fields`
--
ALTER TABLE `phpbb_profile_fields`
  MODIFY `field_id` mediumint(8) UNSIGNED NOT NULL AUTO_INCREMENT, AUTO_INCREMENT=13;

--
-- AUTO_INCREMENT для таблиці `phpbb_ranks`
--
ALTER TABLE `phpbb_ranks`
  MODIFY `rank_id` mediumint(8) UNSIGNED NOT NULL AUTO_INCREMENT, AUTO_INCREMENT=2;

--
-- AUTO_INCREMENT для таблиці `phpbb_reports`
--
ALTER TABLE `phpbb_reports`
  MODIFY `report_id` int(10) UNSIGNED NOT NULL AUTO_INCREMENT;

--
-- AUTO_INCREMENT для таблиці `phpbb_reports_reasons`
--
ALTER TABLE `phpbb_reports_reasons`
  MODIFY `reason_id` smallint(4) UNSIGNED NOT NULL AUTO_INCREMENT, AUTO_INCREMENT=5;

--
-- AUTO_INCREMENT для таблиці `phpbb_search_wordlist`
--
ALTER TABLE `phpbb_search_wordlist`
  MODIFY `word_id` int(10) UNSIGNED NOT NULL AUTO_INCREMENT, AUTO_INCREMENT=69;

--
-- AUTO_INCREMENT для таблиці `phpbb_sitelist`
--
ALTER TABLE `phpbb_sitelist`
  MODIFY `site_id` mediumint(8) UNSIGNED NOT NULL AUTO_INCREMENT;

--
-- AUTO_INCREMENT для таблиці `phpbb_smilies`
--
ALTER TABLE `phpbb_smilies`
  MODIFY `smiley_id` mediumint(8) UNSIGNED NOT NULL AUTO_INCREMENT, AUTO_INCREMENT=43;

--
-- AUTO_INCREMENT для таблиці `phpbb_styles`
--
ALTER TABLE `phpbb_styles`
  MODIFY `style_id` mediumint(8) UNSIGNED NOT NULL AUTO_INCREMENT, AUTO_INCREMENT=2;

--
-- AUTO_INCREMENT для таблиці `phpbb_teampage`
--
ALTER TABLE `phpbb_teampage`
  MODIFY `teampage_id` mediumint(8) UNSIGNED NOT NULL AUTO_INCREMENT, AUTO_INCREMENT=3;

--
-- AUTO_INCREMENT для таблиці `phpbb_topics`
--
ALTER TABLE `phpbb_topics`
  MODIFY `topic_id` int(10) UNSIGNED NOT NULL AUTO_INCREMENT, AUTO_INCREMENT=2;

--
-- AUTO_INCREMENT для таблиці `phpbb_users`
--
ALTER TABLE `phpbb_users`
  MODIFY `user_id` int(10) UNSIGNED NOT NULL AUTO_INCREMENT, AUTO_INCREMENT=48;

--
-- AUTO_INCREMENT для таблиці `phpbb_warnings`
--
ALTER TABLE `phpbb_warnings`
  MODIFY `warning_id` mediumint(8) UNSIGNED NOT NULL AUTO_INCREMENT;

--
-- AUTO_INCREMENT для таблиці `phpbb_words`
--
ALTER TABLE `phpbb_words`
  MODIFY `word_id` int(10) UNSIGNED NOT NULL AUTO_INCREMENT;

--
-- AUTO_INCREMENT для таблиці `roles`
--
ALTER TABLE `roles`
  MODIFY `id` int(11) NOT NULL AUTO_INCREMENT, AUTO_INCREMENT=4;

--
-- AUTO_INCREMENT для таблиці `templates_fields`
--
ALTER TABLE `templates_fields`
  MODIFY `id` int(11) NOT NULL AUTO_INCREMENT, AUTO_INCREMENT=11;

--
-- AUTO_INCREMENT для таблиці `upload`
--
ALTER TABLE `upload`
  MODIFY `id` int(11) NOT NULL AUTO_INCREMENT, AUTO_INCREMENT=12;

--
-- AUTO_INCREMENT для таблиці `users`
--
ALTER TABLE `users`
  MODIFY `id` int(11) NOT NULL AUTO_INCREMENT, AUTO_INCREMENT=28;

--
-- Обмеження зовнішнього ключа збережених таблиць
--

--
-- Обмеження зовнішнього ключа таблиці `sessions`
--
ALTER TABLE `sessions`
  ADD CONSTRAINT `FK_sessions` FOREIGN KEY (`id_user`) REFERENCES `users` (`id`) ON DELETE NO ACTION ON UPDATE NO ACTION;

--
-- Обмеження зовнішнього ключа таблиці `users`
--
ALTER TABLE `users`
  ADD CONSTRAINT `FK_users_roles_id` FOREIGN KEY (`id_role`) REFERENCES `roles` (`id`) ON DELETE NO ACTION ON UPDATE NO ACTION;
COMMIT;

/*!40101 SET CHARACTER_SET_CLIENT=@OLD_CHARACTER_SET_CLIENT */;
/*!40101 SET CHARACTER_SET_RESULTS=@OLD_CHARACTER_SET_RESULTS */;
/*!40101 SET COLLATION_CONNECTION=@OLD_COLLATION_CONNECTION */;
